{"type": "FeatureCollection", "features": [{"type": "Feature", "properties": {"ref": "40059A00209003", "nombre": "Camino (sin nombre en Catastro)", "nombre_catastro": "CAMINO", "tipo": "camino público", "clase": "camino", "municipio": "Cerezo de Abajo", "pueblo": "", "area_m2": 11329, "fuente": "Catastro · parcela de dominio público"}, "geometry": {"type": "Polygon", "coordinates": [[[-3.614386, 41.227378], [-3.614377, 41.227398], [-3.614366, 41.227423], [-3.614242, 41.227425], [-3.614118, 41.227467], [-3.613995, 41.227526], [-3.61388, 41.227585], [-3.613757, 41.227656], [-3.613664, 41.227662], [-3.613563, 41.227639], [-3.613462, 41.227564], [-3.613338, 41.227483], [-3.613229, 41.227396], [-3.613089, 41.227315], [-3.612872, 41.227234], [-3.612593, 41.227183], [-3.612361, 41.227179], [-3.612137, 41.22718], [-3.6118, 41.227171], [-3.61161, 41.227154], [-3.611438, 41.227142], [-3.611291, 41.227133], [-3.611172, 41.227125], [-3.611067, 41.227124], [-3.610959, 41.227132], [-3.610835, 41.227154], [-3.610701, 41.227188], [-3.610566, 41.227232], [-3.610438, 41.227285], [-3.610315, 41.227344], [-3.610195, 41.227408], [-3.610074, 41.227477], [-3.610066, 41.227482], [-3.609952, 41.227548], [-3.609828, 41.227622], [-3.609701, 41.227698], [-3.609576, 41.227769], [-3.609456, 41.227832], [-3.609345, 41.227882], [-3.609238, 41.22792], [-3.609133, 41.227947], [-3.609023, 41.227965], [-3.608902, 41.227977], [-3.608762, 41.227985], [-3.608598, 41.227993], [-3.608421, 41.228002], [-3.608243, 41.228017], [-3.608079, 41.228039], [-3.607933, 41.228068], [-3.60781, 41.228103], [-3.607708, 41.228144], [-3.607612, 41.228193], [-3.6075, 41.228255], [-3.60736, 41.228331], [-3.607197, 41.228415], [-3.607025, 41.228497], [-3.606854, 41.228568], [-3.606681, 41.228628], [-3.606499, 41.228679], [-3.606307, 41.228722], [-3.606116, 41.228763], [-3.605942, 41.228809], [-3.605797, 41.228866], [-3.605675, 41.228933], [-3.605563, 41.229009], [-3.605453, 41.229093], [-3.605343, 41.22918], [-3.605234, 41.229265], [-3.605148, 41.229325], [-3.605123, 41.229342], [-3.605004, 41.229411], [-3.604866, 41.229471], [-3.604705, 41.229519], [-3.604534, 41.229552], [-3.604372, 41.229566], [-3.604233, 41.229557], [-3.604109, 41.229527], [-3.603988, 41.22948], [-3.603858, 41.229418], [-3.603717, 41.22935], [-3.603564, 41.229285], [-3.603401, 41.229229], [-3.603246, 41.229189], [-3.603121, 41.229168], [-3.603044, 41.229169], [-3.603002, 41.229193], [-3.602977, 41.229239], [-3.602954, 41.229305], [-3.602925, 41.229387], [-3.602887, 41.229481], [-3.602833, 41.229585], [-3.602759, 41.229699], [-3.602656, 41.229826], [-3.602581, 41.229904], [-3.602523, 41.229964], [-3.60237, 41.230108], [-3.602212, 41.230246], [-3.602057, 41.230372], [-3.601889, 41.230484], [-3.601687, 41.23058], [-3.601433, 41.23066], [-3.601135, 41.230724], [-3.600805, 41.230775], [-3.60046, 41.230813], [-3.600227, 41.23083], [-3.60013, 41.230837], [-3.599847, 41.230849], [-3.599636, 41.230849], [-3.599489, 41.230852], [-3.599389, 41.230872], [-3.599319, 41.230922], [-3.59927, 41.230999], [-3.599234, 41.231096], [-3.599204, 41.231209], [-3.599178, 41.231348], [-3.599156, 41.231521], [-3.599136, 41.231733], [-3.599116, 41.231959], [-3.599094, 41.232167], [-3.599067, 41.232333], [-3.599033, 41.23246], [-3.599, 41.232533], [-3.598987, 41.232561], [-3.598925, 41.232643], [-3.598843, 41.232714], [-3.598734, 41.232775], [-3.598596, 41.23283], [-3.598436, 41.232873], [-3.598348, 41.232885], [-3.598265, 41.232896], [-3.598092, 41.232897], [-3.59792, 41.232882], [-3.597824, 41.232869], [-3.59775, 41.23286], [-3.597586, 41.232841], [-3.597565, 41.232839], [-3.597432, 41.23283], [-3.59729, 41.232835], [-3.597162, 41.23286], [-3.597043, 41.232901], [-3.596922, 41.232955], [-3.596795, 41.233016], [-3.596669, 41.233081], [-3.596557, 41.233146], [-3.596466, 41.233206], [-3.596441, 41.233221], [-3.596378, 41.233258], [-3.596272, 41.233298], [-3.59613, 41.233322], [-3.595957, 41.233333], [-3.595795, 41.233334], [-3.595765, 41.233334], [-3.595565, 41.233328], [-3.595369, 41.233312], [-3.595314, 41.233304], [-3.595191, 41.233286], [-3.595152, 41.233277], [-3.595039, 41.233248], [-3.594983, 41.233229], [-3.594906, 41.233202], [-3.594779, 41.233151], [-3.594647, 41.233101], [-3.594507, 41.233049], [-3.594357, 41.232995], [-3.594183, 41.232927], [-3.59392, 41.232798], [-3.593495, 41.23255], [-3.593446, 41.232536], [-3.593422, 41.232534], [-3.593405, 41.232489], [-3.593399, 41.232479], [-3.593352, 41.232403], [-3.59352, 41.232507], [-3.593532, 41.232515], [-3.593598, 41.232553], [-3.593953, 41.23276], [-3.594212, 41.232888], [-3.594323, 41.232931], [-3.594379, 41.232953], [-3.594385, 41.232955], [-3.594431, 41.232972], [-3.594534, 41.233009], [-3.594673, 41.23306], [-3.594804, 41.233111], [-3.59493, 41.23316], [-3.59506, 41.233206], [-3.595148, 41.233228], [-3.595163, 41.233228], [-3.595208, 41.233243], [-3.595313, 41.233258], [-3.595381, 41.233268], [-3.595571, 41.233283], [-3.595764, 41.233289], [-3.595947, 41.233288], [-3.596111, 41.233278], [-3.596164, 41.233269], [-3.596245, 41.233256], [-3.596337, 41.233222], [-3.596346, 41.233218], [-3.59643, 41.233168], [-3.59652, 41.23311], [-3.596632, 41.233045], [-3.596761, 41.232979], [-3.596893, 41.232916], [-3.597019, 41.23286], [-3.597144, 41.232816], [-3.597278, 41.23279], [-3.597427, 41.232785], [-3.597587, 41.232795], [-3.597614, 41.232798], [-3.597754, 41.232815], [-3.59787, 41.23283], [-3.597922, 41.232836], [-3.598091, 41.232852], [-3.598257, 41.232851], [-3.598326, 41.232842], [-3.59842, 41.232829], [-3.598571, 41.232789], [-3.5987, 41.232739], [-3.598801, 41.232682], [-3.598877, 41.232617], [-3.598934, 41.23254], [-3.598971, 41.232458], [-3.598977, 41.232445], [-3.59901, 41.232322], [-3.599035, 41.232159], [-3.599056, 41.231953], [-3.599076, 41.231728], [-3.599096, 41.231515], [-3.599119, 41.23134], [-3.599146, 41.231199], [-3.599179, 41.231079], [-3.599219, 41.230973], [-3.599274, 41.230887], [-3.599311, 41.230814], [-3.599317, 41.230803], [-3.599427, 41.230704], [-3.599476, 41.23064], [-3.599646, 41.230419], [-3.59964, 41.230476], [-3.599624, 41.230558], [-3.599573, 41.230668], [-3.599562, 41.230735], [-3.599576, 41.230775], [-3.599622, 41.230802], [-3.59984, 41.230803], [-3.600125, 41.230792], [-3.600226, 41.230785], [-3.600453, 41.230768], [-3.600794, 41.230731], [-3.601117, 41.230681], [-3.601213, 41.230661], [-3.601409, 41.230618], [-3.601441, 41.230608], [-3.601656, 41.23054], [-3.601854, 41.230447], [-3.602017, 41.230339], [-3.602169, 41.230215], [-3.602324, 41.230079], [-3.602474, 41.229938], [-3.602507, 41.229904], [-3.602605, 41.229802], [-3.602706, 41.229679], [-3.602779, 41.229567], [-3.602831, 41.229465], [-3.602869, 41.229371], [-3.602899, 41.229287], [-3.602926, 41.229216], [-3.602957, 41.229163], [-3.60301, 41.22913], [-3.6031, 41.229122], [-3.603239, 41.229142], [-3.603408, 41.229184], [-3.603583, 41.229242], [-3.603743, 41.229309], [-3.603885, 41.229378], [-3.604013, 41.229439], [-3.604129, 41.229485], [-3.604245, 41.229513], [-3.604375, 41.229521], [-3.604527, 41.229508], [-3.604688, 41.229476], [-3.604841, 41.22943], [-3.604972, 41.229373], [-3.605086, 41.229307], [-3.605147, 41.229264], [-3.605194, 41.229231], [-3.605302, 41.229147], [-3.605412, 41.22906], [-3.605524, 41.228975], [-3.605639, 41.228897], [-3.605765, 41.228827], [-3.605914, 41.228769], [-3.606091, 41.228722], [-3.606284, 41.22868], [-3.606477, 41.228637], [-3.606657, 41.228587], [-3.606716, 41.228567], [-3.606828, 41.228528], [-3.606851, 41.228518], [-3.606995, 41.228458], [-3.607003, 41.228454], [-3.607165, 41.228377], [-3.607326, 41.228294], [-3.607467, 41.228217], [-3.607482, 41.228209], [-3.607579, 41.228155], [-3.607678, 41.228104], [-3.607784, 41.228062], [-3.607912, 41.228026], [-3.608063, 41.227996], [-3.608232, 41.227973], [-3.608412, 41.227958], [-3.608591, 41.227948], [-3.608755, 41.22794], [-3.608893, 41.227932], [-3.609011, 41.227921], [-3.609116, 41.227904], [-3.609217, 41.227878], [-3.609319, 41.227842], [-3.609426, 41.227793], [-3.609543, 41.227732], [-3.609666, 41.227661], [-3.609792, 41.227586], [-3.609916, 41.227512], [-3.610039, 41.22744], [-3.610066, 41.227425], [-3.610161, 41.227371], [-3.610283, 41.227306], [-3.610409, 41.227245], [-3.610541, 41.227192], [-3.610681, 41.227146], [-3.610821, 41.22711], [-3.610951, 41.227087], [-3.611064, 41.227079], [-3.611173, 41.22708], [-3.611295, 41.227088], [-3.611443, 41.227097], [-3.611616, 41.227109], [-3.611808, 41.227126], [-3.612135, 41.227135], [-3.612362, 41.227134], [-3.612496, 41.227136], [-3.612601, 41.227138], [-3.612892, 41.227192], [-3.61312, 41.227276], [-3.613269, 41.227362], [-3.613379, 41.22745], [-3.613503, 41.227531], [-3.613595, 41.227599], [-3.61367, 41.227616], [-3.613734, 41.227612], [-3.613845, 41.227548], [-3.613963, 41.227488], [-3.61409, 41.227427], [-3.614229, 41.22738], [-3.614386, 41.227378]]]}}, {"type": "Feature", "properties": {"ref": "40059A00309007", "nombre": "Camino (sin nombre en Catastro)", "nombre_catastro": "CAMINO", "tipo": "camino público", "clase": "camino", "municipio": "Cerezo de Abajo", "pueblo": "", "area_m2": 5809, "fuente": "Catastro · parcela de dominio público"}, "geometry": {"type": "Polygon", "coordinates": [[[-3.582081, 41.230224], [-3.582225, 41.23005], [-3.582357, 41.229894], [-3.582396, 41.229848], [-3.582468, 41.229765], [-3.582567, 41.229648], [-3.582655, 41.229542], [-3.582731, 41.229445], [-3.582767, 41.229395], [-3.582793, 41.229358], [-3.582836, 41.22929], [-3.582843, 41.229278], [-3.582877, 41.229216], [-3.582885, 41.229201], [-3.582922, 41.229124], [-3.582941, 41.229078], [-3.582953, 41.229047], [-3.582978, 41.228972], [-3.582996, 41.228897], [-3.583011, 41.228823], [-3.583026, 41.228749], [-3.583042, 41.228675], [-3.583051, 41.228629], [-3.583056, 41.2286], [-3.583066, 41.228525], [-3.583067, 41.228471], [-3.583067, 41.228448], [-3.583066, 41.228369], [-3.583069, 41.228288], [-3.583072, 41.228263], [-3.58308, 41.228203], [-3.5831, 41.228115], [-3.58312, 41.228053], [-3.583131, 41.228022], [-3.583169, 41.227926], [-3.583213, 41.227831], [-3.583255, 41.227742], [-3.583292, 41.227662], [-3.583317, 41.227589], [-3.583327, 41.227514], [-3.583318, 41.227435], [-3.583294, 41.22735], [-3.583257, 41.227261], [-3.583242, 41.227229], [-3.583213, 41.227168], [-3.583161, 41.227068], [-3.5831, 41.226954], [-3.58306, 41.226878], [-3.583031, 41.226822], [-3.582958, 41.226681], [-3.582889, 41.226539], [-3.582827, 41.226403], [-3.58281, 41.226363], [-3.582778, 41.226291], [-3.58277, 41.226272], [-3.582715, 41.226144], [-3.58266, 41.226016], [-3.582609, 41.225889], [-3.582568, 41.225765], [-3.582547, 41.225672], [-3.582541, 41.225645], [-3.582523, 41.225536], [-3.58251, 41.225444], [-3.582495, 41.225371], [-3.58248, 41.225313], [-3.582465, 41.225262], [-3.582455, 41.225212], [-3.582453, 41.225158], [-3.582467, 41.225097], [-3.5825, 41.225028], [-3.582546, 41.224955], [-3.582597, 41.224886], [-3.582645, 41.224826], [-3.582693, 41.224773], [-3.582744, 41.224723], [-3.582795, 41.22468], [-3.582804, 41.224673], [-3.582875, 41.22462], [-3.582911, 41.224526], [-3.582924, 41.224481], [-3.582962, 41.22444], [-3.583058, 41.224338], [-3.583166, 41.22423], [-3.583263, 41.224167], [-3.583429, 41.224137], [-3.583535, 41.224152], [-3.58364, 41.224158], [-3.583668, 41.22412], [-3.583683, 41.224101], [-3.583714, 41.224038], [-3.583739, 41.223969], [-3.583763, 41.223897], [-3.583791, 41.223827], [-3.583828, 41.223763], [-3.583875, 41.223709], [-3.583929, 41.223664], [-3.583992, 41.223628], [-3.584073, 41.223596], [-3.584183, 41.223561], [-3.584332, 41.223517], [-3.584521, 41.223463], [-3.584752, 41.223399], [-3.585026, 41.223321], [-3.585343, 41.223221], [-3.585559, 41.223142], [-3.585701, 41.223089], [-3.586115, 41.222912], [-3.586648, 41.222678], [-3.587378, 41.222373], [-3.587407, 41.222387], [-3.587434, 41.222401], [-3.587406, 41.222412], [-3.586677, 41.222717], [-3.586181, 41.222935], [-3.586143, 41.222951], [-3.585728, 41.223129], [-3.585416, 41.223244], [-3.585367, 41.223262], [-3.585049, 41.223362], [-3.584774, 41.22344], [-3.584543, 41.223505], [-3.584355, 41.223559], [-3.584209, 41.223602], [-3.584103, 41.223635], [-3.584027, 41.223665], [-3.58397, 41.223697], [-3.583921, 41.223737], [-3.583879, 41.223787], [-3.583845, 41.223846], [-3.583819, 41.223914], [-3.583795, 41.223985], [-3.58377, 41.224056], [-3.583736, 41.224121], [-3.58369, 41.224182], [-3.583628, 41.224242], [-3.583546, 41.224301], [-3.583522, 41.224256], [-3.583481, 41.224183], [-3.58338, 41.224181], [-3.583266, 41.224212], [-3.58324, 41.224226], [-3.583181, 41.224276], [-3.583095, 41.224343], [-3.583041, 41.224411], [-3.582974, 41.224474], [-3.583008, 41.22454], [-3.583031, 41.224584], [-3.583001, 41.2246], [-3.582916, 41.224653], [-3.582847, 41.224703], [-3.582795, 41.224747], [-3.58279, 41.224752], [-3.582741, 41.2248], [-3.582695, 41.224851], [-3.582649, 41.224907], [-3.582601, 41.224973], [-3.582558, 41.225041], [-3.582526, 41.225105], [-3.582513, 41.225161], [-3.582514, 41.22521], [-3.582525, 41.225257], [-3.582539, 41.225306], [-3.582554, 41.225363], [-3.582561, 41.225399], [-3.582569, 41.225436], [-3.582577, 41.225493], [-3.582582, 41.225528], [-3.582599, 41.225637], [-3.582626, 41.225755], [-3.582667, 41.225878], [-3.582718, 41.226004], [-3.582773, 41.226131], [-3.582808, 41.226215], [-3.582827, 41.226258], [-3.582883, 41.226388], [-3.582945, 41.226524], [-3.583014, 41.226666], [-3.583059, 41.226752], [-3.583086, 41.226806], [-3.583155, 41.226937], [-3.583217, 41.227052], [-3.583269, 41.227154], [-3.583299, 41.227216], [-3.583315, 41.227249], [-3.583352, 41.227341], [-3.583378, 41.227431], [-3.58338, 41.227444], [-3.583388, 41.227516], [-3.583377, 41.227595], [-3.58335, 41.227672], [-3.583313, 41.227754], [-3.58327, 41.227844], [-3.583227, 41.227939], [-3.583189, 41.228033], [-3.583159, 41.228123], [-3.583151, 41.228158], [-3.583139, 41.228209], [-3.583128, 41.228291], [-3.583126, 41.228372], [-3.583127, 41.22845], [-3.583127, 41.228471], [-3.583125, 41.228528], [-3.583122, 41.228558], [-3.583116, 41.228605], [-3.583101, 41.228681], [-3.583085, 41.228756], [-3.583077, 41.228798], [-3.58307, 41.228831], [-3.58306, 41.22888], [-3.583055, 41.228906], [-3.583036, 41.228982], [-3.58301, 41.229059], [-3.582979, 41.229138], [-3.582941, 41.229216], [-3.582919, 41.229256], [-3.582898, 41.229296], [-3.582853, 41.229367], [-3.582846, 41.229378], [-3.582837, 41.229391], [-3.582784, 41.229466], [-3.582707, 41.229564], [-3.582618, 41.229672], [-3.582596, 41.229698], [-3.582518, 41.229789], [-3.582454, 41.229863], [-3.582407, 41.229919], [-3.582333, 41.230007], [-3.582275, 41.230074], [-3.582117, 41.230266], [-3.582081, 41.230224]]]}}, {"type": "Feature", "properties": {"ref": "40059A00309013", "nombre": "Camino (sin nombre en Catastro)", "nombre_catastro": "CAMINO", "tipo": "camino público", "clase": "camino", "municipio": "Cerezo de Abajo", "pueblo": "", "area_m2": 1606, "fuente": "Catastro · parcela de dominio público"}, "geometry": {"type": "Polygon", "coordinates": [[[-3.591028, 41.221848], [-3.591013, 41.221847], [-3.590963, 41.221808], [-3.590693, 41.22178], [-3.590379, 41.221741], [-3.590091, 41.221714], [-3.589804, 41.221702], [-3.589555, 41.221713], [-3.589295, 41.221736], [-3.589088, 41.221764], [-3.588799, 41.221843], [-3.588638, 41.221913], [-3.588478, 41.221995], [-3.588272, 41.222113], [-3.588156, 41.222188], [-3.588145, 41.222181], [-3.588119, 41.222167], [-3.588095, 41.222153], [-3.588346, 41.222008], [-3.588469, 41.221933], [-3.58865, 41.221855], [-3.58871, 41.221832], [-3.588963, 41.221747], [-3.588992, 41.221739], [-3.589186, 41.221701], [-3.589205, 41.221697], [-3.589422, 41.22167], [-3.589586, 41.22166], [-3.589837, 41.22165], [-3.590213, 41.221673], [-3.590607, 41.221719], [-3.5908, 41.221735], [-3.590991, 41.221727], [-3.591115, 41.221693], [-3.591115, 41.221786], [-3.591116, 41.221834], [-3.591116, 41.22188], [-3.591095, 41.221865], [-3.591076, 41.221858], [-3.591057, 41.221852], [-3.591028, 41.221848]]]}}, {"type": "Feature", "properties": {"ref": "40059A00409016", "nombre": "Camino (sin nombre en Catastro)", "nombre_catastro": "CAMINO", "tipo": "camino público", "clase": "camino", "municipio": "Cerezo de Abajo", "pueblo": "", "area_m2": 2080, "fuente": "Catastro · parcela de dominio público"}, "geometry": {"type": "Polygon", "coordinates": [[[-3.588272, 41.220932], [-3.588278, 41.220936], [-3.588141, 41.221021], [-3.588119, 41.221035], [-3.587946, 41.22114], [-3.587906, 41.221164], [-3.587809, 41.22122], [-3.587631, 41.221327], [-3.587639, 41.22134], [-3.587622, 41.221352], [-3.587562, 41.221392], [-3.587323, 41.221551], [-3.587205, 41.221632], [-3.587176, 41.221615], [-3.587161, 41.221606], [-3.587147, 41.221598], [-3.587276, 41.221511], [-3.587515, 41.221351], [-3.58768, 41.221242], [-3.587788, 41.221171], [-3.58811, 41.220962], [-3.588148, 41.220939], [-3.588241, 41.220881], [-3.588336, 41.220822], [-3.588514, 41.220711], [-3.58865, 41.220629], [-3.588755, 41.220567], [-3.58904, 41.220397], [-3.589123, 41.22036], [-3.589248, 41.220304], [-3.589347, 41.220262], [-3.58944, 41.220205], [-3.589478, 41.220182], [-3.589524, 41.220155], [-3.589567, 41.220129], [-3.589745, 41.219988], [-3.589883, 41.219854], [-3.590049, 41.219694], [-3.590195, 41.219523], [-3.590206, 41.21951], [-3.590235, 41.219526], [-3.590263, 41.219543], [-3.590107, 41.219725], [-3.589985, 41.219844], [-3.589799, 41.220024], [-3.589702, 41.2201], [-3.589627, 41.220159], [-3.589615, 41.220169], [-3.589571, 41.220195], [-3.589518, 41.220227], [-3.589469, 41.220257], [-3.589386, 41.220307], [-3.589084, 41.22044], [-3.588559, 41.220753], [-3.588559, 41.220753], [-3.58829, 41.220921], [-3.588279, 41.220927], [-3.588272, 41.220932]]]}}, {"type": "Feature", "properties": {"ref": "40059A00409018", "nombre": "Camino (sin nombre en Catastro)", "nombre_catastro": "CAMINO", "tipo": "camino público", "clase": "camino", "municipio": "Cerezo de Abajo", "pueblo": "", "area_m2": 1856, "fuente": "Catastro · parcela de dominio público"}, "geometry": {"type": "Polygon", "coordinates": [[[-3.58801, 41.217221], [-3.588009, 41.217223], [-3.588, 41.217239], [-3.58799, 41.217258], [-3.587889, 41.217262], [-3.587755, 41.217266], [-3.587624, 41.217257], [-3.587561, 41.217253], [-3.587373, 41.217222], [-3.587358, 41.217219], [-3.587228, 41.21719], [-3.587162, 41.217176], [-3.586986, 41.217132], [-3.586925, 41.217117], [-3.58668, 41.217055], [-3.586666, 41.217052], [-3.586535, 41.217019], [-3.586403, 41.216986], [-3.586391, 41.216983], [-3.586328, 41.216968], [-3.586253, 41.21695], [-3.586123, 41.216919], [-3.586109, 41.216915], [-3.585966, 41.216881], [-3.58589, 41.216864], [-3.585861, 41.216857], [-3.585708, 41.216823], [-3.585687, 41.216818], [-3.585551, 41.216787], [-3.585543, 41.216785], [-3.585384, 41.216745], [-3.585314, 41.216726], [-3.58518, 41.216688], [-3.585071, 41.216656], [-3.58495, 41.216621], [-3.584831, 41.216585], [-3.584716, 41.21655], [-3.584495, 41.216482], [-3.584459, 41.216471], [-3.584288, 41.216415], [-3.584209, 41.216388], [-3.584093, 41.216347], [-3.584024, 41.21632], [-3.583909, 41.216275], [-3.58384, 41.216246], [-3.583746, 41.216206], [-3.5837, 41.216185], [-3.583614, 41.216145], [-3.583535, 41.216104], [-3.583522, 41.216097], [-3.583457, 41.216058], [-3.583404, 41.216019], [-3.583382, 41.216001], [-3.583349, 41.215975], [-3.583304, 41.21594], [-3.583293, 41.21593], [-3.583253, 41.2159], [-3.583239, 41.21589], [-3.583192, 41.215858], [-3.583172, 41.215847], [-3.583149, 41.215834], [-3.58311, 41.21582], [-3.583071, 41.215813], [-3.583063, 41.215813], [-3.583026, 41.215813], [-3.582967, 41.215819], [-3.582909, 41.215828], [-3.5829, 41.215812], [-3.582887, 41.215793], [-3.582959, 41.215784], [-3.583022, 41.215777], [-3.583075, 41.215777], [-3.583122, 41.215785], [-3.583169, 41.215802], [-3.583217, 41.215827], [-3.583269, 41.215862], [-3.583324, 41.215904], [-3.583371, 41.215941], [-3.583381, 41.215949], [-3.583436, 41.215992], [-3.583489, 41.216031], [-3.583546, 41.216065], [-3.583552, 41.216069], [-3.583642, 41.216116], [-3.583658, 41.216123], [-3.58375, 41.216165], [-3.583771, 41.216175], [-3.583855, 41.216211], [-3.583933, 41.216244], [-3.584115, 41.216315], [-3.584225, 41.216354], [-3.584298, 41.216379], [-3.584308, 41.216383], [-3.584392, 41.21641], [-3.584478, 41.216438], [-3.584514, 41.216449], [-3.584579, 41.216469], [-3.584673, 41.216498], [-3.584734, 41.216517], [-3.584803, 41.216538], [-3.584884, 41.216562], [-3.584954, 41.216583], [-3.584967, 41.216587], [-3.584999, 41.216597], [-3.585093, 41.216624], [-3.585176, 41.216649], [-3.585196, 41.216654], [-3.585213, 41.216659], [-3.585249, 41.216669], [-3.585287, 41.21668], [-3.585314, 41.216687], [-3.585399, 41.216711], [-3.585416, 41.216715], [-3.585507, 41.216738], [-3.585566, 41.216753], [-3.585622, 41.216766], [-3.585722, 41.216788], [-3.585904, 41.216829], [-3.586014, 41.216855], [-3.586137, 41.216884], [-3.586269, 41.216916], [-3.586328, 41.21693], [-3.58635, 41.216936], [-3.586405, 41.216949], [-3.586558, 41.216987], [-3.58668, 41.217017], [-3.586703, 41.217023], [-3.586939, 41.217083], [-3.586977, 41.217092], [-3.587093, 41.217121], [-3.587174, 41.217141], [-3.587339, 41.217177], [-3.587382, 41.217187], [-3.587566, 41.217218], [-3.587638, 41.217222], [-3.587712, 41.217227], [-3.587743, 41.217229], [-3.587756, 41.21723], [-3.587795, 41.217229], [-3.587853, 41.217227], [-3.587867, 41.217226], [-3.587932, 41.217224], [-3.588002, 41.217222], [-3.58801, 41.217221]]]}}, {"type": "Feature", "properties": {"ref": "40059A00509009", "nombre": "Camino (sin nombre en Catastro)", "nombre_catastro": "CAMINO", "tipo": "camino público", "clase": "camino", "municipio": "Cerezo de Abajo", "pueblo": "", "area_m2": 1498, "fuente": "Catastro · parcela de dominio público"}, "geometry": {"type": "Polygon", "coordinates": [[[-3.597064, 41.219845], [-3.597104, 41.219859], [-3.59706, 41.219876], [-3.596907, 41.21993], [-3.596809, 41.219944], [-3.596716, 41.219957], [-3.596545, 41.220001], [-3.596309, 41.220046], [-3.596189, 41.220053], [-3.596122, 41.220057], [-3.595941, 41.220075], [-3.595764, 41.220022], [-3.595727, 41.220011], [-3.595583, 41.219968], [-3.595572, 41.219965], [-3.595465, 41.219936], [-3.595459, 41.219934], [-3.595359, 41.219907], [-3.595258, 41.219881], [-3.595156, 41.219857], [-3.595098, 41.219843], [-3.595052, 41.219832], [-3.594951, 41.219807], [-3.59486, 41.21978], [-3.594784, 41.21975], [-3.594717, 41.219716], [-3.594652, 41.219676], [-3.594598, 41.219641], [-3.59458, 41.219629], [-3.594492, 41.219574], [-3.594378, 41.219514], [-3.594233, 41.219448], [-3.594068, 41.219371], [-3.593901, 41.219277], [-3.593858, 41.219248], [-3.593831, 41.219205], [-3.59388, 41.21921], [-3.593913, 41.219213], [-3.593939, 41.219243], [-3.594103, 41.219334], [-3.594267, 41.219411], [-3.594413, 41.219477], [-3.594528, 41.219538], [-3.594617, 41.219593], [-3.594688, 41.21964], [-3.594751, 41.219679], [-3.594815, 41.219712], [-3.594887, 41.21974], [-3.594975, 41.219766], [-3.595074, 41.21979], [-3.595176, 41.219814], [-3.595277, 41.219838], [-3.595379, 41.219865], [-3.595458, 41.219886], [-3.595485, 41.219893], [-3.595604, 41.219926], [-3.595749, 41.219969], [-3.595764, 41.219973], [-3.59594, 41.220026], [-3.596117, 41.220013], [-3.596184, 41.220009], [-3.596299, 41.220002], [-3.596528, 41.219958], [-3.5967, 41.219914], [-3.596797, 41.2199], [-3.596888, 41.219887], [-3.597035, 41.219835], [-3.597064, 41.219845]]]}}, {"type": "Feature", "properties": {"ref": "40059A00509010", "nombre": "Camino (sin nombre en Catastro)", "nombre_catastro": "CAMINO", "tipo": "camino público", "clase": "camino", "municipio": "Cerezo de Abajo", "pueblo": "", "area_m2": 1292, "fuente": "Catastro · parcela de dominio público"}, "geometry": {"type": "Polygon", "coordinates": [[[-3.594091, 41.220844], [-3.594101, 41.220932], [-3.594072, 41.220934], [-3.594042, 41.220936], [-3.594029, 41.220825], [-3.594017, 41.220747], [-3.594006, 41.220692], [-3.593993, 41.220651], [-3.593977, 41.22062], [-3.593956, 41.220597], [-3.593929, 41.220578], [-3.593895, 41.220563], [-3.593854, 41.220555], [-3.593806, 41.220551], [-3.593752, 41.220552], [-3.593697, 41.220552], [-3.593641, 41.220551], [-3.593586, 41.220548], [-3.593533, 41.220544], [-3.593481, 41.220538], [-3.593432, 41.22053], [-3.593384, 41.220516], [-3.593339, 41.220495], [-3.593296, 41.220468], [-3.593258, 41.220436], [-3.593226, 41.2204], [-3.593199, 41.220358], [-3.593176, 41.22031], [-3.593155, 41.220255], [-3.593136, 41.220195], [-3.593116, 41.220134], [-3.593095, 41.220074], [-3.593076, 41.220023], [-3.593074, 41.220017], [-3.593052, 41.219961], [-3.593031, 41.219905], [-3.593007, 41.21985], [-3.592978, 41.219795], [-3.592941, 41.21974], [-3.592902, 41.219687], [-3.592878, 41.21965], [-3.592868, 41.219636], [-3.592845, 41.21959], [-3.592832, 41.219548], [-3.592828, 41.21951], [-3.592832, 41.219476], [-3.592844, 41.219441], [-3.592859, 41.219413], [-3.592864, 41.219404], [-3.59289, 41.219358], [-3.592919, 41.219293], [-3.592945, 41.219197], [-3.592948, 41.21914], [-3.592943, 41.219122], [-3.592995, 41.219127], [-3.593049, 41.219132], [-3.593026, 41.219164], [-3.593004, 41.219204], [-3.592994, 41.219242], [-3.592977, 41.219306], [-3.592947, 41.219373], [-3.592921, 41.219418], [-3.592902, 41.219453], [-3.592891, 41.219483], [-3.592887, 41.219512], [-3.592891, 41.219544], [-3.592903, 41.21958], [-3.592925, 41.219622], [-3.592944, 41.219649], [-3.592958, 41.21967], [-3.592997, 41.219723], [-3.593033, 41.219778], [-3.593045, 41.2198], [-3.593063, 41.219834], [-3.593087, 41.219891], [-3.593109, 41.219947], [-3.593121, 41.219979], [-3.593131, 41.220005], [-3.593153, 41.220063], [-3.593174, 41.220122], [-3.593193, 41.220182], [-3.593212, 41.220241], [-3.593231, 41.220294], [-3.593253, 41.220339], [-3.593276, 41.220376], [-3.593304, 41.220408], [-3.593336, 41.220435], [-3.593372, 41.220458], [-3.593411, 41.220475], [-3.593452, 41.220487], [-3.593496, 41.220495], [-3.593542, 41.220499], [-3.593592, 41.220503], [-3.593624, 41.220505], [-3.593645, 41.220506], [-3.5937, 41.220507], [-3.593758, 41.220506], [-3.593793, 41.220506], [-3.593816, 41.220506], [-3.593872, 41.220511], [-3.593892, 41.220516], [-3.593922, 41.220523], [-3.593965, 41.220542], [-3.594, 41.220567], [-3.594027, 41.220597], [-3.594047, 41.220633], [-3.594063, 41.220679], [-3.594076, 41.220739], [-3.594088, 41.22082], [-3.594091, 41.220844]]]}}, {"type": "Feature", "properties": {"ref": "40059A00609002", "nombre": "Camino (sin nombre en Catastro)", "nombre_catastro": "CAMINO", "tipo": "camino público", "clase": "camino", "municipio": "Cerezo de Abajo", "pueblo": "", "area_m2": 3076, "fuente": "Catastro · parcela de dominio público"}, "geometry": {"type": "Polygon", "coordinates": [[[-3.593943, 41.216376], [-3.593911, 41.21633], [-3.593987, 41.216261], [-3.594071, 41.216157], [-3.594111, 41.21615], [-3.594161, 41.216159], [-3.594255, 41.216177], [-3.594356, 41.216178], [-3.594542, 41.216164], [-3.594639, 41.216157], [-3.594676, 41.216147], [-3.594742, 41.216185], [-3.594754, 41.216187], [-3.594783, 41.216193], [-3.595109, 41.216271], [-3.595284, 41.216318], [-3.595442, 41.216364], [-3.595577, 41.216404], [-3.595695, 41.216439], [-3.595802, 41.216475], [-3.595884, 41.216505], [-3.595903, 41.216512], [-3.595958, 41.216532], [-3.596001, 41.216547], [-3.596096, 41.216576], [-3.596187, 41.216593], [-3.596238, 41.216599], [-3.596279, 41.216603], [-3.596371, 41.216609], [-3.596468, 41.216614], [-3.596578, 41.216618], [-3.596711, 41.216618], [-3.596873, 41.216613], [-3.597054, 41.216601], [-3.597243, 41.216585], [-3.597427, 41.216564], [-3.597489, 41.216555], [-3.597605, 41.216538], [-3.597675, 41.216523], [-3.597775, 41.216503], [-3.597803, 41.216495], [-3.597937, 41.216458], [-3.598091, 41.216401], [-3.598147, 41.216374], [-3.598238, 41.216331], [-3.598383, 41.216245], [-3.598549, 41.216143], [-3.598761, 41.216021], [-3.598836, 41.215988], [-3.59891, 41.215967], [-3.598943, 41.215964], [-3.598899, 41.216015], [-3.598862, 41.216058], [-3.59885, 41.216057], [-3.598831, 41.216054], [-3.598796, 41.216058], [-3.598585, 41.216178], [-3.598419, 41.216281], [-3.598271, 41.216368], [-3.59812, 41.21644], [-3.597974, 41.216494], [-3.597961, 41.216499], [-3.597877, 41.216522], [-3.597794, 41.216545], [-3.59762, 41.216581], [-3.597588, 41.216586], [-3.59749, 41.216601], [-3.597439, 41.216609], [-3.597251, 41.21663], [-3.597059, 41.216646], [-3.597023, 41.216648], [-3.596875, 41.216658], [-3.596711, 41.216663], [-3.596576, 41.216663], [-3.596464, 41.216659], [-3.596365, 41.216654], [-3.596269, 41.216648], [-3.596174, 41.216638], [-3.596079, 41.21662], [-3.595981, 41.21659], [-3.595929, 41.216571], [-3.595881, 41.216554], [-3.595823, 41.216533], [-3.595779, 41.216516], [-3.595746, 41.216505], [-3.595672, 41.216481], [-3.595555, 41.216445], [-3.59542, 41.216406], [-3.595264, 41.216361], [-3.595091, 41.216314], [-3.594788, 41.216242], [-3.594755, 41.216235], [-3.594738, 41.216231], [-3.594709, 41.216225], [-3.594617, 41.216216], [-3.594485, 41.216223], [-3.594314, 41.216272], [-3.594285, 41.216284], [-3.594011, 41.216397], [-3.593749, 41.216516], [-3.593687, 41.216544], [-3.5934, 41.216673], [-3.593376, 41.216684], [-3.593314, 41.216713], [-3.593237, 41.216737], [-3.593175, 41.216747], [-3.59322, 41.216726], [-3.593249, 41.216706], [-3.593262, 41.21669], [-3.593269, 41.216682], [-3.593288, 41.216652], [-3.593298, 41.216651], [-3.593319, 41.21665], [-3.593346, 41.216645], [-3.593448, 41.216599], [-3.593569, 41.216544], [-3.593631, 41.216516], [-3.593943, 41.216376]]]}}, {"type": "Feature", "properties": {"ref": "40059A00609020", "nombre": "Camino (sin nombre en Catastro)", "nombre_catastro": "CAMINO", "tipo": "camino público", "clase": "camino", "municipio": "Cerezo de Abajo", "pueblo": "", "area_m2": 1769, "fuente": "Catastro · parcela de dominio público"}, "geometry": {"type": "Polygon", "coordinates": [[[-3.590982, 41.216742], [-3.590974, 41.216739], [-3.590929, 41.216722], [-3.590934, 41.216719], [-3.590943, 41.216713], [-3.590926, 41.216705], [-3.591092, 41.216529], [-3.591108, 41.216507], [-3.591103, 41.216464], [-3.591084, 41.216437], [-3.591039, 41.21641], [-3.590982, 41.216385], [-3.590975, 41.216382], [-3.590953, 41.216371], [-3.59084, 41.216321], [-3.590777, 41.216293], [-3.590549, 41.216196], [-3.590534, 41.21619], [-3.590524, 41.216186], [-3.590353, 41.216116], [-3.590259, 41.216078], [-3.590186, 41.216048], [-3.590062, 41.215997], [-3.590044, 41.21599], [-3.589923, 41.215938], [-3.589817, 41.21589], [-3.589722, 41.215845], [-3.589633, 41.2158], [-3.589546, 41.215754], [-3.589545, 41.215753], [-3.589458, 41.215703], [-3.589377, 41.215653], [-3.58937, 41.215649], [-3.589282, 41.215592], [-3.589199, 41.215537], [-3.589195, 41.215534], [-3.589113, 41.215477], [-3.589083, 41.215456], [-3.589036, 41.215422], [-3.588956, 41.215363], [-3.588946, 41.215355], [-3.588921, 41.215336], [-3.588848, 41.21528], [-3.588848, 41.215224], [-3.588848, 41.215214], [-3.588848, 41.215196], [-3.588893, 41.21523], [-3.588932, 41.21526], [-3.588982, 41.215298], [-3.589012, 41.215321], [-3.589066, 41.215361], [-3.589091, 41.21538], [-3.589118, 41.215399], [-3.589167, 41.215434], [-3.589238, 41.215483], [-3.589248, 41.21549], [-3.589333, 41.215547], [-3.589408, 41.215596], [-3.58942, 41.215603], [-3.589506, 41.215656], [-3.589592, 41.215705], [-3.589609, 41.215715], [-3.589677, 41.215752], [-3.589765, 41.215796], [-3.589858, 41.21584], [-3.589963, 41.215887], [-3.590067, 41.215931], [-3.590083, 41.215938], [-3.590147, 41.215965], [-3.590225, 41.215997], [-3.590391, 41.216065], [-3.590587, 41.216145], [-3.590658, 41.216175], [-3.590754, 41.216215], [-3.590816, 41.216241], [-3.590981, 41.216315], [-3.59108, 41.21636], [-3.591206, 41.216456], [-3.591187, 41.21651], [-3.591144, 41.216554], [-3.590982, 41.216742]]]}}, {"type": "Feature", "properties": {"ref": "40059A00609021", "nombre": "Camino (sin nombre en Catastro)", "nombre_catastro": "CAMINO", "tipo": "camino público", "clase": "camino", "municipio": "Cerezo de Abajo", "pueblo": "", "area_m2": 2338, "fuente": "Catastro · parcela de dominio público"}, "geometry": {"type": "Polygon", "coordinates": [[[-3.583479, 41.215025], [-3.583449, 41.215011], [-3.583325, 41.214955], [-3.583128, 41.214867], [-3.583192, 41.214889], [-3.58325, 41.214894], [-3.583299, 41.214889], [-3.583345, 41.21486], [-3.583372, 41.214822], [-3.583385, 41.214756], [-3.583396, 41.214698], [-3.583393, 41.214687], [-3.583369, 41.214615], [-3.583346, 41.214557], [-3.583326, 41.214512], [-3.583306, 41.214469], [-3.583289, 41.214427], [-3.583276, 41.214385], [-3.583269, 41.214343], [-3.583269, 41.214299], [-3.583276, 41.214251], [-3.583289, 41.214198], [-3.583306, 41.214144], [-3.583323, 41.214096], [-3.583336, 41.214057], [-3.583345, 41.214027], [-3.58335, 41.214001], [-3.58335, 41.213976], [-3.583346, 41.213949], [-3.583338, 41.213917], [-3.583327, 41.213879], [-3.583315, 41.213836], [-3.583305, 41.213793], [-3.583302, 41.213772], [-3.583299, 41.213752], [-3.5833, 41.213713], [-3.583307, 41.213675], [-3.58331, 41.213668], [-3.583322, 41.213637], [-3.583334, 41.213612], [-3.583341, 41.213599], [-3.583362, 41.213563], [-3.58338, 41.21353], [-3.583394, 41.2135], [-3.583399, 41.213486], [-3.583403, 41.213473], [-3.583405, 41.21345], [-3.583401, 41.21343], [-3.58339, 41.21341], [-3.583372, 41.21339], [-3.583347, 41.213367], [-3.58332, 41.213348], [-3.583311, 41.213341], [-3.583265, 41.213311], [-3.583208, 41.213273], [-3.583179, 41.213253], [-3.583143, 41.213227], [-3.583072, 41.213168], [-3.583065, 41.213159], [-3.582996, 41.213076], [-3.582925, 41.212946], [-3.582916, 41.21293], [-3.58289, 41.21286], [-3.582866, 41.212796], [-3.582852, 41.212754], [-3.582833, 41.212696], [-3.582809, 41.212611], [-3.582793, 41.212546], [-3.582785, 41.212496], [-3.582783, 41.212455], [-3.582784, 41.212442], [-3.582785, 41.212416], [-3.58279, 41.212379], [-3.582795, 41.212344], [-3.582798, 41.21231], [-3.582798, 41.212273], [-3.582794, 41.212228], [-3.582785, 41.212171], [-3.582773, 41.212104], [-3.58276, 41.212032], [-3.582747, 41.211959], [-3.582734, 41.211885], [-3.582721, 41.211812], [-3.582705, 41.21174], [-3.582688, 41.211667], [-3.582666, 41.211594], [-3.582642, 41.211519], [-3.582615, 41.211444], [-3.582593, 41.211375], [-3.582591, 41.211369], [-3.582571, 41.211295], [-3.582559, 41.211244], [-3.582556, 41.211228], [-3.582544, 41.211175], [-3.582535, 41.211139], [-3.582527, 41.211116], [-3.582503, 41.211085], [-3.582564, 41.211133], [-3.582602, 41.211164], [-3.582614, 41.211219], [-3.58263, 41.211286], [-3.58265, 41.211359], [-3.582674, 41.211434], [-3.5827, 41.21151], [-3.582725, 41.211584], [-3.582746, 41.211658], [-3.582764, 41.211732], [-3.58278, 41.211805], [-3.582793, 41.211879], [-3.582807, 41.211953], [-3.58282, 41.212027], [-3.582833, 41.212099], [-3.582845, 41.212167], [-3.582854, 41.212226], [-3.582858, 41.212273], [-3.582858, 41.212312], [-3.582855, 41.212347], [-3.58285, 41.212382], [-3.582845, 41.212418], [-3.582843, 41.212455], [-3.582845, 41.212494], [-3.582853, 41.212541], [-3.582868, 41.212604], [-3.582872, 41.21262], [-3.582891, 41.212686], [-3.582923, 41.212784], [-3.582939, 41.212825], [-3.582973, 41.212916], [-3.583048, 41.213054], [-3.58312, 41.213141], [-3.583162, 41.213175], [-3.583188, 41.213197], [-3.583251, 41.213242], [-3.583307, 41.213279], [-3.583327, 41.213292], [-3.583355, 41.213311], [-3.583394, 41.21334], [-3.583423, 41.213366], [-3.583444, 41.213392], [-3.583458, 41.213418], [-3.583464, 41.213446], [-3.583463, 41.213476], [-3.583453, 41.213508], [-3.583438, 41.213542], [-3.583419, 41.213577], [-3.583399, 41.213612], [-3.583398, 41.213613], [-3.58338, 41.213648], [-3.583372, 41.213667], [-3.583366, 41.213683], [-3.583359, 41.213717], [-3.583359, 41.213752], [-3.583365, 41.213789], [-3.583374, 41.21383], [-3.583386, 41.213872], [-3.583397, 41.213911], [-3.583405, 41.213945], [-3.58341, 41.213975], [-3.583409, 41.214003], [-3.583404, 41.214032], [-3.583395, 41.214065], [-3.583381, 41.214105], [-3.583365, 41.214153], [-3.583348, 41.214205], [-3.583335, 41.214255], [-3.583328, 41.2143], [-3.583328, 41.21434], [-3.583335, 41.214378], [-3.583347, 41.214417], [-3.583364, 41.214457], [-3.583383, 41.214498], [-3.583403, 41.214544], [-3.583427, 41.214603], [-3.58344, 41.214644], [-3.583454, 41.214688], [-3.583465, 41.214714], [-3.58346, 41.214741], [-3.583446, 41.214775], [-3.583428, 41.214816], [-3.583419, 41.214882], [-3.583415, 41.214975], [-3.583479, 41.215025]]]}}, {"type": "Feature", "properties": {"ref": "40059A00509006", "nombre": "Camino de Calleja", "nombre_catastro": "CAMINO DE CALLEJA", "tipo": "camino público", "clase": "camino", "municipio": "Cerezo de Abajo", "pueblo": "", "area_m2": 3813, "fuente": "Catastro · parcela de dominio público"}, "geometry": {"type": "Polygon", "coordinates": [[[-3.611673, 41.223257], [-3.61126, 41.22324], [-3.610972, 41.223227], [-3.610723, 41.223217], [-3.610492, 41.223215], [-3.610269, 41.223217], [-3.610046, 41.22322], [-3.60982, 41.223221], [-3.609741, 41.223221], [-3.609601, 41.223222], [-3.609474, 41.223225], [-3.609404, 41.223226], [-3.609238, 41.223235], [-3.6091, 41.223248], [-3.608979, 41.223265], [-3.608868, 41.223283], [-3.608767, 41.2233], [-3.608754, 41.223302], [-3.608676, 41.223312], [-3.608593, 41.223317], [-3.608514, 41.223312], [-3.608431, 41.223297], [-3.608339, 41.223271], [-3.608237, 41.223238], [-3.608128, 41.223201], [-3.60801, 41.223163], [-3.60788, 41.223127], [-3.607733, 41.223091], [-3.607565, 41.223057], [-3.607372, 41.223023], [-3.607335, 41.223017], [-3.607152, 41.222988], [-3.606952, 41.222957], [-3.606905, 41.22295], [-3.6068, 41.222935], [-3.606647, 41.222912], [-3.606398, 41.222878], [-3.606171, 41.222849], [-3.606111, 41.222842], [-3.605964, 41.222825], [-3.605771, 41.222803], [-3.605586, 41.22278], [-3.605417, 41.222761], [-3.605271, 41.222746], [-3.605154, 41.222739], [-3.605057, 41.222739], [-3.604968, 41.222744], [-3.604877, 41.222752], [-3.604776, 41.222764], [-3.604658, 41.222779], [-3.604518, 41.222796], [-3.604434, 41.222806], [-3.604364, 41.222814], [-3.604209, 41.222828], [-3.604061, 41.222837], [-3.603951, 41.222836], [-3.603926, 41.222837], [-3.603903, 41.222834], [-3.603854, 41.222828], [-3.603796, 41.222822], [-3.603679, 41.222792], [-3.603563, 41.222747], [-3.603436, 41.222687], [-3.603282, 41.222613], [-3.603075, 41.222527], [-3.602923, 41.222476], [-3.602783, 41.22243], [-3.602794, 41.222409], [-3.602805, 41.222388], [-3.603068, 41.222475], [-3.603102, 41.222486], [-3.603311, 41.222574], [-3.603403, 41.222618], [-3.603464, 41.222647], [-3.603588, 41.222706], [-3.6037, 41.222749], [-3.60381, 41.222777], [-3.603826, 41.222779], [-3.603931, 41.222791], [-3.604063, 41.222792], [-3.604105, 41.222789], [-3.604206, 41.222783], [-3.604234, 41.222781], [-3.604358, 41.222769], [-3.6044, 41.222764], [-3.60451, 41.222752], [-3.604563, 41.222745], [-3.604649, 41.222734], [-3.604705, 41.222727], [-3.604768, 41.222719], [-3.604777, 41.222718], [-3.60487, 41.222708], [-3.604963, 41.222699], [-3.60504, 41.222695], [-3.605055, 41.222694], [-3.60514, 41.222694], [-3.605155, 41.222694], [-3.605198, 41.222697], [-3.605254, 41.2227], [-3.605275, 41.222701], [-3.605303, 41.222704], [-3.605423, 41.222716], [-3.605502, 41.222725], [-3.605594, 41.222736], [-3.605722, 41.222751], [-3.605779, 41.222758], [-3.605831, 41.222764], [-3.605973, 41.22278], [-3.606151, 41.222801], [-3.60618, 41.222805], [-3.606331, 41.222824], [-3.606408, 41.222833], [-3.606595, 41.222859], [-3.606658, 41.222868], [-3.606799, 41.222889], [-3.606841, 41.222895], [-3.606917, 41.222906], [-3.606952, 41.222911], [-3.606967, 41.222914], [-3.607042, 41.222925], [-3.607138, 41.22294], [-3.607165, 41.222944], [-3.60738, 41.222979], [-3.607386, 41.22298], [-3.60755, 41.223008], [-3.607581, 41.223014], [-3.607751, 41.223048], [-3.6079, 41.223084], [-3.607936, 41.223094], [-3.608031, 41.223121], [-3.608149, 41.223159], [-3.60823, 41.223186], [-3.608258, 41.223195], [-3.608357, 41.223228], [-3.608445, 41.223253], [-3.608522, 41.223267], [-3.608595, 41.223272], [-3.608654, 41.223268], [-3.608672, 41.223267], [-3.60876, 41.223255], [-3.608859, 41.223239], [-3.608969, 41.22322], [-3.609091, 41.223204], [-3.609114, 41.223202], [-3.609231, 41.22319], [-3.609399, 41.223181], [-3.609488, 41.22318], [-3.609598, 41.223177], [-3.609756, 41.223176], [-3.609818, 41.223176], [-3.610045, 41.223175], [-3.610269, 41.223172], [-3.610493, 41.22317], [-3.610527, 41.22317], [-3.610725, 41.223172], [-3.610975, 41.223182], [-3.611263, 41.223195], [-3.611622, 41.223211], [-3.61163, 41.223225], [-3.611639, 41.223232], [-3.611673, 41.223257]]]}}, {"type": "Feature", "properties": {"ref": "40059A00609005", "nombre": "Camino de la Orden", "nombre_catastro": "CAMINO DE LA ORDEN", "tipo": "camino público", "clase": "camino", "municipio": "Cerezo de Abajo", "pueblo": "", "area_m2": 4632, "fuente": "Catastro · parcela de dominio público"}, "geometry": {"type": "Polygon", "coordinates": [[[-3.591758, 41.212107], [-3.59176, 41.212177], [-3.59176, 41.212223], [-3.59176, 41.212251], [-3.591758, 41.212327], [-3.591757, 41.212345], [-3.591754, 41.212401], [-3.591748, 41.212475], [-3.591742, 41.212524], [-3.591739, 41.212548], [-3.591726, 41.212621], [-3.591711, 41.212689], [-3.591695, 41.21275], [-3.591681, 41.2128], [-3.59167, 41.212844], [-3.591665, 41.212865], [-3.591661, 41.212886], [-3.591656, 41.212933], [-3.591654, 41.212982], [-3.591655, 41.213033], [-3.591658, 41.213085], [-3.591662, 41.213139], [-3.591665, 41.213199], [-3.591662, 41.213269], [-3.591637, 41.213362], [-3.591609, 41.213416], [-3.591575, 41.213482], [-3.591568, 41.213494], [-3.591556, 41.213522], [-3.591533, 41.2135], [-3.591517, 41.213485], [-3.591506, 41.213473], [-3.591514, 41.21347], [-3.591531, 41.21345], [-3.591538, 41.213438], [-3.591581, 41.21335], [-3.591603, 41.213264], [-3.591605, 41.213198], [-3.591602, 41.21314], [-3.591599, 41.213086], [-3.591596, 41.213033], [-3.591595, 41.212981], [-3.591597, 41.212929], [-3.591598, 41.212912], [-3.591602, 41.212881], [-3.591611, 41.212837], [-3.591623, 41.212792], [-3.591637, 41.212742], [-3.591652, 41.212682], [-3.591667, 41.212614], [-3.59168, 41.212543], [-3.591689, 41.212471], [-3.591695, 41.212399], [-3.591698, 41.212325], [-3.591701, 41.212251], [-3.591701, 41.212178], [-3.591699, 41.212109], [-3.591693, 41.212046], [-3.591686, 41.211985], [-3.591677, 41.21192], [-3.591668, 41.211846], [-3.591657, 41.211771], [-3.591649, 41.211723], [-3.591645, 41.211702], [-3.591632, 41.211646], [-3.591616, 41.211597], [-3.591597, 41.211544], [-3.591575, 41.21148], [-3.591553, 41.211411], [-3.591536, 41.211342], [-3.591526, 41.211279], [-3.591522, 41.211222], [-3.591524, 41.21117], [-3.591526, 41.21115], [-3.591528, 41.211121], [-3.591536, 41.211074], [-3.591545, 41.211026], [-3.591548, 41.211015], [-3.591556, 41.210977], [-3.591568, 41.210923], [-3.59158, 41.210862], [-3.591591, 41.210791], [-3.5916, 41.210715], [-3.591602, 41.210697], [-3.591608, 41.210637], [-3.591609, 41.210613], [-3.591613, 41.21056], [-3.591614, 41.210484], [-3.591612, 41.210406], [-3.591606, 41.210326], [-3.591597, 41.210247], [-3.591589, 41.210174], [-3.591583, 41.210108], [-3.591579, 41.210048], [-3.591576, 41.209992], [-3.591573, 41.209936], [-3.591567, 41.209878], [-3.591559, 41.209817], [-3.591555, 41.209791], [-3.591548, 41.209753], [-3.591534, 41.209687], [-3.591518, 41.209622], [-3.591497, 41.209556], [-3.59146, 41.209464], [-3.591389, 41.209317], [-3.591351, 41.209242], [-3.591278, 41.209098], [-3.591171, 41.208893], [-3.59115, 41.208852], [-3.591072, 41.208704], [-3.591036, 41.208635], [-3.590992, 41.208552], [-3.590959, 41.208491], [-3.590908, 41.2084], [-3.590862, 41.208328], [-3.59085, 41.20831], [-3.590806, 41.208247], [-3.590742, 41.20816], [-3.590676, 41.208075], [-3.590614, 41.207999], [-3.590554, 41.207927], [-3.590492, 41.207855], [-3.590468, 41.207828], [-3.590421, 41.207774], [-3.590349, 41.207694], [-3.590331, 41.207674], [-3.59032, 41.207663], [-3.590298, 41.20764], [-3.590271, 41.207612], [-3.590189, 41.207529], [-3.59011, 41.207446], [-3.590101, 41.207437], [-3.590006, 41.20732], [-3.589915, 41.207204], [-3.589777, 41.207028], [-3.5897, 41.206926], [-3.589692, 41.206915], [-3.589659, 41.206868], [-3.589629, 41.206822], [-3.589619, 41.206807], [-3.589567, 41.206725], [-3.589512, 41.206633], [-3.589459, 41.206536], [-3.589452, 41.20652], [-3.589406, 41.206424], [-3.589399, 41.206408], [-3.589346, 41.206283], [-3.589335, 41.206255], [-3.589275, 41.206104], [-3.589204, 41.205938], [-3.589193, 41.205911], [-3.589039, 41.205611], [-3.589053, 41.205611], [-3.589081, 41.205628], [-3.589094, 41.205636], [-3.589127, 41.205655], [-3.589249, 41.205895], [-3.589267, 41.205938], [-3.589284, 41.205978], [-3.58932, 41.206062], [-3.589331, 41.206089], [-3.589357, 41.206153], [-3.58939, 41.206236], [-3.589403, 41.206268], [-3.589421, 41.206312], [-3.589462, 41.206408], [-3.58947, 41.206425], [-3.589515, 41.206519], [-3.589567, 41.206615], [-3.589607, 41.206682], [-3.589621, 41.206706], [-3.589666, 41.206777], [-3.589673, 41.206787], [-3.589712, 41.206847], [-3.589745, 41.206894], [-3.589756, 41.206909], [-3.58983, 41.207007], [-3.589861, 41.207047], [-3.589953, 41.207164], [-3.590053, 41.207292], [-3.590058, 41.207298], [-3.590151, 41.207412], [-3.590238, 41.207503], [-3.59028, 41.207545], [-3.59032, 41.207585], [-3.590393, 41.207663], [-3.590398, 41.207668], [-3.590439, 41.207714], [-3.590473, 41.207751], [-3.590492, 41.207773], [-3.590521, 41.207807], [-3.590542, 41.20783], [-3.590605, 41.207903], [-3.590612, 41.207913], [-3.590665, 41.207975], [-3.590721, 41.208044], [-3.590727, 41.208052], [-3.590794, 41.208138], [-3.590852, 41.208218], [-3.590859, 41.208226], [-3.590916, 41.208308], [-3.590962, 41.208381], [-3.590989, 41.208429], [-3.591014, 41.208473], [-3.591032, 41.208507], [-3.591091, 41.208618], [-3.591206, 41.208836], [-3.591334, 41.209083], [-3.591446, 41.209303], [-3.591517, 41.209452], [-3.591533, 41.209491], [-3.591555, 41.209545], [-3.591576, 41.209612], [-3.591593, 41.209679], [-3.591607, 41.209747], [-3.591619, 41.209812], [-3.591627, 41.209874], [-3.591632, 41.209932], [-3.591636, 41.209989], [-3.591639, 41.210046], [-3.591641, 41.210072], [-3.591643, 41.210105], [-3.591648, 41.210171], [-3.591656, 41.210245], [-3.591665, 41.210324], [-3.591672, 41.210405], [-3.591672, 41.210416], [-3.591674, 41.210483], [-3.591672, 41.210561], [-3.591669, 41.210613], [-3.591667, 41.21064], [-3.591666, 41.210653], [-3.591662, 41.210696], [-3.591659, 41.210719], [-3.59165, 41.210796], [-3.591639, 41.210867], [-3.591627, 41.210929], [-3.591615, 41.210983], [-3.591604, 41.211032], [-3.591595, 41.211079], [-3.591592, 41.211097], [-3.591588, 41.211125], [-3.591583, 41.211172], [-3.591582, 41.211222], [-3.591585, 41.211276], [-3.591595, 41.211336], [-3.591612, 41.211403], [-3.591618, 41.211421], [-3.591633, 41.211471], [-3.591643, 41.2115], [-3.591655, 41.211533], [-3.591674, 41.211586], [-3.59169, 41.211637], [-3.591704, 41.211694], [-3.591716, 41.211763], [-3.591723, 41.21181], [-3.591727, 41.21184], [-3.591736, 41.211915], [-3.591745, 41.211981], [-3.591753, 41.212043], [-3.591758, 41.212107]]]}}, {"type": "Feature", "properties": {"ref": "40059A00709003", "nombre": "Camino de la Poveda", "nombre_catastro": "CAMINO DE LA POVEDA", "tipo": "camino público", "clase": "camino", "municipio": "Cerezo de Abajo", "pueblo": "", "area_m2": 3733, "fuente": "Catastro · parcela de dominio público"}, "geometry": {"type": "Polygon", "coordinates": [[[-3.615176, 41.220802], [-3.615206, 41.220826], [-3.615197, 41.220852], [-3.615187, 41.220877], [-3.615156, 41.220852], [-3.615132, 41.220833], [-3.614962, 41.220698], [-3.614598, 41.220408], [-3.614529, 41.220325], [-3.61432, 41.220076], [-3.614188, 41.219927], [-3.614172, 41.21991], [-3.614101, 41.219829], [-3.613804, 41.219586], [-3.613547, 41.219312], [-3.613282, 41.219046], [-3.612964, 41.218786], [-3.612888, 41.21872], [-3.612532, 41.218414], [-3.612496, 41.218381], [-3.6122, 41.218113], [-3.611855, 41.217738], [-3.611746, 41.217688], [-3.611732, 41.217682], [-3.611676, 41.217598], [-3.611566, 41.217485], [-3.61134, 41.217439], [-3.61113, 41.217348], [-3.610898, 41.217215], [-3.610591, 41.217051], [-3.610344, 41.216938], [-3.610166, 41.216821], [-3.610071, 41.216739], [-3.60987, 41.216715], [-3.609564, 41.216606], [-3.609296, 41.216468], [-3.609224, 41.216431], [-3.609209, 41.216423], [-3.608985, 41.216282], [-3.608954, 41.216253], [-3.608924, 41.216223], [-3.609023, 41.216247], [-3.609245, 41.216387], [-3.609329, 41.21643], [-3.609594, 41.216567], [-3.609627, 41.216578], [-3.609887, 41.216672], [-3.610102, 41.216697], [-3.610208, 41.216789], [-3.610379, 41.216902], [-3.610624, 41.217013], [-3.610933, 41.217178], [-3.611163, 41.21731], [-3.611363, 41.217397], [-3.611602, 41.217445], [-3.611727, 41.217574], [-3.611778, 41.21765], [-3.611896, 41.217704], [-3.612192, 41.218026], [-3.612247, 41.218086], [-3.612495, 41.21831], [-3.612578, 41.218385], [-3.613008, 41.218756], [-3.61314, 41.218863], [-3.613328, 41.219017], [-3.613398, 41.219087], [-3.613449, 41.219138], [-3.613473, 41.219162], [-3.613515, 41.219204], [-3.613595, 41.219285], [-3.613611, 41.219302], [-3.61372, 41.219418], [-3.613726, 41.219425], [-3.613826, 41.219532], [-3.61385, 41.219557], [-3.613903, 41.219601], [-3.614022, 41.219698], [-3.614126, 41.219783], [-3.614148, 41.219801], [-3.614253, 41.219919], [-3.614345, 41.220023], [-3.61437, 41.220052], [-3.614435, 41.220129], [-3.614541, 41.220256], [-3.614599, 41.220325], [-3.61461, 41.220338], [-3.614645, 41.22038], [-3.614705, 41.220428], [-3.614816, 41.220516], [-3.6149, 41.220583], [-3.615005, 41.220667], [-3.61504, 41.220694], [-3.615144, 41.220777], [-3.615176, 41.220802]]]}}, {"type": "Feature", "properties": {"ref": "40059A00409006", "nombre": "Camino de la Sierra", "nombre_catastro": "CAMINO DE LA SIERRA", "tipo": "camino público", "clase": "camino", "municipio": "Cerezo de Abajo", "pueblo": "", "area_m2": 13029, "fuente": "Catastro · parcela de dominio público"}, "geometry": {"type": "Polygon", "coordinates": [[[-3.585999, 41.215651], [-3.586111, 41.215682], [-3.586255, 41.215709], [-3.586394, 41.215735], [-3.586383, 41.21577], [-3.586429, 41.215778], [-3.58644, 41.215743], [-3.586493, 41.215753], [-3.586486, 41.215789], [-3.586496, 41.215791], [-3.586566, 41.215805], [-3.586651, 41.215822], [-3.586727, 41.21584], [-3.586738, 41.215842], [-3.586865, 41.215878], [-3.586882, 41.215883], [-3.586898, 41.215888], [-3.587009, 41.215921], [-3.587057, 41.215936], [-3.587059, 41.215936], [-3.587066, 41.215939], [-3.587163, 41.215973], [-3.587205, 41.215988], [-3.5873, 41.216025], [-3.587313, 41.21603], [-3.587394, 41.216062], [-3.587459, 41.216092], [-3.587636, 41.216176], [-3.587638, 41.216177], [-3.587588, 41.216254], [-3.587563, 41.216296], [-3.58759, 41.216305], [-3.587572, 41.216334], [-3.587555, 41.216362], [-3.587122, 41.21622], [-3.587079, 41.216205], [-3.586868, 41.216136], [-3.586755, 41.216108], [-3.586703, 41.216095], [-3.586645, 41.216082], [-3.586596, 41.216072], [-3.586531, 41.21606], [-3.586448, 41.216045], [-3.586401, 41.216029], [-3.58632, 41.216003], [-3.586278, 41.21599], [-3.586277, 41.215989], [-3.586187, 41.215961], [-3.586152, 41.215951], [-3.586024, 41.215911], [-3.585939, 41.215884], [-3.58586, 41.215859], [-3.585658, 41.215825], [-3.585606, 41.215813], [-3.585426, 41.21577], [-3.585201, 41.215722], [-3.585199, 41.215722], [-3.585084, 41.215699], [-3.585001, 41.215683], [-3.584957, 41.215676], [-3.584865, 41.21566], [-3.584822, 41.215648], [-3.584761, 41.215631], [-3.584679, 41.215608], [-3.584634, 41.215595], [-3.584592, 41.215583], [-3.584484, 41.215554], [-3.584444, 41.215542], [-3.584242, 41.215484], [-3.584207, 41.215474], [-3.584094, 41.215439], [-3.584018, 41.215416], [-3.583985, 41.215405], [-3.583876, 41.215369], [-3.583813, 41.215349], [-3.58375, 41.215328], [-3.583659, 41.215305], [-3.583526, 41.215272], [-3.583366, 41.215245], [-3.583334, 41.215231], [-3.583297, 41.215214], [-3.583252, 41.215182], [-3.583143, 41.215127], [-3.583098, 41.215101], [-3.583012, 41.215053], [-3.58289, 41.214977], [-3.582775, 41.214959], [-3.582668, 41.214926], [-3.58267, 41.214867], [-3.58264, 41.214859], [-3.582612, 41.214852], [-3.582614, 41.214881], [-3.582616, 41.214922], [-3.582547, 41.214905], [-3.582433, 41.21489], [-3.582398, 41.214885], [-3.582216, 41.214856], [-3.582012, 41.214884], [-3.58179, 41.214987], [-3.581566, 41.215109], [-3.581519, 41.215152], [-3.581465, 41.215023], [-3.58144, 41.214963], [-3.58145, 41.214961], [-3.581575, 41.214918], [-3.581785, 41.214845], [-3.58193, 41.214798], [-3.582058, 41.214765], [-3.582173, 41.214746], [-3.582283, 41.214741], [-3.582398, 41.214749], [-3.582526, 41.214768], [-3.582607, 41.214785], [-3.582672, 41.214799], [-3.58267, 41.214624], [-3.582655, 41.214559], [-3.582711, 41.214608], [-3.582873, 41.21473], [-3.583095, 41.214849], [-3.583128, 41.214867], [-3.583325, 41.214955], [-3.583449, 41.215011], [-3.583479, 41.215025], [-3.583561, 41.215061], [-3.583616, 41.215085], [-3.583768, 41.215136], [-3.583802, 41.215147], [-3.584063, 41.215199], [-3.584112, 41.215213], [-3.584259, 41.215255], [-3.584337, 41.21527], [-3.584505, 41.215303], [-3.584626, 41.215332], [-3.584678, 41.215344], [-3.584709, 41.215352], [-3.584803, 41.215381], [-3.584887, 41.215407], [-3.585014, 41.215447], [-3.585156, 41.215492], [-3.585259, 41.215517], [-3.585272, 41.21548], [-3.585289, 41.215484], [-3.585458, 41.215518], [-3.585546, 41.215536], [-3.585568, 41.21554], [-3.585644, 41.215552], [-3.585706, 41.215562], [-3.585758, 41.21557], [-3.585827, 41.215593], [-3.585849, 41.215601], [-3.585893, 41.215615], [-3.585999, 41.215651]]]}}, {"type": "Feature", "properties": {"ref": "40059A00409021", "nombre": "Camino de la Sierra", "nombre_catastro": "CAMINO DE LA SIERRA", "tipo": "camino público", "clase": "camino", "municipio": "Cerezo de Abajo", "pueblo": "", "area_m2": 3747, "fuente": "Catastro · parcela de dominio público"}, "geometry": {"type": "Polygon", "coordinates": [[[-3.580922, 41.215073], [-3.580814, 41.215067], [-3.580682, 41.215049], [-3.58055, 41.215023], [-3.580421, 41.214991], [-3.580296, 41.214956], [-3.580165, 41.214915], [-3.580017, 41.21487], [-3.579845, 41.214818], [-3.579657, 41.214761], [-3.579463, 41.214702], [-3.579273, 41.214641], [-3.579085, 41.214575], [-3.578894, 41.2145], [-3.578696, 41.214412], [-3.578489, 41.214312], [-3.57827, 41.214201], [-3.578037, 41.21408], [-3.577786, 41.213948], [-3.577512, 41.213806], [-3.577214, 41.213652], [-3.576898, 41.213495], [-3.576578, 41.213341], [-3.576264, 41.2132], [-3.576009, 41.213091], [-3.575977, 41.213077], [-3.575736, 41.212979], [-3.575554, 41.212909], [-3.575424, 41.212865], [-3.575375, 41.212852], [-3.575331, 41.212841], [-3.57532, 41.212839], [-3.575303, 41.212804], [-3.575285, 41.21277], [-3.575328, 41.212775], [-3.575342, 41.212777], [-3.575367, 41.212783], [-3.575442, 41.212803], [-3.575581, 41.212849], [-3.575769, 41.212921], [-3.576009, 41.213019], [-3.576016, 41.213021], [-3.576306, 41.213145], [-3.576621, 41.213287], [-3.576802, 41.213374], [-3.576943, 41.213441], [-3.577259, 41.213599], [-3.577559, 41.213753], [-3.577833, 41.213896], [-3.578084, 41.214028], [-3.578316, 41.214148], [-3.578533, 41.214258], [-3.578738, 41.214357], [-3.578934, 41.214444], [-3.579123, 41.214518], [-3.579308, 41.214583], [-3.579496, 41.214644], [-3.579689, 41.214703], [-3.579877, 41.214759], [-3.579962, 41.214785], [-3.580048, 41.214811], [-3.580195, 41.214857], [-3.580237, 41.214869], [-3.580325, 41.214896], [-3.580447, 41.214931], [-3.580571, 41.214962], [-3.580698, 41.214987], [-3.580824, 41.215004], [-3.580902, 41.215009], [-3.580912, 41.215041], [-3.580918, 41.215058], [-3.580922, 41.215073]]]}}, {"type": "Feature", "properties": {"ref": "40059A01709001", "nombre": "Camino de la Sierra del Raso", "nombre_catastro": "CAMINO DE LA SIERRA DEL RASO", "tipo": "camino público", "clase": "camino", "municipio": "Cerezo de Abajo", "pueblo": "", "area_m2": 17311, "fuente": "Catastro · parcela de dominio público"}, "geometry": {"type": "Polygon", "coordinates": [[[-3.57532, 41.212839], [-3.575263, 41.212831], [-3.575207, 41.212842], [-3.575149, 41.212863], [-3.575075, 41.212888], [-3.574964, 41.212881], [-3.574803, 41.212812], [-3.574326, 41.212611], [-3.574031, 41.212541], [-3.57383, 41.212495], [-3.573651, 41.212435], [-3.573485, 41.212328], [-3.573273, 41.212244], [-3.573009, 41.212167], [-3.572725, 41.212093], [-3.572454, 41.212022], [-3.572221, 41.211952], [-3.572024, 41.211874], [-3.571855, 41.211774], [-3.571808, 41.21174], [-3.571697, 41.211663], [-3.571549, 41.21155], [-3.571417, 41.211431], [-3.571368, 41.211385], [-3.571334, 41.211353], [-3.571299, 41.211321], [-3.571193, 41.211224], [-3.571096, 41.211141], [-3.571004, 41.211075], [-3.570913, 41.211025], [-3.570819, 41.210992], [-3.570722, 41.210973], [-3.570621, 41.210962], [-3.570524, 41.210965], [-3.570431, 41.210981], [-3.570339, 41.211019], [-3.570246, 41.211071], [-3.57015, 41.211127], [-3.570041, 41.211184], [-3.569912, 41.211225], [-3.56976, 41.211245], [-3.569597, 41.211262], [-3.569436, 41.211283], [-3.569285, 41.211318], [-3.56922, 41.211338], [-3.569141, 41.211361], [-3.569, 41.211408], [-3.568858, 41.211457], [-3.568713, 41.21151], [-3.568563, 41.21157], [-3.568408, 41.211639], [-3.568297, 41.211695], [-3.568248, 41.21172], [-3.568086, 41.211814], [-3.567922, 41.211918], [-3.567899, 41.211933], [-3.567757, 41.212027], [-3.567593, 41.212135], [-3.56743, 41.212235], [-3.567265, 41.212326], [-3.567096, 41.212408], [-3.566922, 41.212486], [-3.566736, 41.212562], [-3.566522, 41.212619], [-3.566279, 41.212664], [-3.566028, 41.212726], [-3.565785, 41.212793], [-3.565551, 41.212821], [-3.56532, 41.212834], [-3.565077, 41.212836], [-3.564801, 41.212823], [-3.564503, 41.212801], [-3.564194, 41.212777], [-3.563887, 41.212757], [-3.563589, 41.212734], [-3.563308, 41.2127], [-3.563044, 41.21265], [-3.562781, 41.212591], [-3.562646, 41.212559], [-3.562508, 41.212525], [-3.562216, 41.212454], [-3.561916, 41.212384], [-3.561742, 41.212347], [-3.561627, 41.212322], [-3.561359, 41.212274], [-3.561109, 41.212234], [-3.560866, 41.212196], [-3.560628, 41.21215], [-3.560391, 41.212095], [-3.560145, 41.212031], [-3.560073, 41.212011], [-3.559889, 41.211959], [-3.559626, 41.211881], [-3.559361, 41.211803], [-3.559179, 41.211751], [-3.5591, 41.211729], [-3.558843, 41.211657], [-3.558591, 41.211581], [-3.558347, 41.211499], [-3.558115, 41.211419], [-3.558052, 41.211398], [-3.557899, 41.211347], [-3.557703, 41.21129], [-3.557514, 41.211246], [-3.55732, 41.211214], [-3.557111, 41.211189], [-3.556893, 41.211169], [-3.556682, 41.21114], [-3.556474, 41.211105], [-3.556275, 41.211076], [-3.556083, 41.211055], [-3.555896, 41.211052], [-3.555712, 41.211065], [-3.555534, 41.211086], [-3.555363, 41.211113], [-3.555196, 41.211142], [-3.555034, 41.211167], [-3.554875, 41.211182], [-3.554723, 41.211172], [-3.554566, 41.211155], [-3.554401, 41.211129], [-3.55423, 41.211094], [-3.554054, 41.21106], [-3.553907, 41.211037], [-3.553871, 41.211032], [-3.553682, 41.211012], [-3.553487, 41.211002], [-3.553287, 41.211001], [-3.553086, 41.211003], [-3.552892, 41.211003], [-3.552705, 41.210996], [-3.552526, 41.210982], [-3.552355, 41.210967], [-3.552189, 41.210952], [-3.552176, 41.210951], [-3.552028, 41.21094], [-3.55187, 41.21093], [-3.551706, 41.210922], [-3.551497, 41.210914], [-3.551199, 41.210902], [-3.551034, 41.210903], [-3.550834, 41.210924], [-3.550387, 41.210917], [-3.54974, 41.210882], [-3.549577, 41.21086], [-3.549462, 41.210849], [-3.549108, 41.210829], [-3.548751, 41.210828], [-3.548374, 41.210838], [-3.548192, 41.210834], [-3.54806, 41.210832], [-3.547847, 41.21083], [-3.547599, 41.210812], [-3.547487, 41.210805], [-3.547366, 41.210784], [-3.547269, 41.210762], [-3.547189, 41.210738], [-3.547119, 41.21071], [-3.547055, 41.210677], [-3.547072, 41.210658], [-3.547091, 41.210636], [-3.547152, 41.210669], [-3.547218, 41.210696], [-3.547293, 41.210719], [-3.547382, 41.210742], [-3.547499, 41.210763], [-3.547607, 41.210763], [-3.547853, 41.210781], [-3.548063, 41.210782], [-3.548196, 41.210785], [-3.548372, 41.210784], [-3.54875, 41.210774], [-3.549111, 41.210775], [-3.549469, 41.210795], [-3.549586, 41.210807], [-3.549748, 41.210823], [-3.550387, 41.210858], [-3.550823, 41.210864], [-3.551024, 41.210839], [-3.551203, 41.210834], [-3.551499, 41.21085], [-3.551707, 41.21086], [-3.551873, 41.210867], [-3.552032, 41.210878], [-3.552172, 41.210888], [-3.552194, 41.21089], [-3.552359, 41.210904], [-3.552531, 41.210919], [-3.552708, 41.210931], [-3.552895, 41.210938], [-3.55309, 41.210939], [-3.553291, 41.210938], [-3.553492, 41.210941], [-3.55369, 41.210952], [-3.553882, 41.210971], [-3.554068, 41.210999], [-3.554246, 41.211032], [-3.554415, 41.211064], [-3.554577, 41.211089], [-3.554727, 41.211109], [-3.554873, 41.211119], [-3.555026, 41.211105], [-3.555186, 41.21108], [-3.555351, 41.211051], [-3.555525, 41.211023], [-3.555706, 41.211002], [-3.555894, 41.210989], [-3.556089, 41.210989], [-3.556284, 41.211012], [-3.556486, 41.211042], [-3.556695, 41.211077], [-3.556912, 41.211114], [-3.557132, 41.211135], [-3.557344, 41.21116], [-3.557541, 41.211188], [-3.557733, 41.211226], [-3.557932, 41.211283], [-3.55815, 41.211355], [-3.55826, 41.211394], [-3.558383, 41.211437], [-3.558626, 41.21152], [-3.558875, 41.211599], [-3.559131, 41.211672], [-3.559392, 41.211746], [-3.559656, 41.211824], [-3.559918, 41.211901], [-3.560072, 41.211945], [-3.560173, 41.211973], [-3.560416, 41.212036], [-3.560652, 41.212089], [-3.560889, 41.212132], [-3.561126, 41.212173], [-3.561376, 41.212213], [-3.561644, 41.212261], [-3.561769, 41.212289], [-3.561935, 41.212324], [-3.562235, 41.212395], [-3.562528, 41.212466], [-3.5628, 41.212532], [-3.56306, 41.212591], [-3.563321, 41.212641], [-3.563603, 41.212672], [-3.563899, 41.212694], [-3.564203, 41.212714], [-3.564509, 41.212738], [-3.564804, 41.21276], [-3.565076, 41.212772], [-3.565315, 41.212772], [-3.565541, 41.212759], [-3.56577, 41.212731], [-3.566009, 41.212667], [-3.566253, 41.212601], [-3.566492, 41.212555], [-3.566705, 41.212505], [-3.56689, 41.212438], [-3.567059, 41.21236], [-3.56722, 41.212274], [-3.56738, 41.212182], [-3.567542, 41.212083], [-3.567706, 41.211976], [-3.567871, 41.211866], [-3.567898, 41.211849], [-3.568036, 41.211761], [-3.568201, 41.211667], [-3.568364, 41.211586], [-3.568522, 41.211516], [-3.568674, 41.211454], [-3.568821, 41.2114], [-3.568966, 41.21135], [-3.569007, 41.211336], [-3.56911, 41.211302], [-3.569257, 41.211258], [-3.56941, 41.211225], [-3.569573, 41.211203], [-3.569735, 41.211187], [-3.569886, 41.211167], [-3.570009, 41.211118], [-3.570115, 41.211064], [-3.57021, 41.211011], [-3.570308, 41.210965], [-3.57041, 41.210932], [-3.570508, 41.210913], [-3.570614, 41.210906], [-3.570724, 41.210914], [-3.570837, 41.210934], [-3.570945, 41.21097], [-3.57105, 41.211021], [-3.571147, 41.211092], [-3.571248, 41.211178], [-3.571356, 41.211277], [-3.571445, 41.21136], [-3.571474, 41.211387], [-3.571605, 41.211505], [-3.571751, 41.211617], [-3.571907, 41.21172], [-3.572074, 41.211814], [-3.572263, 41.211896], [-3.572492, 41.211965], [-3.57276, 41.212035], [-3.573044, 41.212109], [-3.573311, 41.212184], [-3.573516, 41.212277], [-3.573685, 41.21238], [-3.573863, 41.212438], [-3.574064, 41.212484], [-3.574359, 41.212555], [-3.574829, 41.21274], [-3.574975, 41.212805], [-3.575077, 41.212812], [-3.575147, 41.212792], [-3.575205, 41.212772], [-3.575266, 41.212767], [-3.575285, 41.21277], [-3.575303, 41.212804], [-3.57532, 41.212839]]]}}, {"type": "Feature", "properties": {"ref": "40059A00809008", "nombre": "Camino de las Matorras", "nombre_catastro": "CAMINO DE LAS MATORRAS", "tipo": "camino público", "clase": "camino", "municipio": "Cerezo de Abajo", "pueblo": "", "area_m2": 6841, "fuente": "Catastro · parcela de dominio público"}, "geometry": {"type": "Polygon", "coordinates": [[[-3.61768, 41.218794], [-3.617722, 41.218815], [-3.617692, 41.218855], [-3.617656, 41.2189], [-3.617642, 41.218855], [-3.617597, 41.218798], [-3.616868, 41.218297], [-3.616152, 41.217812], [-3.615556, 41.217402], [-3.614799, 41.216878], [-3.614189, 41.216461], [-3.613727, 41.216149], [-3.613629, 41.216082], [-3.613048, 41.215704], [-3.613044, 41.215702], [-3.612964, 41.215649], [-3.6127, 41.215477], [-3.612307, 41.215222], [-3.611876, 41.214942], [-3.611852, 41.214926], [-3.61184, 41.214918], [-3.61135, 41.214583], [-3.611121, 41.214422], [-3.610793, 41.214206], [-3.610658, 41.214117], [-3.6101, 41.213748], [-3.609713, 41.213492], [-3.609597, 41.213405], [-3.609066, 41.213005], [-3.608521, 41.212597], [-3.608346, 41.212468], [-3.608021, 41.212237], [-3.607499, 41.211855], [-3.60625, 41.210935], [-3.606008, 41.210745], [-3.605954, 41.210704], [-3.60591, 41.210707], [-3.605936, 41.210674], [-3.605971, 41.210631], [-3.605985, 41.210652], [-3.606021, 41.210686], [-3.606097, 41.21075], [-3.606279, 41.210891], [-3.606437, 41.211008], [-3.607121, 41.211508], [-3.607698, 41.211937], [-3.608387, 41.212436], [-3.608544, 41.212551], [-3.608977, 41.212874], [-3.609424, 41.213211], [-3.609597, 41.213341], [-3.609754, 41.213459], [-3.609825, 41.213506], [-3.610256, 41.213791], [-3.610503, 41.213954], [-3.61074, 41.214111], [-3.610933, 41.214238], [-3.611161, 41.214389], [-3.611482, 41.214615], [-3.61188, 41.214884], [-3.611941, 41.214925], [-3.611966, 41.21494], [-3.61214, 41.215054], [-3.613652, 41.216043], [-3.613724, 41.216092], [-3.614222, 41.216427], [-3.61501, 41.21696], [-3.615415, 41.217238], [-3.616047, 41.217672], [-3.61636, 41.217887], [-3.616824, 41.218205], [-3.617291, 41.21852], [-3.617639, 41.218763], [-3.61768, 41.218794]]]}}, {"type": "Feature", "properties": {"ref": "40059A00309004", "nombre": "Camino de las Viñas", "nombre_catastro": "CAMINO DE LAS VIÑAS", "tipo": "camino público", "clase": "camino", "municipio": "Cerezo de Abajo", "pueblo": "", "area_m2": 4410, "fuente": "Catastro · parcela de dominio público"}, "geometry": {"type": "Polygon", "coordinates": [[[-3.60137, 41.223333], [-3.601544, 41.223341], [-3.601543, 41.223364], [-3.601541, 41.223386], [-3.601147, 41.22337], [-3.600161, 41.223326], [-3.599655, 41.223299], [-3.599444, 41.223281], [-3.598858, 41.223219], [-3.598524, 41.223183], [-3.598316, 41.223166], [-3.598071, 41.223141], [-3.597761, 41.22311], [-3.597707, 41.223105], [-3.597684, 41.223102], [-3.597623, 41.223096], [-3.597139, 41.223044], [-3.596967, 41.223024], [-3.596443, 41.222967], [-3.59573, 41.222862], [-3.594939, 41.222704], [-3.594237, 41.222549], [-3.594171, 41.222531], [-3.593816, 41.222439], [-3.59374, 41.222409], [-3.593477, 41.222308], [-3.593053, 41.222155], [-3.592931, 41.22212], [-3.592798, 41.222081], [-3.592674, 41.222046], [-3.592489, 41.221993], [-3.592373, 41.221974], [-3.592145, 41.221936], [-3.591897, 41.221896], [-3.591461, 41.221892], [-3.591438, 41.221894], [-3.591336, 41.221907], [-3.591288, 41.221929], [-3.591286, 41.221932], [-3.591286, 41.221831], [-3.591297, 41.221837], [-3.591367, 41.221846], [-3.591438, 41.221843], [-3.591461, 41.221844], [-3.591904, 41.221855], [-3.592503, 41.221949], [-3.592672, 41.221998], [-3.592796, 41.222033], [-3.593075, 41.222114], [-3.593501, 41.222267], [-3.593764, 41.222369], [-3.594178, 41.222485], [-3.594258, 41.222504], [-3.594954, 41.22266], [-3.59552, 41.222775], [-3.595831, 41.222833], [-3.596468, 41.222924], [-3.596912, 41.222973], [-3.597151, 41.222999], [-3.597623, 41.223051], [-3.597684, 41.223058], [-3.59777, 41.223067], [-3.598325, 41.22312], [-3.598866, 41.223178], [-3.599379, 41.223232], [-3.59945, 41.223238], [-3.600166, 41.223281], [-3.600236, 41.223284], [-3.600473, 41.223295], [-3.600676, 41.223303], [-3.601141, 41.223324], [-3.601152, 41.223325], [-3.60137, 41.223333]]]}}, {"type": "Feature", "properties": {"ref": "40059A00509012", "nombre": "Camino de las Viñas", "nombre_catastro": "CAMINO DE LAS VIÑAS", "tipo": "camino público", "clase": "camino", "municipio": "Cerezo de Abajo", "pueblo": "", "area_m2": 1155, "fuente": "Catastro · parcela de dominio público"}, "geometry": {"type": "Polygon", "coordinates": [[[-3.603951, 41.222836], [-3.603944, 41.222859], [-3.603921, 41.222892], [-3.60389, 41.222917], [-3.603529, 41.22315], [-3.603169, 41.223369], [-3.602985, 41.223427], [-3.602794, 41.223428], [-3.602558, 41.223427], [-3.602394, 41.223421], [-3.601541, 41.223386], [-3.601543, 41.223364], [-3.601544, 41.223341], [-3.60185, 41.223353], [-3.602307, 41.223372], [-3.602562, 41.223381], [-3.602717, 41.223382], [-3.602796, 41.223383], [-3.602971, 41.223382], [-3.603136, 41.223331], [-3.603489, 41.223114], [-3.603848, 41.222874], [-3.603857, 41.222861], [-3.603853, 41.222841], [-3.603854, 41.222828], [-3.603903, 41.222834], [-3.603926, 41.222837], [-3.603951, 41.222836]]]}}, {"type": "Feature", "properties": {"ref": "40059A00409003", "nombre": "Camino de los Hueveros", "nombre_catastro": "CAMINO DE LOS HUEVEROS", "tipo": "camino público", "clase": "camino", "municipio": "Cerezo de Abajo", "pueblo": "", "area_m2": 3511, "fuente": "Catastro · parcela de dominio público"}, "geometry": {"type": "Polygon", "coordinates": [[[-3.577553, 41.224718], [-3.577553, 41.224803], [-3.577526, 41.224873], [-3.577479, 41.224946], [-3.577318, 41.225119], [-3.577092, 41.225313], [-3.576905, 41.225488], [-3.576831, 41.225557], [-3.576771, 41.225588], [-3.576707, 41.225587], [-3.576829, 41.225515], [-3.577026, 41.225334], [-3.577193, 41.225169], [-3.577393, 41.224978], [-3.577416, 41.224924], [-3.577469, 41.224839], [-3.57748, 41.224767], [-3.57748, 41.224711], [-3.577456, 41.224506], [-3.577421, 41.22425], [-3.577357, 41.223781], [-3.577358, 41.223611], [-3.577359, 41.223483], [-3.577428, 41.223276], [-3.577695, 41.222807], [-3.577838, 41.222361], [-3.577944, 41.2221], [-3.577996, 41.221952], [-3.578031, 41.22185], [-3.578036, 41.221834], [-3.578058, 41.221768], [-3.578077, 41.221697], [-3.578087, 41.221632], [-3.578089, 41.221567], [-3.578084, 41.2215], [-3.578076, 41.22143], [-3.57807, 41.221355], [-3.578067, 41.221291], [-3.578066, 41.221278], [-3.578067, 41.221234], [-3.578068, 41.221198], [-3.578076, 41.221117], [-3.578093, 41.221027], [-3.578118, 41.220922], [-3.578153, 41.22079], [-3.578203, 41.220608], [-3.578273, 41.220358], [-3.578261, 41.220329], [-3.578245, 41.220318], [-3.578317, 41.220313], [-3.578409, 41.220306], [-3.578382, 41.220319], [-3.578353, 41.220342], [-3.578342, 41.22036], [-3.578273, 41.220619], [-3.578223, 41.2208], [-3.578188, 41.220931], [-3.578163, 41.221034], [-3.578148, 41.221121], [-3.57814, 41.2212], [-3.578138, 41.221278], [-3.578139, 41.22129], [-3.578141, 41.221354], [-3.578148, 41.221428], [-3.578156, 41.221499], [-3.578161, 41.221568], [-3.578159, 41.221636], [-3.578148, 41.221704], [-3.578128, 41.221777], [-3.578101, 41.221861], [-3.578066, 41.221965], [-3.578013, 41.222114], [-3.577908, 41.222374], [-3.577839, 41.222588], [-3.577763, 41.222824], [-3.577496, 41.223294], [-3.577431, 41.22349], [-3.577429, 41.223778], [-3.577493, 41.22425], [-3.577519, 41.224444], [-3.577527, 41.224501], [-3.577553, 41.224718]]]}}, {"type": "Feature", "properties": {"ref": "40059A00409004", "nombre": "Camino de los Hueveros", "nombre_catastro": "CAMINO DE LOS HUEVEROS", "tipo": "camino público", "clase": "camino", "municipio": "Cerezo de Abajo", "pueblo": "", "area_m2": 3619, "fuente": "Catastro · parcela de dominio público"}, "geometry": {"type": "Polygon", "coordinates": [[[-3.579971, 41.218152], [-3.57987, 41.218443], [-3.579685, 41.219002], [-3.579633, 41.219134], [-3.579572, 41.219252], [-3.579493, 41.219369], [-3.579411, 41.219453], [-3.579227, 41.219588], [-3.579044, 41.219711], [-3.578995, 41.219744], [-3.578883, 41.21982], [-3.578773, 41.219897], [-3.578664, 41.219973], [-3.578554, 41.220054], [-3.578442, 41.220145], [-3.578415, 41.220183], [-3.578406, 41.220221], [-3.578411, 41.220249], [-3.578332, 41.220255], [-3.578233, 41.220262], [-3.578244, 41.220234], [-3.578276, 41.220202], [-3.578319, 41.220166], [-3.578389, 41.220109], [-3.57842, 41.220084], [-3.578503, 41.220017], [-3.578614, 41.219934], [-3.578724, 41.219857], [-3.578835, 41.21978], [-3.578894, 41.219739], [-3.578947, 41.219703], [-3.578986, 41.219677], [-3.579148, 41.219566], [-3.579295, 41.219461], [-3.579367, 41.21941], [-3.579443, 41.219321], [-3.579505, 41.219224], [-3.579579, 41.219084], [-3.57972, 41.218667], [-3.579852, 41.218271], [-3.579899, 41.218149], [-3.579959, 41.217987], [-3.579999, 41.217856], [-3.580007, 41.217825], [-3.580151, 41.217399], [-3.580165, 41.21733], [-3.580169, 41.217306], [-3.580167, 41.217262], [-3.580159, 41.217231], [-3.580146, 41.217201], [-3.580129, 41.217169], [-3.580108, 41.217131], [-3.580088, 41.21709], [-3.580075, 41.217048], [-3.580072, 41.217008], [-3.580079, 41.21697], [-3.580093, 41.216932], [-3.580114, 41.216893], [-3.580139, 41.216851], [-3.580169, 41.216803], [-3.580204, 41.216746], [-3.580242, 41.216685], [-3.580259, 41.216656], [-3.58028, 41.216623], [-3.580286, 41.216614], [-3.580316, 41.216566], [-3.580336, 41.216536], [-3.580348, 41.216517], [-3.580351, 41.216513], [-3.580364, 41.216495], [-3.580385, 41.216465], [-3.580418, 41.216422], [-3.580453, 41.216381], [-3.580495, 41.216339], [-3.580546, 41.216293], [-3.5806, 41.216245], [-3.580651, 41.2162], [-3.580692, 41.216159], [-3.580726, 41.216118], [-3.580758, 41.216074], [-3.580778, 41.216044], [-3.580793, 41.216022], [-3.580829, 41.215965], [-3.580868, 41.215906], [-3.580907, 41.215847], [-3.580934, 41.215809], [-3.580947, 41.215791], [-3.580987, 41.215738], [-3.581025, 41.215689], [-3.581061, 41.215642], [-3.581095, 41.215597], [-3.581108, 41.215632], [-3.581123, 41.215669], [-3.581087, 41.215716], [-3.581049, 41.215764], [-3.58101, 41.215817], [-3.580971, 41.215873], [-3.580931, 41.215931], [-3.580893, 41.21599], [-3.580856, 41.216048], [-3.580821, 41.216101], [-3.580787, 41.216147], [-3.580765, 41.216172], [-3.580751, 41.216189], [-3.580709, 41.216232], [-3.580658, 41.216278], [-3.580604, 41.216325], [-3.580553, 41.21637], [-3.580512, 41.216411], [-3.580479, 41.216451], [-3.580447, 41.216492], [-3.580431, 41.216514], [-3.580415, 41.216536], [-3.580402, 41.216557], [-3.58038, 41.21659], [-3.580344, 41.216647], [-3.580306, 41.216708], [-3.580269, 41.216769], [-3.580246, 41.216807], [-3.580235, 41.216825], [-3.580205, 41.216872], [-3.580181, 41.216912], [-3.580162, 41.216946], [-3.580149, 41.216978], [-3.580144, 41.21701], [-3.580147, 41.217043], [-3.580159, 41.217079], [-3.580178, 41.217116], [-3.580198, 41.217152], [-3.580215, 41.217185], [-3.580228, 41.217218], [-3.580238, 41.217253], [-3.58024, 41.217302], [-3.580236, 41.217329], [-3.580207, 41.217451], [-3.580045, 41.217957], [-3.580043, 41.217963], [-3.579971, 41.218152]]]}}, {"type": "Feature", "properties": {"ref": "40059A00409005", "nombre": "Camino de los Quemadillos", "nombre_catastro": "CAMINO DE LOS QUEMADILLOS", "tipo": "camino público", "clase": "camino", "municipio": "Cerezo de Abajo", "pueblo": "", "area_m2": 9420, "fuente": "Catastro · parcela de dominio público"}, "geometry": {"type": "Polygon", "coordinates": [[[-3.584734, 41.220671], [-3.584704, 41.220667], [-3.584328, 41.220619], [-3.584281, 41.220613], [-3.583768, 41.220546], [-3.583248, 41.220477], [-3.582834, 41.220422], [-3.582573, 41.220386], [-3.58226, 41.220336], [-3.581545, 41.220221], [-3.581397, 41.220198], [-3.581252, 41.220185], [-3.581214, 41.220183], [-3.581104, 41.220178], [-3.58094, 41.220175], [-3.580716, 41.220179], [-3.580378, 41.220192], [-3.579901, 41.220218], [-3.579361, 41.220249], [-3.578862, 41.220278], [-3.57848, 41.220301], [-3.578409, 41.220306], [-3.578317, 41.220313], [-3.578245, 41.220318], [-3.578195, 41.220322], [-3.577957, 41.220347], [-3.577727, 41.220383], [-3.57749, 41.220431], [-3.57724, 41.220495], [-3.576973, 41.220572], [-3.576703, 41.220656], [-3.57645, 41.220736], [-3.576224, 41.220805], [-3.576171, 41.22082], [-3.576077, 41.220845], [-3.576006, 41.220864], [-3.575768, 41.220915], [-3.575476, 41.220963], [-3.575065, 41.22102], [-3.574661, 41.221072], [-3.574462, 41.221097], [-3.573725, 41.221192], [-3.573633, 41.221204], [-3.573025, 41.221282], [-3.572751, 41.221317], [-3.57269, 41.221325], [-3.571786, 41.221441], [-3.57104, 41.221537], [-3.57094, 41.22155], [-3.570679, 41.221582], [-3.570459, 41.22161], [-3.570018, 41.22166], [-3.569683, 41.221689], [-3.569388, 41.221701], [-3.569054, 41.221701], [-3.568613, 41.221692], [-3.568022, 41.221672], [-3.567084, 41.221634], [-3.567148, 41.221606], [-3.567182, 41.221581], [-3.568026, 41.221616], [-3.568615, 41.221635], [-3.569054, 41.221644], [-3.569099, 41.221644], [-3.569385, 41.221645], [-3.569678, 41.221633], [-3.57001, 41.221603], [-3.570262, 41.221575], [-3.57045, 41.221553], [-3.57094, 41.221492], [-3.571029, 41.221481], [-3.571115, 41.22147], [-3.571774, 41.221385], [-3.572286, 41.221319], [-3.572678, 41.221269], [-3.57362, 41.221148], [-3.574448, 41.221042], [-3.574692, 41.22101], [-3.575049, 41.220964], [-3.575458, 41.220908], [-3.575748, 41.220861], [-3.575983, 41.22081], [-3.576077, 41.220785], [-3.576199, 41.220752], [-3.576423, 41.220683], [-3.576677, 41.220603], [-3.576947, 41.220519], [-3.577216, 41.220441], [-3.57747, 41.220377], [-3.57771, 41.220327], [-3.577943, 41.220291], [-3.578184, 41.220265], [-3.578233, 41.220262], [-3.578332, 41.220255], [-3.578411, 41.220249], [-3.578472, 41.220244], [-3.578855, 41.220222], [-3.579356, 41.220192], [-3.579897, 41.220161], [-3.580311, 41.220139], [-3.580376, 41.220136], [-3.580715, 41.220122], [-3.580942, 41.220118], [-3.581109, 41.220121], [-3.581214, 41.220126], [-3.581261, 41.220129], [-3.58141, 41.220142], [-3.581562, 41.220165], [-3.582213, 41.22027], [-3.582275, 41.22028], [-3.582588, 41.22033], [-3.582704, 41.220346], [-3.582848, 41.220366], [-3.583262, 41.220421], [-3.583781, 41.22049], [-3.583955, 41.220512], [-3.584293, 41.220557], [-3.5845, 41.220583], [-3.584641, 41.220602], [-3.584653, 41.220611], [-3.584687, 41.220636], [-3.584732, 41.220669], [-3.584734, 41.220671]]]}}, {"type": "Feature", "properties": {"ref": "40059A00409017", "nombre": "Camino de los Quemadillos", "nombre_catastro": "CAMINO DE LOS QUEMADILLOS", "tipo": "camino público", "clase": "camino", "municipio": "Cerezo de Abajo", "pueblo": "", "area_m2": 501, "fuente": "Catastro · parcela de dominio público"}, "geometry": {"type": "Polygon", "coordinates": [[[-3.588022, 41.22084], [-3.587474, 41.220807], [-3.587095, 41.220784], [-3.5871, 41.22074], [-3.587098, 41.220738], [-3.587477, 41.220766], [-3.587866, 41.220795], [-3.588027, 41.220795], [-3.588282, 41.220795], [-3.588352, 41.220774], [-3.588465, 41.220741], [-3.588336, 41.220822], [-3.588277, 41.220833], [-3.588202, 41.220841], [-3.588066, 41.220842], [-3.588022, 41.22084]]]}}, {"type": "Feature", "properties": {"ref": "40059A00409002", "nombre": "Camino de Servicio", "nombre_catastro": "CAMINO DE SERVICIO", "tipo": "camino público", "clase": "camino", "municipio": "Cerezo de Abajo", "pueblo": "", "area_m2": 5494, "fuente": "Catastro · parcela de dominio público"}, "geometry": {"type": "Polygon", "coordinates": [[[-3.577031, 41.225589], [-3.577722, 41.225619], [-3.577732, 41.225619], [-3.577748, 41.225619], [-3.578101, 41.225608], [-3.578296, 41.225577], [-3.578325, 41.225573], [-3.578478, 41.225529], [-3.5786, 41.225484], [-3.578705, 41.225433], [-3.578808, 41.225371], [-3.578923, 41.225304], [-3.579062, 41.225232], [-3.579235, 41.225152], [-3.579288, 41.225131], [-3.579458, 41.225063], [-3.579509, 41.225046], [-3.579751, 41.224965], [-3.58014, 41.224852], [-3.580686, 41.224715], [-3.581254, 41.224588], [-3.581459, 41.224545], [-3.581687, 41.224474], [-3.581847, 41.224416], [-3.582004, 41.224356], [-3.582161, 41.224293], [-3.582245, 41.224254], [-3.582312, 41.224223], [-3.582457, 41.224144], [-3.582592, 41.224057], [-3.582715, 41.223967], [-3.582818, 41.223879], [-3.582898, 41.223798], [-3.582962, 41.223718], [-3.583018, 41.223637], [-3.583078, 41.223552], [-3.583141, 41.223467], [-3.583206, 41.223388], [-3.583281, 41.223324], [-3.583373, 41.223264], [-3.5835, 41.223201], [-3.583671, 41.223131], [-3.583752, 41.223102], [-3.583865, 41.223061], [-3.584052, 41.222997], [-3.584211, 41.222951], [-3.584353, 41.222918], [-3.584499, 41.222894], [-3.584663, 41.222873], [-3.584707, 41.222869], [-3.584833, 41.222856], [-3.584992, 41.222841], [-3.585126, 41.222827], [-3.585173, 41.222819], [-3.585252, 41.222801], [-3.585376, 41.222772], [-3.585498, 41.222714], [-3.585678, 41.222599], [-3.586208, 41.222213], [-3.586361, 41.222108], [-3.586494, 41.222016], [-3.586569, 41.221959], [-3.586601, 41.221938], [-3.586631, 41.221957], [-3.586662, 41.221976], [-3.586622, 41.222005], [-3.586542, 41.222059], [-3.586399, 41.222158], [-3.586361, 41.222181], [-3.586018, 41.222421], [-3.585726, 41.222634], [-3.58553, 41.222745], [-3.585406, 41.222813], [-3.585272, 41.222852], [-3.585145, 41.222877], [-3.585008, 41.222893], [-3.584849, 41.222909], [-3.58468, 41.222926], [-3.584518, 41.222946], [-3.584375, 41.22297], [-3.584235, 41.223002], [-3.58408, 41.223047], [-3.583897, 41.223109], [-3.583771, 41.223155], [-3.583708, 41.223178], [-3.583541, 41.223245], [-3.583419, 41.223305], [-3.583332, 41.223362], [-3.58326, 41.223423], [-3.583198, 41.2235], [-3.583167, 41.223541], [-3.583136, 41.223583], [-3.583077, 41.223667], [-3.583021, 41.223749], [-3.582957, 41.223829], [-3.582871, 41.223909], [-3.582763, 41.223998], [-3.582637, 41.224091], [-3.582498, 41.224181], [-3.582376, 41.224248], [-3.582349, 41.224262], [-3.582196, 41.224335], [-3.582041, 41.224405], [-3.581882, 41.224463], [-3.581723, 41.224521], [-3.581698, 41.22453], [-3.581478, 41.224598], [-3.581254, 41.224644], [-3.580708, 41.224766], [-3.580166, 41.224902], [-3.579781, 41.225014], [-3.579674, 41.22505], [-3.579492, 41.225111], [-3.579271, 41.225198], [-3.579149, 41.225255], [-3.579101, 41.225277], [-3.578963, 41.22535], [-3.578864, 41.225406], [-3.578846, 41.225417], [-3.57874, 41.22548], [-3.578663, 41.225516], [-3.57863, 41.225532], [-3.578503, 41.225578], [-3.578342, 41.225622], [-3.578112, 41.22566], [-3.578069, 41.225662], [-3.577778, 41.225672], [-3.57776, 41.225672], [-3.577725, 41.225673], [-3.577652, 41.225669], [-3.577453, 41.225661], [-3.577079, 41.225651], [-3.577031, 41.225589]]]}}, {"type": "Feature", "properties": {"ref": "40059A00609004", "nombre": "Camino del Chorrón Grande", "nombre_catastro": "CAMINO DEL CHORRÓN GRANDE", "tipo": "camino público", "clase": "camino", "municipio": "Cerezo de Abajo", "pueblo": "", "area_m2": 9660, "fuente": "Catastro · parcela de dominio público"}, "geometry": {"type": "Polygon", "coordinates": [[[-3.592377, 41.216958], [-3.592357, 41.216945], [-3.592637, 41.216846], [-3.592664, 41.216865], [-3.592664, 41.216865], [-3.592725, 41.216846], [-3.592801, 41.216821], [-3.592825, 41.216814], [-3.592895, 41.216792], [-3.592974, 41.216767], [-3.593074, 41.216734], [-3.593139, 41.216711], [-3.593179, 41.216694], [-3.593203, 41.216677], [-3.593212, 41.216663], [-3.593216, 41.216657], [-3.593226, 41.216592], [-3.593231, 41.216546], [-3.593233, 41.216518], [-3.593235, 41.216502], [-3.593234, 41.216459], [-3.593232, 41.216402], [-3.593237, 41.216333], [-3.593242, 41.216263], [-3.593274, 41.216105], [-3.59329, 41.215979], [-3.593288, 41.215905], [-3.593277, 41.215874], [-3.593241, 41.215772], [-3.593204, 41.215654], [-3.593192, 41.215577], [-3.593184, 41.215521], [-3.593183, 41.215393], [-3.593191, 41.215301], [-3.593214, 41.215251], [-3.593222, 41.215232], [-3.593213, 41.215183], [-3.593199, 41.215115], [-3.593182, 41.215044], [-3.593158, 41.214973], [-3.593127, 41.2149], [-3.593087, 41.214826], [-3.59304, 41.214751], [-3.592986, 41.214676], [-3.592926, 41.214601], [-3.592861, 41.214528], [-3.592822, 41.214487], [-3.592792, 41.214456], [-3.592719, 41.214386], [-3.59267, 41.214344], [-3.59264, 41.214317], [-3.592557, 41.21425], [-3.592473, 41.214185], [-3.592454, 41.214172], [-3.592394, 41.214129], [-3.592324, 41.214081], [-3.59226, 41.214041], [-3.592214, 41.214015], [-3.592197, 41.214005], [-3.592132, 41.213971], [-3.592065, 41.213937], [-3.591998, 41.213903], [-3.591929, 41.213869], [-3.591861, 41.213833], [-3.591792, 41.21379], [-3.591723, 41.21374], [-3.591658, 41.213686], [-3.59163, 41.213661], [-3.5916, 41.213635], [-3.59159, 41.213625], [-3.591551, 41.21359], [-3.59153, 41.21357], [-3.591509, 41.21355], [-3.59147, 41.213512], [-3.591461, 41.213503], [-3.591433, 41.213475], [-3.591396, 41.213438], [-3.591358, 41.213401], [-3.591319, 41.213366], [-3.591306, 41.213355], [-3.591279, 41.213331], [-3.591234, 41.213295], [-3.591185, 41.213257], [-3.591135, 41.213221], [-3.591086, 41.213189], [-3.591041, 41.213164], [-3.590999, 41.213145], [-3.590955, 41.21313], [-3.590909, 41.213117], [-3.590857, 41.213105], [-3.590797, 41.213093], [-3.590737, 41.213079], [-3.590727, 41.213077], [-3.590642, 41.213048], [-3.590534, 41.212994], [-3.590507, 41.212979], [-3.590464, 41.212957], [-3.590417, 41.212933], [-3.590338, 41.212905], [-3.590253, 41.212889], [-3.590174, 41.212876], [-3.5901, 41.212867], [-3.590029, 41.212858], [-3.58996, 41.21285], [-3.589889, 41.21284], [-3.589817, 41.212828], [-3.58981, 41.212827], [-3.589743, 41.212812], [-3.589669, 41.212792], [-3.589598, 41.212768], [-3.589557, 41.21275], [-3.589533, 41.212739], [-3.589473, 41.212708], [-3.589416, 41.212675], [-3.589361, 41.212641], [-3.589344, 41.212632], [-3.589306, 41.21261], [-3.589251, 41.212582], [-3.589195, 41.212559], [-3.589137, 41.212541], [-3.589074, 41.212528], [-3.589007, 41.212519], [-3.588973, 41.212516], [-3.588935, 41.212512], [-3.588857, 41.212504], [-3.588775, 41.212494], [-3.588691, 41.212478], [-3.588607, 41.212455], [-3.588525, 41.212425], [-3.58844, 41.212388], [-3.588344, 41.212345], [-3.588233, 41.212298], [-3.588107, 41.212243], [-3.587969, 41.212181], [-3.587846, 41.212121], [-3.587826, 41.212111], [-3.587688, 41.21204], [-3.587569, 41.211977], [-3.587479, 41.211926], [-3.587411, 41.211884], [-3.587359, 41.211842], [-3.587317, 41.211795], [-3.587299, 41.211768], [-3.587285, 41.211745], [-3.587265, 41.211691], [-3.587259, 41.211635], [-3.587265, 41.211579], [-3.587278, 41.211519], [-3.587298, 41.211456], [-3.587322, 41.211386], [-3.587348, 41.21131], [-3.587377, 41.211226], [-3.587407, 41.211134], [-3.587438, 41.211035], [-3.587472, 41.210927], [-3.587508, 41.210801], [-3.58753, 41.210717], [-3.587549, 41.210644], [-3.587551, 41.210634], [-3.587594, 41.210446], [-3.587643, 41.210213], [-3.587692, 41.209955], [-3.587738, 41.209685], [-3.587777, 41.209429], [-3.587803, 41.20922], [-3.587813, 41.209077], [-3.587809, 41.208985], [-3.587796, 41.208916], [-3.587776, 41.208845], [-3.587752, 41.208764], [-3.587724, 41.208666], [-3.587693, 41.208547], [-3.587665, 41.208403], [-3.58764, 41.208233], [-3.587624, 41.208027], [-3.587621, 41.207788], [-3.587621, 41.207745], [-3.587621, 41.207736], [-3.587623, 41.207677], [-3.587627, 41.207554], [-3.587632, 41.207412], [-3.587635, 41.207308], [-3.587636, 41.207282], [-3.587642, 41.207139], [-3.587645, 41.207037], [-3.587649, 41.20696], [-3.587654, 41.206824], [-3.587658, 41.206703], [-3.587664, 41.206571], [-3.587665, 41.206523], [-3.587673, 41.206305], [-3.587672, 41.20626], [-3.587668, 41.206245], [-3.587661, 41.206223], [-3.58765, 41.206192], [-3.587634, 41.206149], [-3.587609, 41.20609], [-3.587571, 41.206007], [-3.587516, 41.205887], [-3.587473, 41.205795], [-3.587429, 41.205702], [-3.587264, 41.205354], [-3.58727, 41.205355], [-3.5873, 41.205361], [-3.587336, 41.205368], [-3.587485, 41.205687], [-3.587539, 41.205802], [-3.587572, 41.205873], [-3.587628, 41.205993], [-3.587666, 41.206077], [-3.587691, 41.206137], [-3.587708, 41.206181], [-3.58772, 41.206214], [-3.587727, 41.206238], [-3.587732, 41.206254], [-3.587733, 41.2063], [-3.587723, 41.206569], [-3.587718, 41.20672], [-3.587713, 41.20684], [-3.587708, 41.206968], [-3.587701, 41.207143], [-3.587695, 41.20731], [-3.587682, 41.207677], [-3.58768, 41.207737], [-3.587681, 41.207788], [-3.587684, 41.208025], [-3.5877, 41.208229], [-3.587724, 41.208397], [-3.587752, 41.208539], [-3.587782, 41.208657], [-3.58781, 41.208754], [-3.587835, 41.208836], [-3.587855, 41.208909], [-3.587869, 41.208981], [-3.587873, 41.209076], [-3.587867, 41.209151], [-3.587863, 41.209221], [-3.587836, 41.209433], [-3.587797, 41.20969], [-3.587751, 41.209961], [-3.587734, 41.21005], [-3.587702, 41.21022], [-3.587685, 41.210304], [-3.587653, 41.210453], [-3.587612, 41.210634], [-3.587608, 41.210652], [-3.587602, 41.210675], [-3.587591, 41.210717], [-3.587567, 41.21081], [-3.587535, 41.210922], [-3.58753, 41.210937], [-3.587496, 41.211045], [-3.587465, 41.211145], [-3.587444, 41.211207], [-3.587435, 41.211237], [-3.587406, 41.211321], [-3.58738, 41.211397], [-3.587356, 41.211466], [-3.587337, 41.211527], [-3.587324, 41.211583], [-3.587319, 41.211634], [-3.587324, 41.211683], [-3.587341, 41.211729], [-3.587369, 41.211773], [-3.587406, 41.211814], [-3.587454, 41.211852], [-3.587517, 41.211892], [-3.587605, 41.211941], [-3.587722, 41.212003], [-3.587859, 41.212073], [-3.588001, 41.212143], [-3.588016, 41.21215], [-3.588137, 41.212204], [-3.588263, 41.212259], [-3.588374, 41.212306], [-3.588469, 41.212348], [-3.588551, 41.212385], [-3.58863, 41.212414], [-3.588709, 41.212435], [-3.588789, 41.21245], [-3.588867, 41.21246], [-3.588944, 41.212467], [-3.589018, 41.212475], [-3.589031, 41.212476], [-3.589089, 41.212484], [-3.589156, 41.212499], [-3.58922, 41.212518], [-3.589239, 41.212526], [-3.589281, 41.212543], [-3.58934, 41.212572], [-3.589352, 41.212579], [-3.589396, 41.212605], [-3.589452, 41.212638], [-3.589507, 41.212671], [-3.589565, 41.212701], [-3.589626, 41.212728], [-3.589692, 41.212751], [-3.589762, 41.21277], [-3.589822, 41.212782], [-3.589833, 41.212785], [-3.589902, 41.212796], [-3.58997, 41.212805], [-3.590039, 41.212814], [-3.59011, 41.212822], [-3.590185, 41.212832], [-3.590268, 41.212845], [-3.59036, 41.212863], [-3.590449, 41.212891], [-3.590492, 41.212915], [-3.590535, 41.212939], [-3.59057, 41.212958], [-3.59067, 41.213008], [-3.59075, 41.213035], [-3.590817, 41.21305], [-3.590876, 41.213063], [-3.59093, 41.213075], [-3.59098, 41.213089], [-3.591026, 41.213105], [-3.591073, 41.213126], [-3.591121, 41.213153], [-3.591173, 41.213187], [-3.591226, 41.213224], [-3.591277, 41.213263], [-3.591323, 41.213301], [-3.591365, 41.213337], [-3.591404, 41.213373], [-3.591442, 41.21341], [-3.59148, 41.213447], [-3.591506, 41.213473], [-3.591517, 41.213485], [-3.591533, 41.2135], [-3.591556, 41.213522], [-3.591597, 41.213562], [-3.591606, 41.21357], [-3.591645, 41.213606], [-3.591667, 41.213625], [-3.591702, 41.213656], [-3.591765, 41.213707], [-3.591831, 41.213756], [-3.591898, 41.213797], [-3.591965, 41.213833], [-3.592032, 41.213866], [-3.592102, 41.213896], [-3.592167, 41.213934], [-3.592213, 41.213959], [-3.592232, 41.213969], [-3.592297, 41.214006], [-3.592362, 41.214047], [-3.592434, 41.214095], [-3.592514, 41.214153], [-3.5926, 41.214218], [-3.592685, 41.214287], [-3.592765, 41.214358], [-3.59284, 41.214429], [-3.59291, 41.214502], [-3.592976, 41.214577], [-3.593038, 41.214654], [-3.593093, 41.214731], [-3.593142, 41.214808], [-3.593183, 41.214885], [-3.593216, 41.21496], [-3.59324, 41.215034], [-3.593254, 41.215089], [-3.593258, 41.215106], [-3.593272, 41.215176], [-3.593284, 41.215243], [-3.593297, 41.215307], [-3.593302, 41.215335], [-3.593309, 41.215367], [-3.593322, 41.215425], [-3.593339, 41.215484], [-3.593359, 41.215549], [-3.593385, 41.215623], [-3.5934, 41.215664], [-3.593414, 41.215703], [-3.593435, 41.215767], [-3.59344, 41.215782], [-3.593463, 41.215857], [-3.593476, 41.21591], [-3.59348, 41.215927], [-3.593492, 41.215991], [-3.593496, 41.216019], [-3.593499, 41.216051], [-3.593501, 41.216106], [-3.593497, 41.216155], [-3.593488, 41.216199], [-3.593474, 41.216238], [-3.593456, 41.216272], [-3.593436, 41.216303], [-3.593415, 41.216332], [-3.593396, 41.21636], [-3.593379, 41.216391], [-3.593365, 41.216424], [-3.593353, 41.216459], [-3.593342, 41.216498], [-3.593337, 41.216516], [-3.593337, 41.216518], [-3.593332, 41.216537], [-3.593329, 41.216546], [-3.593319, 41.216577], [-3.593305, 41.216616], [-3.593288, 41.216652], [-3.593269, 41.216682], [-3.593262, 41.21669], [-3.593249, 41.216706], [-3.59322, 41.216726], [-3.593175, 41.216747], [-3.593116, 41.216769], [-3.593105, 41.216773], [-3.59306, 41.216787], [-3.593007, 41.216805], [-3.593001, 41.216807], [-3.592961, 41.216819], [-3.592913, 41.216835], [-3.592872, 41.216848], [-3.592851, 41.216855], [-3.592652, 41.216917], [-3.592449, 41.216983], [-3.592262, 41.217047], [-3.592241, 41.217032], [-3.592216, 41.217013], [-3.592241, 41.217005], [-3.59231, 41.216981], [-3.592377, 41.216958]]]}}, {"type": "Feature", "properties": {"ref": "40059A00609003", "nombre": "Camino del Praejón", "nombre_catastro": "CAMINO DEL PRAEJÓN", "tipo": "camino público", "clase": "camino", "municipio": "Cerezo de Abajo", "pueblo": "", "area_m2": 4945, "fuente": "Catastro · parcela de dominio público"}, "geometry": {"type": "Polygon", "coordinates": [[[-3.600154, 41.20945], [-3.599955, 41.209746], [-3.599909, 41.209814], [-3.599892, 41.209845], [-3.599867, 41.209889], [-3.599794, 41.210017], [-3.599756, 41.210131], [-3.599753, 41.210139], [-3.599741, 41.210247], [-3.599743, 41.210354], [-3.599753, 41.21046], [-3.599763, 41.210563], [-3.59977, 41.210654], [-3.599771, 41.210662], [-3.599772, 41.210756], [-3.59976, 41.210853], [-3.599723, 41.211011], [-3.599648, 41.211293], [-3.599603, 41.211464], [-3.59953, 41.211737], [-3.599419, 41.212154], [-3.599394, 41.212247], [-3.599367, 41.212351], [-3.599325, 41.212511], [-3.599312, 41.21256], [-3.599275, 41.2127], [-3.599198, 41.213005], [-3.59918, 41.213097], [-3.599157, 41.213213], [-3.599133, 41.213409], [-3.599122, 41.213587], [-3.599113, 41.213713], [-3.599085, 41.21438], [-3.599038, 41.215699], [-3.599043, 41.215741], [-3.599068, 41.215774], [-3.599087, 41.215785], [-3.599099, 41.215792], [-3.599029, 41.215867], [-3.599002, 41.215896], [-3.598943, 41.215964], [-3.598962, 41.215886], [-3.598964, 41.215791], [-3.598967, 41.215698], [-3.599013, 41.214378], [-3.599042, 41.213709], [-3.59905, 41.213587], [-3.599054, 41.213532], [-3.599062, 41.213404], [-3.599086, 41.213207], [-3.599128, 41.212997], [-3.599204, 41.212691], [-3.599324, 41.212237], [-3.59946, 41.211727], [-3.599474, 41.211672], [-3.599463, 41.211661], [-3.599417, 41.21165], [-3.598545, 41.211462], [-3.598253, 41.2114], [-3.598261, 41.211378], [-3.59827, 41.211356], [-3.599433, 41.211606], [-3.599476, 41.211605], [-3.599493, 41.211602], [-3.599578, 41.211284], [-3.59964, 41.211048], [-3.599652, 41.211003], [-3.599688, 41.210848], [-3.5997, 41.210753], [-3.599699, 41.210689], [-3.599699, 41.210661], [-3.599699, 41.210655], [-3.599692, 41.210572], [-3.599692, 41.210564], [-3.599681, 41.210461], [-3.599671, 41.210353], [-3.59967, 41.210243], [-3.599683, 41.21013], [-3.599725, 41.210002], [-3.599843, 41.209794], [-3.600067, 41.20946], [-3.600111, 41.209455], [-3.600154, 41.20945]]]}}, {"type": "Feature", "properties": {"ref": "40059A00709013", "nombre": "Camino del Praejón", "nombre_catastro": "CAMINO DEL PRAEJÓN", "tipo": "camino público", "clase": "camino", "municipio": "Cerezo de Abajo", "pueblo": "", "area_m2": 630, "fuente": "Catastro · parcela de dominio público"}, "geometry": {"type": "Polygon", "coordinates": [[[-3.604769, 41.207098], [-3.604781, 41.207113], [-3.604796, 41.207121], [-3.603593, 41.208371], [-3.603554, 41.20835], [-3.604769, 41.207098]]]}}, {"type": "Feature", "properties": {"ref": "40059A00909001", "nombre": "Camino del Raso", "nombre_catastro": "CAMINO DEL RASO", "tipo": "camino público", "clase": "camino", "municipio": "Cerezo de Abajo", "pueblo": "", "area_m2": 19770, "fuente": "Catastro · parcela de dominio público"}, "geometry": {"type": "Polygon", "coordinates": [[[-3.580316, 41.216566], [-3.580286, 41.216614], [-3.58028, 41.216623], [-3.580259, 41.216656], [-3.580239, 41.216648], [-3.580173, 41.216644], [-3.579545, 41.216721], [-3.579153, 41.216756], [-3.578891, 41.216776], [-3.578669, 41.2168], [-3.57847, 41.216829], [-3.578295, 41.216863], [-3.578146, 41.216899], [-3.578022, 41.216936], [-3.577922, 41.216972], [-3.577847, 41.217009], [-3.577785, 41.217043], [-3.577728, 41.217071], [-3.577667, 41.217092], [-3.577601, 41.21711], [-3.577531, 41.217132], [-3.57746, 41.217163], [-3.577388, 41.217202], [-3.577316, 41.217248], [-3.577245, 41.217302], [-3.577171, 41.217359], [-3.577088, 41.217415], [-3.576992, 41.217467], [-3.576888, 41.217517], [-3.57678, 41.217568], [-3.576671, 41.217622], [-3.576562, 41.217676], [-3.576452, 41.217723], [-3.576333, 41.217761], [-3.576185, 41.217795], [-3.575979, 41.217831], [-3.575944, 41.217837], [-3.575702, 41.217876], [-3.575387, 41.217927], [-3.575083, 41.217984], [-3.574828, 41.218045], [-3.574621, 41.218107], [-3.574451, 41.218168], [-3.574309, 41.218226], [-3.574181, 41.218282], [-3.574055, 41.218337], [-3.573919, 41.21839], [-3.573772, 41.218438], [-3.573614, 41.218478], [-3.573444, 41.218508], [-3.573263, 41.218525], [-3.57307, 41.218527], [-3.572867, 41.218514], [-3.572661, 41.21849], [-3.57246, 41.218462], [-3.572269, 41.218436], [-3.57209, 41.218415], [-3.571993, 41.218407], [-3.571921, 41.218402], [-3.571763, 41.218399], [-3.571616, 41.218407], [-3.57148, 41.218424], [-3.571354, 41.218448], [-3.571232, 41.218474], [-3.571103, 41.218497], [-3.570961, 41.218514], [-3.570803, 41.21853], [-3.570628, 41.218552], [-3.570434, 41.218585], [-3.570208, 41.218631], [-3.569937, 41.218689], [-3.569615, 41.218757], [-3.569269, 41.218826], [-3.568934, 41.218885], [-3.568636, 41.218927], [-3.568369, 41.218956], [-3.568119, 41.218981], [-3.567874, 41.219008], [-3.567634, 41.219033], [-3.567403, 41.219051], [-3.567181, 41.219058], [-3.566966, 41.219052], [-3.566751, 41.219033], [-3.566532, 41.219002], [-3.566314, 41.218967], [-3.566101, 41.218933], [-3.565898, 41.218908], [-3.5657, 41.218887], [-3.565501, 41.218865], [-3.565296, 41.218837], [-3.565088, 41.218807], [-3.564881, 41.218778], [-3.564673, 41.218752], [-3.564454, 41.218729], [-3.564205, 41.218703], [-3.563921, 41.218673], [-3.563625, 41.218642], [-3.563352, 41.218612], [-3.563125, 41.218586], [-3.562939, 41.218567], [-3.562777, 41.218558], [-3.562627, 41.218558], [-3.562486, 41.218561], [-3.562356, 41.21856], [-3.56233, 41.218557], [-3.562234, 41.218547], [-3.562093, 41.218522], [-3.561906, 41.218484], [-3.561651, 41.218434], [-3.561354, 41.218381], [-3.561047, 41.218334], [-3.560758, 41.2183], [-3.560487, 41.21828], [-3.560226, 41.218271], [-3.55997, 41.21827], [-3.559714, 41.218274], [-3.559455, 41.218276], [-3.55919, 41.218274], [-3.558918, 41.218272], [-3.558642, 41.218274], [-3.558363, 41.218283], [-3.558089, 41.218296], [-3.557831, 41.218307], [-3.557596, 41.218314], [-3.557383, 41.218315], [-3.557189, 41.218311], [-3.557012, 41.218304], [-3.556851, 41.218297], [-3.556705, 41.218293], [-3.556575, 41.218296], [-3.556452, 41.218301], [-3.556327, 41.218304], [-3.556255, 41.218303], [-3.556193, 41.218301], [-3.556056, 41.218294], [-3.555925, 41.218285], [-3.555805, 41.218276], [-3.555694, 41.21827], [-3.555589, 41.218268], [-3.555484, 41.218271], [-3.555369, 41.218275], [-3.555235, 41.218276], [-3.555075, 41.218268], [-3.554899, 41.218257], [-3.554721, 41.218247], [-3.554551, 41.218243], [-3.554387, 41.21824], [-3.554227, 41.218234], [-3.554066, 41.21822], [-3.553904, 41.218199], [-3.553742, 41.21817], [-3.553577, 41.218134], [-3.55341, 41.218092], [-3.553238, 41.218045], [-3.553061, 41.217994], [-3.552913, 41.217949], [-3.552881, 41.21794], [-3.552701, 41.217884], [-3.552659, 41.217871], [-3.552526, 41.217828], [-3.552356, 41.217775], [-3.552192, 41.217724], [-3.552033, 41.217678], [-3.551873, 41.217639], [-3.551703, 41.217607], [-3.551518, 41.217585], [-3.551337, 41.217572], [-3.551183, 41.217568], [-3.551003, 41.217568], [-3.550894, 41.217554], [-3.550787, 41.217533], [-3.550682, 41.217509], [-3.550574, 41.217488], [-3.550461, 41.217471], [-3.550338, 41.217461], [-3.550202, 41.217457], [-3.550048, 41.217456], [-3.549876, 41.217455], [-3.549693, 41.217452], [-3.549513, 41.217446], [-3.549345, 41.217435], [-3.549193, 41.217419], [-3.549058, 41.217397], [-3.548938, 41.217369], [-3.548824, 41.217335], [-3.548706, 41.217296], [-3.548575, 41.217253], [-3.548428, 41.217209], [-3.548266, 41.217169], [-3.548089, 41.217135], [-3.547903, 41.217105], [-3.547716, 41.217078], [-3.547533, 41.21705], [-3.547355, 41.217023], [-3.547182, 41.216999], [-3.547013, 41.216978], [-3.546852, 41.216961], [-3.546702, 41.216951], [-3.546566, 41.216946], [-3.546436, 41.216943], [-3.546306, 41.216941], [-3.546169, 41.216936], [-3.54603, 41.216927], [-3.545896, 41.216912], [-3.545771, 41.21689], [-3.545655, 41.216861], [-3.545546, 41.216824], [-3.545443, 41.216778], [-3.54534, 41.216725], [-3.545229, 41.216669], [-3.545106, 41.216613], [-3.54497, 41.216562], [-3.544822, 41.216517], [-3.544663, 41.216482], [-3.544502, 41.216451], [-3.544346, 41.216421], [-3.544201, 41.216384], [-3.544058, 41.216339], [-3.543907, 41.216282], [-3.543737, 41.21621], [-3.543545, 41.216125], [-3.543327, 41.216025], [-3.543083, 41.215911], [-3.542978, 41.215863], [-3.542891, 41.215823], [-3.542813, 41.215788], [-3.542521, 41.215658], [-3.542214, 41.215525], [-3.541916, 41.2154], [-3.541654, 41.215291], [-3.541449, 41.215207], [-3.541289, 41.21514], [-3.541157, 41.215084], [-3.541035, 41.21503], [-3.540911, 41.214979], [-3.540774, 41.214933], [-3.540614, 41.214896], [-3.540434, 41.214863], [-3.540234, 41.214832], [-3.54002, 41.214798], [-3.539798, 41.214761], [-3.539576, 41.214718], [-3.539361, 41.214667], [-3.539156, 41.214608], [-3.538964, 41.214539], [-3.538786, 41.214459], [-3.538615, 41.214365], [-3.538443, 41.214255], [-3.538266, 41.21413], [-3.538097, 41.213996], [-3.537951, 41.21386], [-3.53784, 41.213729], [-3.537801, 41.213673], [-3.537749, 41.213599], [-3.537658, 41.213468], [-3.537552, 41.213328], [-3.53742, 41.213168], [-3.537255, 41.212974], [-3.53706, 41.212735], [-3.536866, 41.21246], [-3.536724, 41.212184], [-3.536705, 41.212151], [-3.536691, 41.212142], [-3.536709, 41.212116], [-3.536751, 41.212055], [-3.536748, 41.212088], [-3.536756, 41.212116], [-3.53677, 41.212149], [-3.536921, 41.212442], [-3.536992, 41.212543], [-3.537113, 41.212714], [-3.537307, 41.212951], [-3.537471, 41.213146], [-3.537604, 41.213306], [-3.53771, 41.213445], [-3.5378, 41.213576], [-3.537868, 41.213673], [-3.537891, 41.213704], [-3.538, 41.213834], [-3.538143, 41.213968], [-3.538309, 41.214099], [-3.538456, 41.214203], [-3.538483, 41.214222], [-3.538651, 41.214329], [-3.538818, 41.214421], [-3.538993, 41.2145], [-3.539181, 41.214567], [-3.539382, 41.214625], [-3.539594, 41.214675], [-3.539814, 41.214717], [-3.540034, 41.214755], [-3.540249, 41.214788], [-3.54045, 41.21482], [-3.540634, 41.214853], [-3.540796, 41.214891], [-3.540936, 41.214937], [-3.541062, 41.214989], [-3.541186, 41.215044], [-3.541318, 41.215101], [-3.541478, 41.215167], [-3.541683, 41.215252], [-3.541945, 41.21536], [-3.542244, 41.215486], [-3.542551, 41.215619], [-3.542843, 41.215749], [-3.542978, 41.21581], [-3.543004, 41.215823], [-3.543061, 41.215848], [-3.543113, 41.215873], [-3.543358, 41.215986], [-3.543574, 41.216085], [-3.543765, 41.216171], [-3.543933, 41.216241], [-3.544082, 41.216298], [-3.544222, 41.216342], [-3.544366, 41.216378], [-3.544521, 41.216408], [-3.544683, 41.216439], [-3.544843, 41.216475], [-3.544995, 41.21652], [-3.545026, 41.216532], [-3.545134, 41.216573], [-3.545259, 41.21663], [-3.54537, 41.216686], [-3.545473, 41.216738], [-3.545573, 41.216783], [-3.545677, 41.21682], [-3.545788, 41.216847], [-3.545909, 41.216868], [-3.546039, 41.216882], [-3.546175, 41.216891], [-3.546309, 41.216896], [-3.546439, 41.216898], [-3.546569, 41.216901], [-3.546707, 41.216906], [-3.546858, 41.216917], [-3.547021, 41.216933], [-3.547191, 41.216954], [-3.547366, 41.216979], [-3.547545, 41.217006], [-3.547729, 41.217034], [-3.547917, 41.217061], [-3.548105, 41.217091], [-3.548283, 41.217126], [-3.548448, 41.217167], [-3.548596, 41.217211], [-3.548728, 41.217254], [-3.548845, 41.217293], [-3.548956, 41.217326], [-3.549073, 41.217353], [-3.549205, 41.217374], [-3.549354, 41.21739], [-3.549518, 41.217401], [-3.549696, 41.217407], [-3.549878, 41.21741], [-3.550051, 41.217411], [-3.550206, 41.217412], [-3.550345, 41.217416], [-3.55047, 41.217426], [-3.550586, 41.217443], [-3.550695, 41.217465], [-3.550757, 41.217479], [-3.5508, 41.217489], [-3.550904, 41.217509], [-3.551008, 41.217523], [-3.551183, 41.217523], [-3.55134, 41.217527], [-3.551525, 41.21754], [-3.551714, 41.217563], [-3.551889, 41.217595], [-3.552052, 41.217635], [-3.552212, 41.217682], [-3.552378, 41.217733], [-3.552548, 41.217787], [-3.552659, 41.217822], [-3.552724, 41.217842], [-3.552903, 41.217898], [-3.553071, 41.217949], [-3.553082, 41.217952], [-3.553259, 41.218003], [-3.553429, 41.21805], [-3.553594, 41.218091], [-3.553756, 41.218126], [-3.553916, 41.218154], [-3.553997, 41.218165], [-3.554075, 41.218176], [-3.554233, 41.218189], [-3.554392, 41.218195], [-3.554554, 41.218198], [-3.554723, 41.218202], [-3.554901, 41.218212], [-3.555076, 41.218223], [-3.555235, 41.21823], [-3.555368, 41.21823], [-3.555483, 41.218226], [-3.55559, 41.218222], [-3.555696, 41.218225], [-3.555808, 41.218231], [-3.555928, 41.21824], [-3.556059, 41.218249], [-3.556195, 41.218256], [-3.556327, 41.218259], [-3.556452, 41.218256], [-3.556533, 41.218252], [-3.556574, 41.21825], [-3.556705, 41.218248], [-3.556851, 41.218251], [-3.557013, 41.218259], [-3.557191, 41.218266], [-3.557384, 41.21827], [-3.557596, 41.218269], [-3.55783, 41.218262], [-3.558087, 41.218251], [-3.558361, 41.218238], [-3.55864, 41.218229], [-3.558917, 41.218227], [-3.559189, 41.218229], [-3.559455, 41.218231], [-3.559715, 41.218228], [-3.559971, 41.218225], [-3.560229, 41.218226], [-3.560491, 41.218235], [-3.560765, 41.218256], [-3.561056, 41.218289], [-3.561366, 41.218337], [-3.561665, 41.21839], [-3.561919, 41.21844], [-3.562106, 41.218477], [-3.562243, 41.218502], [-3.562329, 41.218511], [-3.562363, 41.218515], [-3.562491, 41.218516], [-3.56263, 41.218512], [-3.562781, 41.218513], [-3.562944, 41.218522], [-3.562957, 41.218524], [-3.563132, 41.218541], [-3.563359, 41.218567], [-3.563633, 41.218597], [-3.563929, 41.218629], [-3.564214, 41.218658], [-3.564462, 41.218684], [-3.564683, 41.218708], [-3.56489, 41.218733], [-3.565098, 41.218762], [-3.565306, 41.218793], [-3.565511, 41.21882], [-3.56571, 41.218842], [-3.565908, 41.218863], [-3.566111, 41.218889], [-3.566323, 41.218922], [-3.566541, 41.218958], [-3.566758, 41.218988], [-3.56697, 41.219007], [-3.567182, 41.219013], [-3.5674, 41.219006], [-3.567629, 41.218988], [-3.567867, 41.218963], [-3.568111, 41.218936], [-3.56836, 41.218911], [-3.568626, 41.218882], [-3.568922, 41.218841], [-3.569256, 41.218782], [-3.569601, 41.218713], [-3.569922, 41.218645], [-3.570194, 41.218587], [-3.570421, 41.218541], [-3.570616, 41.218508], [-3.570791, 41.218486], [-3.570949, 41.21847], [-3.57109, 41.218453], [-3.571219, 41.218429], [-3.571342, 41.218403], [-3.571469, 41.218379], [-3.571609, 41.218362], [-3.571761, 41.218354], [-3.571913, 41.218356], [-3.571923, 41.218356], [-3.571993, 41.218362], [-3.572095, 41.21837], [-3.572276, 41.218391], [-3.572468, 41.218418], [-3.572668, 41.218445], [-3.572871, 41.218469], [-3.57307, 41.218482], [-3.573258, 41.21848], [-3.573433, 41.218464], [-3.573598, 41.218435], [-3.573752, 41.218396], [-3.573895, 41.218349], [-3.574028, 41.218297], [-3.574153, 41.218243], [-3.574281, 41.218186], [-3.574424, 41.218127], [-3.574596, 41.218065], [-3.574806, 41.218003], [-3.575064, 41.217941], [-3.57537, 41.217884], [-3.575646, 41.217839], [-3.575686, 41.217832], [-3.575962, 41.217788], [-3.576166, 41.217752], [-3.576311, 41.217719], [-3.576426, 41.217682], [-3.576534, 41.217636], [-3.576641, 41.217583], [-3.576747, 41.21753], [-3.576854, 41.21748], [-3.576956, 41.217431], [-3.57705, 41.21738], [-3.577093, 41.217351], [-3.577132, 41.217325], [-3.577206, 41.217268], [-3.577278, 41.217213], [-3.577353, 41.217165], [-3.577428, 41.217124], [-3.577503, 41.217092], [-3.577573, 41.217069], [-3.577639, 41.217051], [-3.577699, 41.21703], [-3.577755, 41.217003], [-3.577815, 41.216969], [-3.577892, 41.216933], [-3.577994, 41.216895], [-3.578123, 41.216857], [-3.578277, 41.216821], [-3.578456, 41.216786], [-3.578658, 41.216755], [-3.578882, 41.216731], [-3.579146, 41.216712], [-3.579537, 41.216676], [-3.579976, 41.216622], [-3.580163, 41.216599], [-3.580245, 41.216585], [-3.580316, 41.216566]]]}}, {"type": "Feature", "properties": {"ref": "40060A00109001", "nombre": "Camino (sin nombre en Catastro)", "nombre_catastro": "CAMINO", "tipo": "camino público", "clase": "camino", "municipio": "Cerezo de Arriba", "pueblo": "", "area_m2": 3290, "fuente": "Catastro · parcela de dominio público"}, "geometry": {"type": "Polygon", "coordinates": [[[-3.563955, 41.235039], [-3.564047, 41.235043], [-3.564033, 41.235063], [-3.564025, 41.23508], [-3.564013, 41.235103], [-3.56396, 41.235161], [-3.563955, 41.235165], [-3.563897, 41.235206], [-3.563803, 41.235252], [-3.563472, 41.235383], [-3.563417, 41.23541], [-3.563297, 41.235468], [-3.563221, 41.235506], [-3.563202, 41.235515], [-3.563056, 41.235588], [-3.56302, 41.235605], [-3.562972, 41.235629], [-3.562743, 41.23574], [-3.562632, 41.235826], [-3.562559, 41.23591], [-3.562534, 41.235938], [-3.562484, 41.235994], [-3.562404, 41.236136], [-3.562342, 41.236245], [-3.562275, 41.236374], [-3.562228, 41.236468], [-3.562195, 41.236533], [-3.56205, 41.236709], [-3.562041, 41.236726], [-3.561975, 41.236846], [-3.56193, 41.236925], [-3.561918, 41.236946], [-3.56191, 41.23696], [-3.561838, 41.237254], [-3.561816, 41.237342], [-3.561751, 41.237659], [-3.561972, 41.237701], [-3.562189, 41.237743], [-3.562194, 41.237744], [-3.562181, 41.237779], [-3.562039, 41.237779], [-3.561948, 41.237766], [-3.561749, 41.23774], [-3.561667, 41.237728], [-3.561862, 41.236995], [-3.561845, 41.236932], [-3.562008, 41.236658], [-3.562178, 41.236334], [-3.562254, 41.236187], [-3.562342, 41.236018], [-3.56238, 41.235967], [-3.562431, 41.235898], [-3.56254, 41.235782], [-3.56267, 41.235686], [-3.56298, 41.235522], [-3.563221, 41.235403], [-3.563394, 41.235318], [-3.563724, 41.235149], [-3.563955, 41.235039]]]}}, {"type": "Feature", "properties": {"ref": "40060A00109007", "nombre": "Camino (sin nombre en Catastro)", "nombre_catastro": "CAMINO", "tipo": "camino público", "clase": "camino", "municipio": "Cerezo de Arriba", "pueblo": "", "area_m2": 704, "fuente": "Catastro · parcela de dominio público"}, "geometry": {"type": "Polygon", "coordinates": [[[-3.562453, 41.238442], [-3.562441, 41.238506], [-3.562364, 41.238747], [-3.562252, 41.239001], [-3.56219, 41.239179], [-3.562155, 41.239164], [-3.562212, 41.238992], [-3.562324, 41.238738], [-3.5624, 41.2385], [-3.562412, 41.238432], [-3.562404, 41.238424], [-3.562313, 41.238437], [-3.561989, 41.238442], [-3.561976, 41.238442], [-3.561987, 41.23841], [-3.561999, 41.238372], [-3.562043, 41.238371], [-3.562451, 41.238363], [-3.562457, 41.238368], [-3.562503, 41.238407], [-3.562707, 41.238421], [-3.56285, 41.238508], [-3.562686, 41.23845], [-3.562673, 41.238446], [-3.562453, 41.238442]]]}}, {"type": "Feature", "properties": {"ref": "40060A10209008", "nombre": "Camino (sin nombre en Catastro)", "nombre_catastro": "CAMINO", "tipo": "camino público", "clase": "camino", "municipio": "Cerezo de Arriba", "pueblo": "", "area_m2": 18240, "fuente": "Catastro · parcela de dominio público"}, "geometry": {"type": "Polygon", "coordinates": [[[-3.591366, 41.240675], [-3.591366, 41.240675], [-3.591386, 41.240634], [-3.591427, 41.240641], [-3.591468, 41.240648], [-3.591441, 41.240709], [-3.591428, 41.240749], [-3.591428, 41.240758], [-3.591428, 41.240787], [-3.591434, 41.240832], [-3.591491, 41.240933], [-3.591925, 41.241761], [-3.591925, 41.241761], [-3.591952, 41.241812], [-3.592107, 41.242106], [-3.592385, 41.242629], [-3.592449, 41.242763], [-3.592484, 41.242834], [-3.592619, 41.243114], [-3.592712, 41.243319], [-3.592923, 41.243548], [-3.593047, 41.243677], [-3.593113, 41.24372], [-3.593136, 41.243787], [-3.593122, 41.243852], [-3.593076, 41.243925], [-3.593012, 41.24401], [-3.59298, 41.244108], [-3.592987, 41.24435], [-3.592984, 41.244582], [-3.592988, 41.244642], [-3.593005, 41.244882], [-3.59302, 41.245001], [-3.593026, 41.245135], [-3.593019, 41.24531], [-3.592983, 41.245436], [-3.592983, 41.24549], [-3.592924, 41.24563], [-3.592919, 41.245635], [-3.592888, 41.245668], [-3.592844, 41.245801], [-3.592805, 41.245917], [-3.592773, 41.246029], [-3.592737, 41.246152], [-3.592723, 41.246288], [-3.592695, 41.246557], [-3.592691, 41.246596], [-3.592688, 41.246645], [-3.592666, 41.247063], [-3.592631, 41.247852], [-3.592613, 41.248416], [-3.592592, 41.24911], [-3.592569, 41.249685], [-3.592557, 41.249967], [-3.592549, 41.250596], [-3.592542, 41.250816], [-3.592586, 41.250854], [-3.592621, 41.251226], [-3.592641, 41.25145], [-3.592715, 41.251819], [-3.592726, 41.251873], [-3.592737, 41.251928], [-3.592938, 41.252764], [-3.593103, 41.253452], [-3.593292, 41.254232], [-3.593317, 41.254337], [-3.593332, 41.254396], [-3.593342, 41.254445], [-3.593365, 41.254554], [-3.593388, 41.254664], [-3.593476, 41.255086], [-3.593486, 41.255123], [-3.593502, 41.255178], [-3.593595, 41.255509], [-3.59359, 41.255534], [-3.593788, 41.256185], [-3.593881, 41.256483], [-3.594006, 41.256912], [-3.594165, 41.2572], [-3.594319, 41.257397], [-3.594484, 41.257543], [-3.594496, 41.257553], [-3.594598, 41.257615], [-3.594774, 41.25767], [-3.594889, 41.257693], [-3.595112, 41.257725], [-3.595264, 41.257735], [-3.595393, 41.257734], [-3.595495, 41.257723], [-3.595506, 41.257752], [-3.595257, 41.257776], [-3.595119, 41.25777], [-3.594925, 41.257747], [-3.594811, 41.257731], [-3.594672, 41.257698], [-3.594588, 41.257669], [-3.594469, 41.25761], [-3.594387, 41.257564], [-3.59437, 41.257552], [-3.594258, 41.257444], [-3.594147, 41.257311], [-3.594029, 41.257169], [-3.593946, 41.257015], [-3.593869, 41.256819], [-3.593793, 41.256578], [-3.593627, 41.256018], [-3.59338, 41.25518], [-3.592961, 41.253561], [-3.592764, 41.252779], [-3.592655, 41.25229], [-3.592563, 41.251876], [-3.592509, 41.251561], [-3.592486, 41.251338], [-3.592454, 41.250797], [-3.592454, 41.25055], [-3.592455, 41.250273], [-3.59249, 41.249505], [-3.592499, 41.248986], [-3.592542, 41.248361], [-3.592541, 41.248002], [-3.592563, 41.247472], [-3.592597, 41.246661], [-3.592597, 41.246656], [-3.592599, 41.246596], [-3.592667, 41.246103], [-3.592719, 41.245912], [-3.59275, 41.245807], [-3.592907, 41.245369], [-3.592927, 41.245274], [-3.592933, 41.245078], [-3.592926, 41.245017], [-3.592903, 41.244823], [-3.592901, 41.244759], [-3.59289, 41.244439], [-3.592888, 41.244184], [-3.592893, 41.244053], [-3.592908, 41.243985], [-3.592926, 41.243961], [-3.59296, 41.243924], [-3.59301, 41.24388], [-3.593046, 41.243821], [-3.59303, 41.243774], [-3.592965, 41.243709], [-3.592886, 41.243632], [-3.592793, 41.243521], [-3.592776, 41.243507], [-3.592723, 41.243476], [-3.592643, 41.243427], [-3.592567, 41.243415], [-3.592459, 41.243411], [-3.592406, 41.243422], [-3.592361, 41.243432], [-3.592335, 41.243395], [-3.592467, 41.243369], [-3.592513, 41.243347], [-3.592557, 41.243295], [-3.592576, 41.243238], [-3.592569, 41.243216], [-3.592548, 41.243144], [-3.59235, 41.242738], [-3.592156, 41.242365], [-3.591721, 41.241546], [-3.591284, 41.240723], [-3.591353, 41.240702], [-3.591366, 41.240675]]]}}, {"type": "Feature", "properties": {"ref": "40060A10209009", "nombre": "Camino (sin nombre en Catastro)", "nombre_catastro": "CAMINO", "tipo": "camino público", "clase": "camino", "municipio": "Cerezo de Arriba", "pueblo": "", "area_m2": 751, "fuente": "Catastro · parcela de dominio público"}, "geometry": {"type": "Polygon", "coordinates": [[[-3.592529, 41.241545], [-3.592577, 41.24165], [-3.592433, 41.241688], [-3.591952, 41.241812], [-3.591925, 41.241761], [-3.592131, 41.241708], [-3.5924, 41.241639], [-3.592486, 41.241617], [-3.592369, 41.241359], [-3.592201, 41.240988], [-3.592301, 41.241042], [-3.592405, 41.241271], [-3.592529, 41.241545]]]}}, {"type": "Feature", "properties": {"ref": "40060A10509005", "nombre": "Camino (sin nombre en Catastro)", "nombre_catastro": "CAMINO", "tipo": "camino público", "clase": "camino", "municipio": "Cerezo de Arriba", "pueblo": "", "area_m2": 1068, "fuente": "Catastro · parcela de dominio público"}, "geometry": {"type": "Polygon", "coordinates": [[[-3.583101, 41.235972], [-3.58395, 41.235583], [-3.584398, 41.235377], [-3.585133, 41.235039], [-3.585154, 41.235082], [-3.583218, 41.235981], [-3.583101, 41.235972]]]}}, {"type": "Feature", "properties": {"ref": "40060A10509006", "nombre": "Camino (sin nombre en Catastro)", "nombre_catastro": "CAMINO", "tipo": "camino público", "clase": "camino", "municipio": "Cerezo de Arriba", "pueblo": "", "area_m2": 784, "fuente": "Catastro · parcela de dominio público"}, "geometry": {"type": "Polygon", "coordinates": [[[-3.588082, 41.239296], [-3.587456, 41.239587], [-3.587415, 41.239542], [-3.588743, 41.238926], [-3.588781, 41.238972], [-3.58841, 41.239144], [-3.588082, 41.239296]]]}}, {"type": "Feature", "properties": {"ref": "40060A10509007", "nombre": "Camino (sin nombre en Catastro)", "nombre_catastro": "CAMINO", "tipo": "camino público", "clase": "camino", "municipio": "Cerezo de Arriba", "pueblo": "", "area_m2": 7596, "fuente": "Catastro · parcela de dominio público"}, "geometry": {"type": "Polygon", "coordinates": [[[-3.569637, 41.241054], [-3.569576, 41.24122], [-3.569504, 41.241388], [-3.569425, 41.241538], [-3.569313, 41.241708], [-3.569202, 41.241877], [-3.569056, 41.24205], [-3.568979, 41.242152], [-3.568971, 41.242188], [-3.569009, 41.242236], [-3.569025, 41.242255], [-3.568999, 41.242238], [-3.568958, 41.242205], [-3.568839, 41.24208], [-3.568798, 41.242001], [-3.568863, 41.242001], [-3.568909, 41.241987], [-3.568997, 41.241925], [-3.569125, 41.241743], [-3.569175, 41.241659], [-3.569202, 41.241613], [-3.569327, 41.241392], [-3.569336, 41.241377], [-3.569384, 41.241296], [-3.569451, 41.241173], [-3.569488, 41.241104], [-3.569559, 41.240978], [-3.569579, 41.240957], [-3.569635, 41.240896], [-3.569704, 41.240841], [-3.569738, 41.240815], [-3.569757, 41.240819], [-3.569761, 41.240777], [-3.569739, 41.240714], [-3.569683, 41.240629], [-3.569613, 41.240512], [-3.569549, 41.240381], [-3.569446, 41.240216], [-3.569446, 41.240183], [-3.569589, 41.240211], [-3.569639, 41.240211], [-3.569672, 41.240205], [-3.569924, 41.2401], [-3.570053, 41.240022], [-3.570117, 41.239966], [-3.570139, 41.239916], [-3.570214, 41.239889], [-3.570331, 41.239848], [-3.570574, 41.239724], [-3.570684, 41.239652], [-3.570814, 41.239566], [-3.570883, 41.23952], [-3.570949, 41.239439], [-3.571004, 41.239371], [-3.571066, 41.239302], [-3.571073, 41.239294], [-3.571073, 41.239294], [-3.571101, 41.239263], [-3.571188, 41.239167], [-3.571204, 41.23915], [-3.57129, 41.239024], [-3.571324, 41.238974], [-3.571427, 41.238842], [-3.571472, 41.238786], [-3.571637, 41.238696], [-3.571676, 41.238675], [-3.571729, 41.238618], [-3.571745, 41.238602], [-3.571789, 41.238555], [-3.571906, 41.238345], [-3.571892, 41.238187], [-3.571892, 41.238186], [-3.571859, 41.238126], [-3.571811, 41.238085], [-3.571749, 41.238045], [-3.571694, 41.238014], [-3.572126, 41.238146], [-3.572061, 41.238161], [-3.572032, 41.238212], [-3.572019, 41.238318], [-3.572021, 41.23836], [-3.571894, 41.238601], [-3.57175, 41.238741], [-3.571595, 41.238882], [-3.571495, 41.239022], [-3.571266, 41.23929], [-3.571091, 41.239482], [-3.570973, 41.239588], [-3.570647, 41.239793], [-3.570394, 41.239921], [-3.570228, 41.239984], [-3.570179, 41.240048], [-3.569863, 41.24026], [-3.569824, 41.240286], [-3.569825, 41.24036], [-3.56989, 41.240453], [-3.570021, 41.240642], [-3.570057, 41.24073], [-3.570057, 41.240766], [-3.570029, 41.240822], [-3.569986, 41.240856], [-3.569937, 41.24088], [-3.569829, 41.240911], [-3.569753, 41.240928], [-3.569714, 41.240958], [-3.56966, 41.241013], [-3.569637, 41.241054]]]}}, {"type": "Feature", "properties": {"ref": "40060A10509009", "nombre": "Camino (sin nombre en Catastro)", "nombre_catastro": "CAMINO", "tipo": "camino público", "clase": "camino", "municipio": "Cerezo de Arriba", "pueblo": "", "area_m2": 1403, "fuente": "Catastro · parcela de dominio público"}, "geometry": {"type": "Polygon", "coordinates": [[[-3.566503, 41.240289], [-3.566422, 41.240296], [-3.566198, 41.240324], [-3.566112, 41.24033], [-3.565941, 41.240334], [-3.565815, 41.240346], [-3.565637, 41.240385], [-3.565495, 41.240422], [-3.565399, 41.240461], [-3.565389, 41.240481], [-3.565275, 41.240384], [-3.565591, 41.240341], [-3.565954, 41.240293], [-3.566254, 41.240265], [-3.56647, 41.240267], [-3.566584, 41.240264], [-3.5667, 41.240262], [-3.566791, 41.240261], [-3.566832, 41.240265], [-3.566875, 41.240259], [-3.566971, 41.240231], [-3.567159, 41.240187], [-3.567301, 41.240153], [-3.567567, 41.240103], [-3.567779, 41.240095], [-3.567923, 41.240089], [-3.568008, 41.240064], [-3.568068, 41.240049], [-3.56814, 41.240045], [-3.568276, 41.240044], [-3.568425, 41.240045], [-3.568606, 41.240051], [-3.56878, 41.240061], [-3.568934, 41.240077], [-3.569241, 41.240148], [-3.569407, 41.240172], [-3.569417, 41.240215], [-3.569248, 41.240194], [-3.568995, 41.240132], [-3.568894, 41.240114], [-3.568657, 41.240094], [-3.568622, 41.24009], [-3.568429, 41.240071], [-3.568227, 41.24007], [-3.56808, 41.240074], [-3.56802, 41.240091], [-3.567958, 41.240107], [-3.567895, 41.240119], [-3.567842, 41.240126], [-3.567772, 41.240128], [-3.567733, 41.24013], [-3.567645, 41.240136], [-3.567492, 41.240151], [-3.567405, 41.24016], [-3.567287, 41.240178], [-3.567104, 41.240221], [-3.56696, 41.240256], [-3.566866, 41.240284], [-3.56683, 41.240288], [-3.566703, 41.240285], [-3.566596, 41.240282], [-3.566503, 41.240289]]]}}, {"type": "Feature", "properties": {"ref": "40060A10509010", "nombre": "Camino (sin nombre en Catastro)", "nombre_catastro": "CAMINO", "tipo": "camino público", "clase": "camino", "municipio": "Cerezo de Arriba", "pueblo": "", "area_m2": 4055, "fuente": "Catastro · parcela de dominio público"}, "geometry": {"type": "Polygon", "coordinates": [[[-3.564361, 41.242158], [-3.564367, 41.24216], [-3.564475, 41.242172], [-3.564596, 41.242169], [-3.564678, 41.242182], [-3.564809, 41.242213], [-3.564886, 41.24224], [-3.564971, 41.24227], [-3.565062, 41.242309], [-3.565321, 41.242421], [-3.565382, 41.242447], [-3.565558, 41.242526], [-3.565883, 41.242673], [-3.565923, 41.242698], [-3.565944, 41.242711], [-3.566182, 41.242863], [-3.566232, 41.242896], [-3.566646, 41.243148], [-3.567098, 41.243405], [-3.567112, 41.243537], [-3.567117, 41.243594], [-3.567132, 41.243784], [-3.567111, 41.243945], [-3.56711, 41.243951], [-3.567093, 41.244138], [-3.567087, 41.244196], [-3.567655, 41.243991], [-3.567655, 41.243992], [-3.567686, 41.24404], [-3.567081, 41.244259], [-3.567076, 41.244315], [-3.567088, 41.244387], [-3.567152, 41.244469], [-3.567157, 41.244472], [-3.567184, 41.24449], [-3.567251, 41.244525], [-3.567341, 41.244545], [-3.5674, 41.244563], [-3.567437, 41.244575], [-3.567448, 41.244577], [-3.567617, 41.244621], [-3.567593, 41.244671], [-3.567403, 41.244643], [-3.567211, 41.244584], [-3.567096, 41.244503], [-3.567041, 41.244443], [-3.567018, 41.244404], [-3.567011, 41.24436], [-3.567004, 41.244316], [-3.567022, 41.244134], [-3.567039, 41.243947], [-3.56706, 41.243783], [-3.567045, 41.243598], [-3.567031, 41.243425], [-3.566613, 41.243193], [-3.566187, 41.242938], [-3.565847, 41.24272], [-3.565577, 41.242598], [-3.565475, 41.242553], [-3.565346, 41.242494], [-3.564938, 41.242318], [-3.564791, 41.242266], [-3.564783, 41.242263], [-3.56466, 41.242235], [-3.564642, 41.242232], [-3.56459, 41.242223], [-3.564471, 41.242226], [-3.564453, 41.242224], [-3.564346, 41.242213], [-3.564271, 41.242186], [-3.56427, 41.242186], [-3.564196, 41.242149], [-3.564111, 41.242107], [-3.564087, 41.242095], [-3.564001, 41.242039], [-3.563921, 41.242018], [-3.563907, 41.242015], [-3.563437, 41.241794], [-3.563292, 41.24173], [-3.563273, 41.241711], [-3.563161, 41.241593], [-3.563077, 41.241453], [-3.563014, 41.241395], [-3.562958, 41.241369], [-3.562947, 41.241367], [-3.562857, 41.241349], [-3.562798, 41.241346], [-3.562705, 41.241325], [-3.562671, 41.24131], [-3.562616, 41.241284], [-3.562628, 41.241269], [-3.562655, 41.241238], [-3.562708, 41.241264], [-3.562734, 41.241275], [-3.56281, 41.241293], [-3.562869, 41.241295], [-3.562987, 41.241319], [-3.563061, 41.241353], [-3.563074, 41.241365], [-3.563138, 41.241424], [-3.563224, 41.241566], [-3.563341, 41.241689], [-3.563474, 41.241748], [-3.563523, 41.241771], [-3.56394, 41.241967], [-3.564038, 41.241991], [-3.564114, 41.242041], [-3.56413, 41.242052], [-3.564304, 41.242138], [-3.564361, 41.242158]]]}}, {"type": "Feature", "properties": {"ref": "40060A10509014", "nombre": "Camino (sin nombre en Catastro)", "nombre_catastro": "CAMINO", "tipo": "camino público", "clase": "camino", "municipio": "Cerezo de Arriba", "pueblo": "", "area_m2": 392, "fuente": "Catastro · parcela de dominio público"}, "geometry": {"type": "Polygon", "coordinates": [[[-3.571543, 41.244586], [-3.571593, 41.244633], [-3.571603, 41.24481], [-3.571564, 41.244939], [-3.571533, 41.245026], [-3.571358, 41.245202], [-3.571246, 41.245317], [-3.571172, 41.24541], [-3.571132, 41.245389], [-3.571207, 41.245297], [-3.57132, 41.245181], [-3.571403, 41.245097], [-3.571489, 41.24501], [-3.571518, 41.244931], [-3.571519, 41.244928], [-3.571555, 41.244806], [-3.571543, 41.244586]]]}}, {"type": "Feature", "properties": {"ref": "40060A10509016", "nombre": "Camino (sin nombre en Catastro)", "nombre_catastro": "CAMINO", "tipo": "camino público", "clase": "camino", "municipio": "Cerezo de Arriba", "pueblo": "", "area_m2": 4674, "fuente": "Catastro · parcela de dominio público"}, "geometry": {"type": "Polygon", "coordinates": [[[-3.569049, 41.24265], [-3.568915, 41.242463], [-3.568917, 41.242458], [-3.568928, 41.242428], [-3.568908, 41.242397], [-3.568799, 41.242274], [-3.568735, 41.242153], [-3.568944, 41.24231], [-3.569012, 41.242362], [-3.569091, 41.242479], [-3.569181, 41.242591], [-3.569389, 41.242887], [-3.569516, 41.24311], [-3.569588, 41.243279], [-3.569776, 41.243446], [-3.569885, 41.243655], [-3.570078, 41.243758], [-3.57015, 41.243826], [-3.570217, 41.243854], [-3.57029, 41.243894], [-3.570422, 41.243918], [-3.570841, 41.244129], [-3.571276, 41.244366], [-3.57138, 41.244436], [-3.571791, 41.24465], [-3.571836, 41.244707], [-3.572099, 41.24492], [-3.572272, 41.245122], [-3.572397, 41.24523], [-3.57256, 41.245371], [-3.572842, 41.245565], [-3.572951, 41.245623], [-3.57291, 41.245667], [-3.572797, 41.245607], [-3.572508, 41.245408], [-3.572267, 41.2452], [-3.572205, 41.24517], [-3.572106, 41.245073], [-3.572049, 41.245043], [-3.571901, 41.244964], [-3.571781, 41.244895], [-3.571683, 41.24478], [-3.571633, 41.244626], [-3.571553, 41.244576], [-3.571368, 41.244495], [-3.571336, 41.244479], [-3.571249, 41.244421], [-3.571107, 41.244366], [-3.570965, 41.244319], [-3.570802, 41.244249], [-3.570697, 41.244187], [-3.570631, 41.244134], [-3.570546, 41.244054], [-3.570446, 41.244007], [-3.570336, 41.24397], [-3.57026, 41.243944], [-3.570178, 41.2439], [-3.570103, 41.243868], [-3.570029, 41.243797], [-3.569876, 41.243716], [-3.569814, 41.24366], [-3.56965, 41.243497], [-3.569507, 41.243355], [-3.569389, 41.243153], [-3.569348, 41.243024], [-3.569311, 41.242959], [-3.5692, 41.24279], [-3.569175, 41.242698], [-3.569137, 41.242645], [-3.569121, 41.242651], [-3.569085, 41.242668], [-3.569067, 41.242673], [-3.569049, 41.24265]]]}}, {"type": "Feature", "properties": {"ref": "40060A10609005", "nombre": "Camino (sin nombre en Catastro)", "nombre_catastro": "CAMINO", "tipo": "camino público", "clase": "camino", "municipio": "Cerezo de Arriba", "pueblo": "", "area_m2": 527, "fuente": "Catastro · parcela de dominio público"}, "geometry": {"type": "Polygon", "coordinates": [[[-3.572877, 41.227501], [-3.572474, 41.226845], [-3.572483, 41.226841], [-3.572561, 41.226802], [-3.572921, 41.227474], [-3.572877, 41.227501]]]}}, {"type": "Feature", "properties": {"ref": "40060A10609006", "nombre": "Camino (sin nombre en Catastro)", "nombre_catastro": "CAMINO", "tipo": "camino público", "clase": "camino", "municipio": "Cerezo de Arriba", "pueblo": "", "area_m2": 1286, "fuente": "Catastro · parcela de dominio público"}, "geometry": {"type": "Polygon", "coordinates": [[[-3.572651, 41.231836], [-3.572649, 41.231906], [-3.572456, 41.232017], [-3.572211, 41.231932], [-3.571909, 41.231766], [-3.571698, 41.23165], [-3.571345, 41.231566], [-3.571145, 41.231468], [-3.571061, 41.231426], [-3.570866, 41.231245], [-3.570685, 41.231078], [-3.570579, 41.231002], [-3.570648, 41.230976], [-3.570738, 41.231041], [-3.57111, 41.231386], [-3.571376, 41.231516], [-3.571731, 41.231601], [-3.572247, 41.231885], [-3.572447, 41.231954], [-3.572651, 41.231836]]]}}, {"type": "Feature", "properties": {"ref": "40060A10609007", "nombre": "Camino (sin nombre en Catastro)", "nombre_catastro": "CAMINO", "tipo": "camino público", "clase": "camino", "municipio": "Cerezo de Arriba", "pueblo": "", "area_m2": 349, "fuente": "Catastro · parcela de dominio público"}, "geometry": {"type": "Polygon", "coordinates": [[[-3.568474, 41.230608], [-3.568142, 41.230157], [-3.568192, 41.230113], [-3.568533, 41.230577], [-3.568474, 41.230608]]]}}, {"type": "Feature", "properties": {"ref": "40060A10609014", "nombre": "Camino (sin nombre en Catastro)", "nombre_catastro": "CAMINO", "tipo": "camino público", "clase": "camino", "municipio": "Cerezo de Arriba", "pueblo": "", "area_m2": 7458, "fuente": "Catastro · parcela de dominio público"}, "geometry": {"type": "Polygon", "coordinates": [[[-3.58457, 41.233524], [-3.584546, 41.233526], [-3.584397, 41.233529], [-3.58423, 41.233535], [-3.584227, 41.233535], [-3.584142, 41.233525], [-3.584068, 41.233497], [-3.583985, 41.233436], [-3.583895, 41.233375], [-3.583822, 41.23333], [-3.583743, 41.233269], [-3.583678, 41.233203], [-3.58359, 41.233132], [-3.58351, 41.233076], [-3.583402, 41.233022], [-3.583244, 41.23296], [-3.583182, 41.232933], [-3.583058, 41.232883], [-3.582875, 41.232818], [-3.582728, 41.232759], [-3.582584, 41.232714], [-3.582417, 41.232674], [-3.582367, 41.232668], [-3.582268, 41.232656], [-3.582093, 41.232623], [-3.581989, 41.232599], [-3.581911, 41.232572], [-3.581839, 41.23255], [-3.581757, 41.23253], [-3.581234, 41.232478], [-3.581112, 41.232466], [-3.581082, 41.232467], [-3.581051, 41.232473], [-3.580774, 41.232634], [-3.580677, 41.232673], [-3.580599, 41.232705], [-3.580386, 41.232749], [-3.580153, 41.232729], [-3.58014, 41.232725], [-3.579989, 41.232677], [-3.57757, 41.231221], [-3.577671, 41.231166], [-3.58005, 41.232599], [-3.580183, 41.232641], [-3.580377, 41.232658], [-3.580554, 41.232621], [-3.580703, 41.23256], [-3.580998, 41.23239], [-3.581066, 41.232377], [-3.581106, 41.232376], [-3.581119, 41.232376], [-3.581783, 41.232442], [-3.581879, 41.232465], [-3.581959, 41.232489], [-3.582032, 41.232515], [-3.582125, 41.232536], [-3.582167, 41.232544], [-3.582292, 41.232568], [-3.582443, 41.232586], [-3.582445, 41.232586], [-3.582625, 41.232629], [-3.582779, 41.232678], [-3.582928, 41.232737], [-3.583136, 41.232811], [-3.583301, 41.232881], [-3.583462, 41.232944], [-3.583584, 41.233004], [-3.583675, 41.233069], [-3.583769, 41.233145], [-3.583834, 41.233211], [-3.583902, 41.233263], [-3.583973, 41.233307], [-3.584067, 41.23337], [-3.584139, 41.233423], [-3.584179, 41.233438], [-3.584233, 41.233445], [-3.584274, 41.233443], [-3.584392, 41.233439], [-3.584488, 41.233437], [-3.584537, 41.233436], [-3.584643, 41.233425], [-3.5847, 41.233409], [-3.584774, 41.23338], [-3.584897, 41.233347], [-3.585002, 41.233341], [-3.585085, 41.233345], [-3.585167, 41.233368], [-3.585208, 41.233392], [-3.585329, 41.233495], [-3.585248, 41.233505], [-3.585237, 41.233501], [-3.585153, 41.233474], [-3.585108, 41.233448], [-3.58506, 41.233434], [-3.585003, 41.233431], [-3.584922, 41.233436], [-3.584822, 41.233463], [-3.584748, 41.233492], [-3.584671, 41.233513], [-3.58457, 41.233524]]]}}, {"type": "Feature", "properties": {"ref": "40060A10609015", "nombre": "Camino (sin nombre en Catastro)", "nombre_catastro": "CAMINO", "tipo": "camino público", "clase": "camino", "municipio": "Cerezo de Arriba", "pueblo": "", "area_m2": 5015, "fuente": "Catastro · parcela de dominio público"}, "geometry": {"type": "Polygon", "coordinates": [[[-3.57401, 41.228826], [-3.574, 41.228773], [-3.573958, 41.228671], [-3.573931, 41.228645], [-3.573529, 41.228258], [-3.573351, 41.228072], [-3.572965, 41.227567], [-3.573018, 41.227528], [-3.573273, 41.227862], [-3.573309, 41.227909], [-3.573416, 41.228048], [-3.573587, 41.228226], [-3.574023, 41.228645], [-3.574071, 41.228761], [-3.574127, 41.229077], [-3.574136, 41.229123], [-3.574159, 41.229236], [-3.574178, 41.229333], [-3.574214, 41.229516], [-3.574216, 41.229536], [-3.574228, 41.22968], [-3.574195, 41.229837], [-3.574192, 41.229851], [-3.574004, 41.230253], [-3.573911, 41.230473], [-3.573737, 41.23074], [-3.573672, 41.230923], [-3.57358, 41.231024], [-3.573468, 41.231153], [-3.573275, 41.23131], [-3.57299, 41.23145], [-3.572895, 41.231525], [-3.572797, 41.231651], [-3.572743, 41.231749], [-3.572717, 41.231866], [-3.572729, 41.232003], [-3.572801, 41.232097], [-3.572941, 41.232165], [-3.573145, 41.232264], [-3.573311, 41.232313], [-3.573547, 41.232347], [-3.573826, 41.232422], [-3.57418, 41.232446], [-3.574494, 41.232565], [-3.574631, 41.232649], [-3.574691, 41.232734], [-3.574745, 41.232907], [-3.574824, 41.23309], [-3.575016, 41.233367], [-3.575009, 41.233473], [-3.574758, 41.233111], [-3.574677, 41.232922], [-3.574623, 41.232753], [-3.574575, 41.232684], [-3.574455, 41.232611], [-3.574363, 41.232576], [-3.57416, 41.232499], [-3.57381, 41.232475], [-3.573529, 41.232399], [-3.573317, 41.232368], [-3.573291, 41.232365], [-3.573112, 41.232313], [-3.572748, 41.232135], [-3.572659, 41.23202], [-3.572649, 41.231906], [-3.572651, 41.231836], [-3.572658, 41.231809], [-3.572674, 41.231734], [-3.572684, 41.231716], [-3.572725, 41.231641], [-3.572732, 41.231626], [-3.572773, 41.231574], [-3.572824, 41.231509], [-3.572837, 41.231492], [-3.572885, 41.231454], [-3.572944, 41.231408], [-3.572959, 41.231401], [-3.573042, 41.23136], [-3.573126, 41.231318], [-3.573211, 41.231277], [-3.573229, 41.231268], [-3.573288, 41.23122], [-3.573363, 41.231159], [-3.573401, 41.231128], [-3.573413, 41.231119], [-3.573472, 41.23105], [-3.573478, 41.231042], [-3.573504, 41.231011], [-3.573523, 41.23099], [-3.573531, 41.230981], [-3.573585, 41.230921], [-3.573599, 41.230907], [-3.573606, 41.2309], [-3.573648, 41.230782], [-3.57367, 41.23072], [-3.573712, 41.230657], [-3.573792, 41.230534], [-3.573844, 41.230453], [-3.573936, 41.230236], [-3.574034, 41.230026], [-3.574122, 41.229838], [-3.574127, 41.229813], [-3.574156, 41.229677], [-3.574155, 41.229661], [-3.574151, 41.229625], [-3.574143, 41.229544], [-3.574142, 41.229519], [-3.574128, 41.229453], [-3.57412, 41.229414], [-3.574112, 41.229366], [-3.574056, 41.229085], [-3.574034, 41.228967], [-3.57401, 41.228826]]]}}, {"type": "Feature", "properties": {"ref": "40060A10609016", "nombre": "Camino (sin nombre en Catastro)", "nombre_catastro": "CAMINO", "tipo": "camino público", "clase": "camino", "municipio": "Cerezo de Arriba", "pueblo": "", "area_m2": 2384, "fuente": "Catastro · parcela de dominio público"}, "geometry": {"type": "Polygon", "coordinates": [[[-3.575767, 41.22746], [-3.574914, 41.227482], [-3.574395, 41.227496], [-3.573309, 41.227909], [-3.573273, 41.227862], [-3.574377, 41.227442], [-3.574683, 41.227434], [-3.576144, 41.227396], [-3.576434, 41.227389], [-3.576741, 41.227381], [-3.577192, 41.227369], [-3.577735, 41.227054], [-3.577735, 41.227054], [-3.577767, 41.227103], [-3.577217, 41.227423], [-3.575767, 41.22746]]]}}, {"type": "Feature", "properties": {"ref": "40060A10609017", "nombre": "Camino (sin nombre en Catastro)", "nombre_catastro": "CAMINO", "tipo": "camino público", "clase": "camino", "municipio": "Cerezo de Arriba", "pueblo": "", "area_m2": 317, "fuente": "Catastro · parcela de dominio público"}, "geometry": {"type": "Polygon", "coordinates": [[[-3.572929, 41.235771], [-3.573126, 41.236223], [-3.573061, 41.236247], [-3.572864, 41.235795], [-3.572929, 41.235771]]]}}, {"type": "Feature", "properties": {"ref": "40060A10609018", "nombre": "Camino (sin nombre en Catastro)", "nombre_catastro": "CAMINO", "tipo": "camino público", "clase": "camino", "municipio": "Cerezo de Arriba", "pueblo": "", "area_m2": 18020, "fuente": "Catastro · parcela de dominio público"}, "geometry": {"type": "Polygon", "coordinates": [[[-3.58476, 41.233722], [-3.584662, 41.233755], [-3.584362, 41.23385], [-3.584249, 41.233885], [-3.583836, 41.234023], [-3.583835, 41.234023], [-3.583503, 41.234131], [-3.583413, 41.23416], [-3.583134, 41.234253], [-3.583014, 41.234293], [-3.582721, 41.234389], [-3.582659, 41.234409], [-3.582508, 41.234457], [-3.582451, 41.234475], [-3.582153, 41.23457], [-3.582076, 41.234595], [-3.581855, 41.234666], [-3.581745, 41.234702], [-3.581571, 41.234759], [-3.581332, 41.234837], [-3.581328, 41.234839], [-3.581023, 41.234939], [-3.580969, 41.234957], [-3.580743, 41.235028], [-3.58055, 41.235089], [-3.580394, 41.235142], [-3.580375, 41.235148], [-3.580283, 41.235179], [-3.580132, 41.235228], [-3.579973, 41.235281], [-3.579958, 41.235286], [-3.579844, 41.235326], [-3.579723, 41.235368], [-3.579698, 41.235376], [-3.579417, 41.235467], [-3.579254, 41.23552], [-3.579209, 41.235535], [-3.579013, 41.235602], [-3.578948, 41.235624], [-3.578773, 41.235679], [-3.578582, 41.235738], [-3.578561, 41.235745], [-3.578332, 41.235816], [-3.578243, 41.235843], [-3.578231, 41.235847], [-3.577905, 41.235934], [-3.577587, 41.23601], [-3.577329, 41.236067], [-3.576898, 41.236159], [-3.576653, 41.236217], [-3.576608, 41.236228], [-3.576602, 41.236229], [-3.576341, 41.236292], [-3.576137, 41.236334], [-3.575837, 41.236396], [-3.575745, 41.236417], [-3.575259, 41.236526], [-3.575041, 41.236576], [-3.574891, 41.236611], [-3.574611, 41.236674], [-3.574603, 41.236676], [-3.574188, 41.236771], [-3.574098, 41.236792], [-3.57319, 41.237], [-3.573146, 41.23701], [-3.572217, 41.23724], [-3.569702, 41.237883], [-3.567514, 41.238443], [-3.566949, 41.23857], [-3.566761, 41.23862], [-3.566472, 41.238698], [-3.565712, 41.238866], [-3.565228, 41.239013], [-3.564823, 41.239112], [-3.564778, 41.239123], [-3.564556, 41.239052], [-3.564381, 41.238995], [-3.564226, 41.238945], [-3.564007, 41.238875], [-3.563766, 41.238798], [-3.563545, 41.238728], [-3.563294, 41.238649], [-3.56285, 41.238508], [-3.562707, 41.238421], [-3.562468, 41.238249], [-3.562314, 41.23796], [-3.562257, 41.237737], [-3.562208, 41.237503], [-3.56213, 41.237169], [-3.562053, 41.236827], [-3.56205, 41.236709], [-3.562195, 41.236533], [-3.562187, 41.236575], [-3.562168, 41.236668], [-3.562172, 41.236819], [-3.562248, 41.237157], [-3.562261, 41.237211], [-3.562325, 41.237488], [-3.562368, 41.237691], [-3.562375, 41.237721], [-3.562429, 41.237935], [-3.562524, 41.238113], [-3.562569, 41.238197], [-3.562782, 41.238351], [-3.562913, 41.238417], [-3.563327, 41.238542], [-3.563349, 41.238549], [-3.563461, 41.238583], [-3.563605, 41.238626], [-3.563797, 41.238684], [-3.563831, 41.238694], [-3.563862, 41.238703], [-3.564249, 41.238819], [-3.56425, 41.238819], [-3.564416, 41.238873], [-3.564593, 41.238929], [-3.564667, 41.238953], [-3.564812, 41.239004], [-3.56483, 41.239004], [-3.564892, 41.238987], [-3.564965, 41.238968], [-3.565195, 41.238906], [-3.565243, 41.238894], [-3.565701, 41.238771], [-3.566243, 41.238626], [-3.566346, 41.238598], [-3.566697, 41.238513], [-3.567004, 41.238438], [-3.567186, 41.238394], [-3.567852, 41.238234], [-3.567874, 41.238284], [-3.56818, 41.238208], [-3.568281, 41.238183], [-3.568427, 41.238146], [-3.5686, 41.238103], [-3.568883, 41.238033], [-3.568972, 41.238011], [-3.569205, 41.237953], [-3.569287, 41.237932], [-3.569674, 41.237835], [-3.569918, 41.237774], [-3.569988, 41.237756], [-3.569966, 41.237705], [-3.570011, 41.237693], [-3.57018, 41.237651], [-3.570414, 41.237593], [-3.57063, 41.237538], [-3.570664, 41.23753], [-3.570682, 41.23749], [-3.5708, 41.237462], [-3.570822, 41.237513], [-3.570821, 41.237548], [-3.571109, 41.237478], [-3.571166, 41.237463], [-3.571678, 41.237338], [-3.571693, 41.237335], [-3.571917, 41.23728], [-3.571942, 41.237272], [-3.57216, 41.237207], [-3.572331, 41.237155], [-3.5726, 41.237074], [-3.572635, 41.237066], [-3.572964, 41.236991], [-3.573011, 41.23698], [-3.573025, 41.236977], [-3.573075, 41.236966], [-3.573415, 41.236888], [-3.573823, 41.236795], [-3.573842, 41.236791], [-3.574129, 41.236726], [-3.574493, 41.236642], [-3.574915, 41.236544], [-3.575065, 41.23651], [-3.575457, 41.23642], [-3.575752, 41.236357], [-3.576237, 41.23625], [-3.577102, 41.236056], [-3.577464, 41.235976], [-3.578043, 41.235836], [-3.578487, 41.235703], [-3.578643, 41.235654], [-3.579035, 41.235527], [-3.579341, 41.235427], [-3.57992, 41.235236], [-3.58025, 41.235129], [-3.580273, 41.235121], [-3.580781, 41.234956], [-3.581339, 41.234775], [-3.582446, 41.234413], [-3.583237, 41.234155], [-3.584244, 41.233826], [-3.584713, 41.233672], [-3.585237, 41.233501], [-3.585248, 41.233505], [-3.585329, 41.233495], [-3.585362, 41.233523], [-3.585362, 41.233523], [-3.585227, 41.23357], [-3.584832, 41.233697], [-3.58476, 41.233722]]]}}, {"type": "Feature", "properties": {"ref": "40060A10709004", "nombre": "Camino (sin nombre en Catastro)", "nombre_catastro": "CAMINO", "tipo": "camino público", "clase": "camino", "municipio": "Cerezo de Arriba", "pueblo": "", "area_m2": 4911, "fuente": "Catastro · parcela de dominio público"}, "geometry": {"type": "Polygon", "coordinates": [[[-3.553794, 41.239801], [-3.553899, 41.239893], [-3.554035, 41.240006], [-3.554302, 41.240198], [-3.554128, 41.240264], [-3.554137, 41.240221], [-3.55413, 41.240194], [-3.554101, 41.240151], [-3.554054, 41.240117], [-3.553872, 41.239989], [-3.55373, 41.23988], [-3.553702, 41.239858], [-3.553541, 41.239708], [-3.553511, 41.23967], [-3.553441, 41.239586], [-3.553409, 41.239546], [-3.553352, 41.23946], [-3.553262, 41.239325], [-3.55319, 41.239199], [-3.553169, 41.239144], [-3.553158, 41.239115], [-3.553175, 41.239049], [-3.553183, 41.239023], [-3.553189, 41.239017], [-3.553369, 41.238855], [-3.553377, 41.238847], [-3.553443, 41.238783], [-3.553519, 41.23871], [-3.553548, 41.238681], [-3.55357, 41.23866], [-3.553615, 41.238611], [-3.553708, 41.238511], [-3.553779, 41.238434], [-3.553838, 41.23837], [-3.553838, 41.23837], [-3.553908, 41.238302], [-3.55398, 41.238233], [-3.554062, 41.238154], [-3.554073, 41.238116], [-3.554121, 41.237951], [-3.554123, 41.237943], [-3.554168, 41.237806], [-3.554217, 41.237653], [-3.554248, 41.237556], [-3.55424, 41.237496], [-3.554227, 41.237393], [-3.554226, 41.237329], [-3.554225, 41.237252], [-3.554203, 41.237142], [-3.554162, 41.236939], [-3.554156, 41.236902], [-3.55413, 41.236738], [-3.554129, 41.236728], [-3.554121, 41.236626], [-3.554121, 41.236454], [-3.55412, 41.23644], [-3.554128, 41.236417], [-3.55413, 41.236391], [-3.554168, 41.236407], [-3.554304, 41.236466], [-3.554278, 41.236504], [-3.554245, 41.236624], [-3.554255, 41.236708], [-3.554259, 41.236737], [-3.554282, 41.23692], [-3.554283, 41.236927], [-3.554352, 41.237261], [-3.554352, 41.237298], [-3.554353, 41.237324], [-3.554354, 41.237398], [-3.554362, 41.237461], [-3.554368, 41.237515], [-3.554371, 41.237535], [-3.554372, 41.237548], [-3.554363, 41.237602], [-3.554339, 41.237674], [-3.554304, 41.237781], [-3.554287, 41.237833], [-3.554241, 41.23797], [-3.554238, 41.237982], [-3.554189, 41.238166], [-3.554181, 41.238194], [-3.55411, 41.238263], [-3.554095, 41.238277], [-3.554017, 41.238353], [-3.553983, 41.238385], [-3.553947, 41.238421], [-3.553885, 41.238483], [-3.55386, 41.238508], [-3.553817, 41.238552], [-3.553804, 41.238566], [-3.553712, 41.238666], [-3.553652, 41.23873], [-3.553623, 41.23876], [-3.553619, 41.238764], [-3.553604, 41.238778], [-3.553575, 41.238806], [-3.553543, 41.238838], [-3.553473, 41.238906], [-3.553406, 41.23897], [-3.553331, 41.239035], [-3.553292, 41.239069], [-3.553281, 41.239112], [-3.553302, 41.23917], [-3.55337, 41.239287], [-3.553458, 41.239419], [-3.553459, 41.239421], [-3.553514, 41.239503], [-3.553548, 41.239545], [-3.553639, 41.239656], [-3.553792, 41.239799], [-3.553794, 41.239801]]]}}, {"type": "Feature", "properties": {"ref": "40060A10709009", "nombre": "Camino (sin nombre en Catastro)", "nombre_catastro": "CAMINO", "tipo": "camino público", "clase": "camino", "municipio": "Cerezo de Arriba", "pueblo": "", "area_m2": 1351, "fuente": "Catastro · parcela de dominio público"}, "geometry": {"type": "Polygon", "coordinates": [[[-3.556981, 41.235897], [-3.556953, 41.235888], [-3.556892, 41.235842], [-3.556869, 41.235824], [-3.556839, 41.235606], [-3.556842, 41.235413], [-3.556845, 41.235308], [-3.556887, 41.234971], [-3.556899, 41.234892], [-3.556941, 41.234616], [-3.556948, 41.234589], [-3.556964, 41.234506], [-3.55686, 41.234044], [-3.557377, 41.233982], [-3.557374, 41.234011], [-3.556942, 41.234077], [-3.557028, 41.234518], [-3.557012, 41.234625], [-3.557009, 41.234643], [-3.556973, 41.234786], [-3.556959, 41.234977], [-3.556933, 41.235182], [-3.556918, 41.235311], [-3.556915, 41.235413], [-3.556912, 41.235604], [-3.556938, 41.235799], [-3.556994, 41.235842], [-3.556981, 41.235897]]]}}, {"type": "Feature", "properties": {"ref": "40060A10709010", "nombre": "Camino (sin nombre en Catastro)", "nombre_catastro": "CAMINO", "tipo": "camino público", "clase": "camino", "municipio": "Cerezo de Arriba", "pueblo": "", "area_m2": 628, "fuente": "Catastro · parcela de dominio público"}, "geometry": {"type": "Polygon", "coordinates": [[[-3.555127, 41.238704], [-3.555121, 41.238693], [-3.555087, 41.238675], [-3.554888, 41.238603], [-3.554671, 41.238525], [-3.554416, 41.238433], [-3.554065, 41.238306], [-3.554095, 41.238277], [-3.55411, 41.238263], [-3.554432, 41.238379], [-3.55473, 41.238486], [-3.55498, 41.238577], [-3.555252, 41.238671], [-3.555127, 41.238704]]]}}, {"type": "Feature", "properties": {"ref": "40060A10709012", "nombre": "Camino (sin nombre en Catastro)", "nombre_catastro": "CAMINO", "tipo": "camino público", "clase": "camino", "municipio": "Cerezo de Arriba", "pueblo": "", "area_m2": 484, "fuente": "Catastro · parcela de dominio público"}, "geometry": {"type": "Polygon", "coordinates": [[[-3.558309, 41.241736], [-3.558397, 41.241756], [-3.558376, 41.241759], [-3.558363, 41.241769], [-3.558349, 41.241789], [-3.558177, 41.242172], [-3.558103, 41.242344], [-3.557958, 41.242285], [-3.557968, 41.242233], [-3.557995, 41.242215], [-3.558047, 41.242208], [-3.558086, 41.242178], [-3.558192, 41.241995], [-3.558309, 41.241736]]]}}, {"type": "Feature", "properties": {"ref": "40060A10709014", "nombre": "Camino (sin nombre en Catastro)", "nombre_catastro": "CAMINO", "tipo": "camino público", "clase": "camino", "municipio": "Cerezo de Arriba", "pueblo": "", "area_m2": 879, "fuente": "Catastro · parcela de dominio público"}, "geometry": {"type": "Polygon", "coordinates": [[[-3.555577, 41.237922], [-3.555323, 41.237861], [-3.555327, 41.237846], [-3.555332, 41.237832], [-3.555565, 41.237885], [-3.555566, 41.237883], [-3.555717, 41.237735], [-3.555801, 41.237603], [-3.555835, 41.237549], [-3.555859, 41.237464], [-3.555865, 41.237442], [-3.555905, 41.237299], [-3.555986, 41.237142], [-3.55607, 41.237059], [-3.556104, 41.237025], [-3.55614, 41.236982], [-3.556171, 41.236945], [-3.556209, 41.236858], [-3.556223, 41.236778], [-3.55623, 41.236741], [-3.556292, 41.236745], [-3.556286, 41.236776], [-3.556266, 41.236888], [-3.556223, 41.236986], [-3.55615, 41.237074], [-3.556036, 41.237186], [-3.555961, 41.237332], [-3.555922, 41.237471], [-3.55589, 41.237584], [-3.555852, 41.237644], [-3.555795, 41.237735], [-3.555679, 41.237838], [-3.555619, 41.237925], [-3.555577, 41.237922]]]}}, {"type": "Feature", "properties": {"ref": "40060A10709016", "nombre": "Camino (sin nombre en Catastro)", "nombre_catastro": "CAMINO", "tipo": "camino público", "clase": "camino", "municipio": "Cerezo de Arriba", "pueblo": "", "area_m2": 11247, "fuente": "Catastro · parcela de dominio público"}, "geometry": {"type": "Polygon", "coordinates": [[[-3.556904, 41.242081], [-3.557146, 41.242083], [-3.557484, 41.242144], [-3.557642, 41.242179], [-3.557695, 41.242191], [-3.557846, 41.242245], [-3.557958, 41.242285], [-3.558103, 41.242344], [-3.558486, 41.24256], [-3.558871, 41.242841], [-3.558977, 41.242918], [-3.559116, 41.242919], [-3.559776, 41.241892], [-3.559768, 41.241857], [-3.559876, 41.241892], [-3.559888, 41.241896], [-3.55982, 41.242024], [-3.559797, 41.24206], [-3.559724, 41.242175], [-3.559609, 41.242338], [-3.559586, 41.242377], [-3.559348, 41.24278], [-3.55923, 41.24298], [-3.559214, 41.243057], [-3.559235, 41.243121], [-3.559334, 41.243181], [-3.559512, 41.243279], [-3.559538, 41.243293], [-3.559704, 41.243436], [-3.559708, 41.24344], [-3.559738, 41.243511], [-3.559869, 41.243579], [-3.559931, 41.243565], [-3.559999, 41.243524], [-3.559889, 41.243639], [-3.559854, 41.243636], [-3.559754, 41.243585], [-3.559734, 41.243669], [-3.559688, 41.243739], [-3.559645, 41.243777], [-3.559383, 41.243917], [-3.558968, 41.244065], [-3.558713, 41.244131], [-3.558515, 41.24415], [-3.558397, 41.244133], [-3.558355, 41.24413], [-3.558263, 41.244071], [-3.55825, 41.244063], [-3.557941, 41.243919], [-3.557892, 41.243899], [-3.557855, 41.243879], [-3.557615, 41.243768], [-3.557547, 41.243736], [-3.557425, 41.243686], [-3.557369, 41.243669], [-3.557317, 41.243645], [-3.557306, 41.24364], [-3.55728, 41.243626], [-3.557043, 41.243527], [-3.556501, 41.243297], [-3.556271, 41.243199], [-3.556048, 41.243115], [-3.555816, 41.24301], [-3.555611, 41.242922], [-3.55529, 41.242796], [-3.555365, 41.242702], [-3.555581, 41.242786], [-3.5557, 41.242836], [-3.555842, 41.242644], [-3.555904, 41.24267], [-3.555763, 41.242864], [-3.556058, 41.242989], [-3.556414, 41.243141], [-3.556738, 41.243278], [-3.55689, 41.243343], [-3.557083, 41.243425], [-3.557109, 41.243436], [-3.557373, 41.243546], [-3.557426, 41.243568], [-3.557616, 41.243647], [-3.557907, 41.243782], [-3.558331, 41.243979], [-3.55841, 41.24403], [-3.558543, 41.244037], [-3.558576, 41.244035], [-3.558747, 41.244026], [-3.558992, 41.243971], [-3.559313, 41.243856], [-3.55942, 41.243791], [-3.559547, 41.243705], [-3.559572, 41.243682], [-3.559603, 41.243636], [-3.559617, 41.243568], [-3.559586, 41.243492], [-3.559445, 41.24337], [-3.559251, 41.243263], [-3.559224, 41.243247], [-3.559158, 41.243207], [-3.559125, 41.243204], [-3.559007, 41.243105], [-3.558946, 41.24304], [-3.55881, 41.242941], [-3.558396, 41.242639], [-3.558045, 41.242432], [-3.557947, 41.242395], [-3.557838, 41.242356], [-3.557646, 41.242289], [-3.557452, 41.242245], [-3.557442, 41.242244], [-3.557351, 41.242231], [-3.556949, 41.242181], [-3.556897, 41.242175], [-3.556743, 41.242166], [-3.555739, 41.24173], [-3.555745, 41.241612], [-3.55576, 41.241613], [-3.55644, 41.241922], [-3.556785, 41.242064], [-3.556904, 41.242081]]]}}, {"type": "Feature", "properties": {"ref": "40060A10709017", "nombre": "Camino (sin nombre en Catastro)", "nombre_catastro": "CAMINO", "tipo": "camino público", "clase": "camino", "municipio": "Cerezo de Arriba", "pueblo": "", "area_m2": 3684, "fuente": "Catastro · parcela de dominio público"}, "geometry": {"type": "Polygon", "coordinates": [[[-3.554415, 41.242333], [-3.554465, 41.242351], [-3.555259, 41.24266], [-3.555194, 41.242755], [-3.55513, 41.242727], [-3.554749, 41.242578], [-3.554566, 41.242507], [-3.5544, 41.242449], [-3.554291, 41.242405], [-3.554279, 41.242401], [-3.55373, 41.242214], [-3.553614, 41.242177], [-3.553542, 41.242162], [-3.553542, 41.242162], [-3.553149, 41.242055], [-3.553107, 41.242043], [-3.552793, 41.241954], [-3.55236, 41.241845], [-3.552238, 41.241829], [-3.552163, 41.241818], [-3.55196, 41.24179], [-3.551677, 41.241751], [-3.551886, 41.241634], [-3.551934, 41.241607], [-3.551951, 41.241597], [-3.551978, 41.241582], [-3.55196, 41.241644], [-3.552009, 41.241692], [-3.552077, 41.241701], [-3.552125, 41.241707], [-3.552351, 41.241734], [-3.55242, 41.24175], [-3.552474, 41.241765], [-3.552838, 41.241857], [-3.553154, 41.241946], [-3.553511, 41.242044], [-3.553782, 41.242118], [-3.55382, 41.242131], [-3.55418, 41.242253], [-3.5543, 41.242294], [-3.554415, 41.242333]]]}}, {"type": "Feature", "properties": {"ref": "40060A10709018", "nombre": "Camino (sin nombre en Catastro)", "nombre_catastro": "CAMINO", "tipo": "camino público", "clase": "camino", "municipio": "Cerezo de Arriba", "pueblo": "", "area_m2": 1925, "fuente": "Catastro · parcela de dominio público"}, "geometry": {"type": "Polygon", "coordinates": [[[-3.553786, 41.241133], [-3.553497, 41.241213], [-3.553053, 41.241421], [-3.553022, 41.241435], [-3.552521, 41.24169], [-3.55242, 41.24175], [-3.552351, 41.241734], [-3.552512, 41.24163], [-3.552982, 41.24139], [-3.553466, 41.241164], [-3.554146, 41.240978], [-3.554621, 41.241065], [-3.554949, 41.241098], [-3.555204, 41.241121], [-3.55533, 41.24107], [-3.555709, 41.241054], [-3.555705, 41.241112], [-3.555414, 41.241127], [-3.555332, 41.241131], [-3.555297, 41.241146], [-3.555227, 41.241176], [-3.55517, 41.241175], [-3.554933, 41.241172], [-3.554753, 41.241152], [-3.554679, 41.241144], [-3.554152, 41.241032], [-3.553786, 41.241133]]]}}, {"type": "Feature", "properties": {"ref": "40060A10709019", "nombre": "Camino (sin nombre en Catastro)", "nombre_catastro": "CAMINO", "tipo": "camino público", "clase": "camino", "municipio": "Cerezo de Arriba", "pueblo": "", "area_m2": 939, "fuente": "Catastro · parcela de dominio público"}, "geometry": {"type": "Polygon", "coordinates": [[[-3.557947, 41.242395], [-3.558045, 41.242432], [-3.558036, 41.242449], [-3.55792, 41.242758], [-3.55779, 41.242986], [-3.557734, 41.243085], [-3.557696, 41.243143], [-3.5576, 41.24329], [-3.557506, 41.243434], [-3.55747, 41.243489], [-3.557426, 41.243568], [-3.557373, 41.243546], [-3.557415, 41.243471], [-3.557647, 41.243094], [-3.557714, 41.242953], [-3.557851, 41.24271], [-3.557853, 41.242705], [-3.557874, 41.24264], [-3.557886, 41.242549], [-3.557901, 41.242482], [-3.557916, 41.242438], [-3.557947, 41.242395]]]}}, {"type": "Feature", "properties": {"ref": "40060A10709020", "nombre": "Camino (sin nombre en Catastro)", "nombre_catastro": "CAMINO", "tipo": "camino público", "clase": "camino", "municipio": "Cerezo de Arriba", "pueblo": "", "area_m2": 1209, "fuente": "Catastro · parcela de dominio público"}, "geometry": {"type": "Polygon", "coordinates": [[[-3.557317, 41.243645], [-3.557369, 41.243669], [-3.557332, 41.243734], [-3.557227, 41.243818], [-3.557022, 41.24386], [-3.556999, 41.243865], [-3.556795, 41.243902], [-3.556721, 41.243913], [-3.556717, 41.243913], [-3.55653, 41.243886], [-3.556201, 41.243763], [-3.556094, 41.243707], [-3.556084, 41.243702], [-3.555888, 41.243628], [-3.555473, 41.243426], [-3.555228, 41.243297], [-3.554958, 41.243193], [-3.55482, 41.24314], [-3.554712, 41.243078], [-3.554796, 41.243067], [-3.554847, 41.2431], [-3.555259, 41.243258], [-3.555331, 41.243296], [-3.555508, 41.24339], [-3.555526, 41.243399], [-3.555727, 41.243507], [-3.555748, 41.243516], [-3.556194, 41.243708], [-3.556351, 41.243776], [-3.556548, 41.243843], [-3.556728, 41.243868], [-3.556984, 41.243822], [-3.557195, 41.243778], [-3.557282, 41.243709], [-3.557317, 41.243645]]]}}, {"type": "Feature", "properties": {"ref": "40060A10709021", "nombre": "Camino (sin nombre en Catastro)", "nombre_catastro": "CAMINO", "tipo": "camino público", "clase": "camino", "municipio": "Cerezo de Arriba", "pueblo": "", "area_m2": 906, "fuente": "Catastro · parcela de dominio público"}, "geometry": {"type": "Polygon", "coordinates": [[[-3.552339, 41.243353], [-3.552881, 41.243413], [-3.552887, 41.243413], [-3.553267, 41.243489], [-3.553685, 41.243644], [-3.55406, 41.243688], [-3.554026, 41.243738], [-3.553663, 41.243697], [-3.553242, 41.24354], [-3.552872, 41.243466], [-3.552291, 41.243403], [-3.552339, 41.243353]]]}}, {"type": "Feature", "properties": {"ref": "40060A10709023", "nombre": "Camino (sin nombre en Catastro)", "nombre_catastro": "CAMINO", "tipo": "camino público", "clase": "camino", "municipio": "Cerezo de Arriba", "pueblo": "", "area_m2": 8633, "fuente": "Catastro · parcela de dominio público"}, "geometry": {"type": "Polygon", "coordinates": [[[-3.55163, 41.244778], [-3.551653, 41.244687], [-3.551892, 41.244682], [-3.551996, 41.244775], [-3.552077, 41.244804], [-3.552291, 41.244884], [-3.552568, 41.244976], [-3.552687, 41.245015], [-3.55288, 41.245104], [-3.553176, 41.245275], [-3.553423, 41.245418], [-3.553675, 41.24552], [-3.553709, 41.245526], [-3.553877, 41.245557], [-3.554209, 41.245617], [-3.554354, 41.245653], [-3.554488, 41.245686], [-3.554589, 41.245716], [-3.554641, 41.245763], [-3.554663, 41.245784], [-3.554693, 41.245904], [-3.554729, 41.246064], [-3.554772, 41.246238], [-3.554816, 41.246312], [-3.554951, 41.246399], [-3.555335, 41.246505], [-3.555388, 41.24652], [-3.555626, 41.246588], [-3.555627, 41.246589], [-3.555723, 41.246616], [-3.555999, 41.246682], [-3.556104, 41.246709], [-3.556188, 41.246752], [-3.556508, 41.246837], [-3.556678, 41.246884], [-3.556901, 41.246947], [-3.556973, 41.246968], [-3.557276, 41.247192], [-3.557508, 41.247356], [-3.55755, 41.247398], [-3.557809, 41.247446], [-3.557924, 41.247441], [-3.557927, 41.247441], [-3.557932, 41.247441], [-3.558107, 41.247433], [-3.558249, 41.247452], [-3.558394, 41.247472], [-3.558709, 41.247525], [-3.558942, 41.247587], [-3.559193, 41.24765], [-3.559585, 41.247639], [-3.560101, 41.24752], [-3.560311, 41.247497], [-3.560492, 41.247489], [-3.560443, 41.247581], [-3.560323, 41.247587], [-3.560128, 41.247608], [-3.559605, 41.247728], [-3.559176, 41.247741], [-3.558903, 41.247672], [-3.55879, 41.247642], [-3.558676, 41.247611], [-3.558371, 41.247561], [-3.5581, 41.247524], [-3.557798, 41.247537], [-3.55749, 41.24748], [-3.557443, 41.247445], [-3.557193, 41.247256], [-3.557032, 41.247137], [-3.556906, 41.247045], [-3.556858, 41.247031], [-3.556467, 41.246921], [-3.556345, 41.246889], [-3.556137, 41.246832], [-3.55605, 41.24679], [-3.555962, 41.246767], [-3.555684, 41.246701], [-3.555646, 41.246691], [-3.555293, 41.246589], [-3.55489, 41.246478], [-3.554717, 41.246368], [-3.554657, 41.246265], [-3.554611, 41.24608], [-3.55457, 41.245896], [-3.554552, 41.245823], [-3.554518, 41.245791], [-3.554447, 41.245771], [-3.554176, 41.245704], [-3.553836, 41.245642], [-3.553633, 41.245605], [-3.553574, 41.245583], [-3.553512, 41.245556], [-3.553358, 41.245493], [-3.553104, 41.245347], [-3.5529, 41.245229], [-3.552813, 41.245178], [-3.552632, 41.245095], [-3.552241, 41.244965], [-3.551921, 41.244847], [-3.551838, 41.244773], [-3.55163, 41.244778]]]}}, {"type": "Feature", "properties": {"ref": "40060A10709024", "nombre": "Camino (sin nombre en Catastro)", "nombre_catastro": "CAMINO", "tipo": "camino público", "clase": "camino", "municipio": "Cerezo de Arriba", "pueblo": "", "area_m2": 1434, "fuente": "Catastro · parcela de dominio público"}, "geometry": {"type": "Polygon", "coordinates": [[[-3.559457, 41.24493], [-3.559601, 41.244957], [-3.559681, 41.244972], [-3.560054, 41.24504], [-3.560395, 41.245191], [-3.560511, 41.245263], [-3.56072, 41.245379], [-3.560942, 41.245484], [-3.561114, 41.245606], [-3.561404, 41.245779], [-3.561686, 41.245878], [-3.561545, 41.245908], [-3.561543, 41.245908], [-3.56136, 41.245833], [-3.56106, 41.245654], [-3.560891, 41.245534], [-3.560673, 41.245431], [-3.56046, 41.245313], [-3.560303, 41.24521], [-3.56002, 41.245098], [-3.559928, 41.245069], [-3.559844, 41.245057], [-3.559657, 41.245023], [-3.559489, 41.244993], [-3.559419, 41.244976], [-3.559457, 41.24493]]]}}, {"type": "Feature", "properties": {"ref": "40060A10709026", "nombre": "Camino (sin nombre en Catastro)", "nombre_catastro": "CAMINO", "tipo": "camino público", "clase": "camino", "municipio": "Cerezo de Arriba", "pueblo": "", "area_m2": 409, "fuente": "Catastro · parcela de dominio público"}, "geometry": {"type": "Polygon", "coordinates": [[[-3.559609, 41.244931], [-3.559861, 41.24472], [-3.560165, 41.244464], [-3.560221, 41.244498], [-3.559689, 41.244945], [-3.559609, 41.244931]]]}}, {"type": "Feature", "properties": {"ref": "40060A10709027", "nombre": "Camino (sin nombre en Catastro)", "nombre_catastro": "CAMINO", "tipo": "camino público", "clase": "camino", "municipio": "Cerezo de Arriba", "pueblo": "", "area_m2": 453, "fuente": "Catastro · parcela de dominio público"}, "geometry": {"type": "Polygon", "coordinates": [[[-3.562033, 41.243659], [-3.562051, 41.243709], [-3.562052, 41.243711], [-3.561423, 41.244249], [-3.561367, 41.244211], [-3.56155, 41.244062], [-3.562033, 41.243659]]]}}, {"type": "Feature", "properties": {"ref": "40060A10709028", "nombre": "Camino (sin nombre en Catastro)", "nombre_catastro": "CAMINO", "tipo": "camino público", "clase": "camino", "municipio": "Cerezo de Arriba", "pueblo": "", "area_m2": 1478, "fuente": "Catastro · parcela de dominio público"}, "geometry": {"type": "Polygon", "coordinates": [[[-3.557208, 41.24558], [-3.557288, 41.245612], [-3.557016, 41.245706], [-3.556859, 41.245724], [-3.556495, 41.245867], [-3.556272, 41.245952], [-3.556224, 41.24595], [-3.556167, 41.245933], [-3.55612, 41.245861], [-3.556101, 41.245833], [-3.556009, 41.245864], [-3.555891, 41.24589], [-3.555746, 41.245909], [-3.555644, 41.24591], [-3.555575, 41.245896], [-3.555496, 41.245859], [-3.555457, 41.245845], [-3.555391, 41.245835], [-3.555323, 41.245816], [-3.555189, 41.245751], [-3.555064, 41.245689], [-3.554983, 41.245676], [-3.554919, 41.245679], [-3.554818, 41.245705], [-3.554659, 41.245761], [-3.554641, 41.245763], [-3.554589, 41.245716], [-3.554636, 41.245709], [-3.554703, 41.245685], [-3.554792, 41.245655], [-3.554905, 41.245626], [-3.554988, 41.245621], [-3.555092, 41.245638], [-3.555129, 41.245657], [-3.555228, 41.245706], [-3.555355, 41.245768], [-3.55541, 41.245783], [-3.555435, 41.245787], [-3.55548, 41.245793], [-3.555531, 41.245812], [-3.555604, 41.245846], [-3.555653, 41.245856], [-3.555739, 41.245855], [-3.555875, 41.245837], [-3.555984, 41.245814], [-3.55609, 41.245777], [-3.55615, 41.245785], [-3.556219, 41.245891], [-3.556239, 41.245897], [-3.556257, 41.245897], [-3.556462, 41.245819], [-3.556837, 41.245672], [-3.556995, 41.245654], [-3.557208, 41.24558]]]}}, {"type": "Feature", "properties": {"ref": "40060A10709029", "nombre": "Camino (sin nombre en Catastro)", "nombre_catastro": "CAMINO", "tipo": "camino público", "clase": "camino", "municipio": "Cerezo de Arriba", "pueblo": "", "area_m2": 418, "fuente": "Catastro · parcela de dominio público"}, "geometry": {"type": "Polygon", "coordinates": [[[-3.553512, 41.245556], [-3.553574, 41.245583], [-3.553442, 41.245759], [-3.553328, 41.245906], [-3.553461, 41.246013], [-3.553478, 41.246114], [-3.553426, 41.246112], [-3.553396, 41.24604], [-3.553239, 41.245914], [-3.55338, 41.245733], [-3.553512, 41.245556]]]}}, {"type": "Feature", "properties": {"ref": "40060A10709030", "nombre": "Camino (sin nombre en Catastro)", "nombre_catastro": "CAMINO", "tipo": "camino público", "clase": "camino", "municipio": "Cerezo de Arriba", "pueblo": "", "area_m2": 138, "fuente": "Catastro · parcela de dominio público"}, "geometry": {"type": "Polygon", "coordinates": [[[-3.554372, 41.237548], [-3.554643, 41.237567], [-3.554637, 41.237621], [-3.554363, 41.237602], [-3.554372, 41.237548]]]}}, {"type": "Feature", "properties": {"ref": "40060A10709031", "nombre": "Camino (sin nombre en Catastro)", "nombre_catastro": "CAMINO", "tipo": "camino público", "clase": "camino", "municipio": "Cerezo de Arriba", "pueblo": "", "area_m2": 415, "fuente": "Catastro · parcela de dominio público"}, "geometry": {"type": "Polygon", "coordinates": [[[-3.55539, 41.23683], [-3.555402, 41.236914], [-3.555412, 41.236991], [-3.555181, 41.23701], [-3.555077, 41.237019], [-3.555069, 41.236965], [-3.555334, 41.236943], [-3.555283, 41.236573], [-3.555355, 41.236575], [-3.55539, 41.23683]]]}}, {"type": "Feature", "properties": {"ref": "40060A10709033", "nombre": "Camino (sin nombre en Catastro)", "nombre_catastro": "CAMINO", "tipo": "camino público", "clase": "camino", "municipio": "Cerezo de Arriba", "pueblo": "", "area_m2": 6701, "fuente": "Catastro · parcela de dominio público"}, "geometry": {"type": "Polygon", "coordinates": [[[-3.55686, 41.234044], [-3.556589, 41.234077], [-3.556247, 41.234118], [-3.556057, 41.234141], [-3.555722, 41.234719], [-3.555133, 41.235737], [-3.555068, 41.235826], [-3.554868, 41.236103], [-3.554861, 41.236145], [-3.554843, 41.236291], [-3.55483, 41.23639], [-3.55451, 41.236334], [-3.55465, 41.236276], [-3.554734, 41.236201], [-3.554743, 41.236135], [-3.554753, 41.236075], [-3.555028, 41.235694], [-3.555066, 41.235628], [-3.555403, 41.235045], [-3.555521, 41.234841], [-3.555662, 41.234597], [-3.555944, 41.23411], [-3.554749, 41.233896], [-3.554713, 41.233626], [-3.554784, 41.233617], [-3.554815, 41.233853], [-3.555504, 41.233976], [-3.555501, 41.233621], [-3.555749, 41.233478], [-3.555792, 41.233521], [-3.555573, 41.233647], [-3.555575, 41.233989], [-3.555973, 41.23406], [-3.556645, 41.233979], [-3.557167, 41.233916], [-3.557437, 41.233883], [-3.559105, 41.233682], [-3.559106, 41.233684], [-3.559128, 41.233821], [-3.559069, 41.233793], [-3.558941, 41.233793], [-3.557517, 41.233965], [-3.557377, 41.233982], [-3.55686, 41.234044]]]}}, {"type": "Feature", "properties": {"ref": "40060A10709035", "nombre": "Camino (sin nombre en Catastro)", "nombre_catastro": "CAMINO", "tipo": "camino público", "clase": "camino", "municipio": "Cerezo de Arriba", "pueblo": "", "area_m2": 1868, "fuente": "Catastro · parcela de dominio público"}, "geometry": {"type": "Polygon", "coordinates": [[[-3.553752, 41.233792], [-3.553755, 41.234174], [-3.553811, 41.23419], [-3.553922, 41.234222], [-3.554028, 41.234256], [-3.554217, 41.234302], [-3.554133, 41.235294], [-3.55413, 41.235325], [-3.554127, 41.235356], [-3.554125, 41.235388], [-3.554124, 41.235392], [-3.554121, 41.23542], [-3.554115, 41.235458], [-3.55411, 41.235494], [-3.554106, 41.235527], [-3.554099, 41.235572], [-3.554093, 41.235614], [-3.554083, 41.235691], [-3.554012, 41.236199], [-3.553947, 41.236152], [-3.554044, 41.235452], [-3.554067, 41.235261], [-3.554142, 41.23434], [-3.554046, 41.234299], [-3.553133, 41.234035], [-3.553133, 41.233997], [-3.553388, 41.234071], [-3.553459, 41.234091], [-3.553683, 41.234153], [-3.55368, 41.233793], [-3.553752, 41.233792]]]}}, {"type": "Feature", "properties": {"ref": "40060A10809001", "nombre": "Camino (sin nombre en Catastro)", "nombre_catastro": "CAMINO", "tipo": "camino público", "clase": "camino", "municipio": "Cerezo de Arriba", "pueblo": "", "area_m2": 13087, "fuente": "Catastro · parcela de dominio público"}, "geometry": {"type": "Polygon", "coordinates": [[[-3.547691, 41.246982], [-3.547747, 41.246913], [-3.547749, 41.246909], [-3.547836, 41.246714], [-3.547902, 41.246566], [-3.547989, 41.246385], [-3.548066, 41.246224], [-3.548072, 41.246201], [-3.548105, 41.246077], [-3.548149, 41.245908], [-3.548184, 41.245728], [-3.54821, 41.245595], [-3.548208, 41.245512], [-3.5482, 41.245269], [-3.5482, 41.24525], [-3.548243, 41.244994], [-3.548262, 41.244883], [-3.548272, 41.2447], [-3.548241, 41.244592], [-3.548236, 41.244574], [-3.548204, 41.244547], [-3.548244, 41.244543], [-3.548316, 41.244536], [-3.54838, 41.244529], [-3.548361, 41.244573], [-3.548359, 41.244577], [-3.548369, 41.244611], [-3.548392, 41.244693], [-3.548381, 41.24489], [-3.548319, 41.245254], [-3.54833, 41.245601], [-3.548267, 41.245923], [-3.54825, 41.245986], [-3.5482, 41.24626], [-3.548033, 41.246608], [-3.547874, 41.246964], [-3.547596, 41.247306], [-3.547266, 41.247682], [-3.546927, 41.248042], [-3.546732, 41.248283], [-3.54645, 41.248754], [-3.546205, 41.249069], [-3.54592, 41.249413], [-3.545849, 41.249479], [-3.545677, 41.249637], [-3.545524, 41.249758], [-3.545363, 41.249885], [-3.545291, 41.249943], [-3.54516, 41.250016], [-3.544736, 41.250256], [-3.544202, 41.250558], [-3.543892, 41.250734], [-3.5434, 41.251013], [-3.543307, 41.251065], [-3.542633, 41.251447], [-3.541923, 41.251849], [-3.541897, 41.251863], [-3.541751, 41.251946], [-3.541433, 41.252126], [-3.541123, 41.252301], [-3.540856, 41.252452], [-3.540835, 41.252465], [-3.540727, 41.252526], [-3.540193, 41.252828], [-3.540185, 41.252832], [-3.540012, 41.25293], [-3.539843, 41.253026], [-3.539769, 41.252955], [-3.539964, 41.252844], [-3.540133, 41.252749], [-3.540141, 41.252744], [-3.540317, 41.252645], [-3.540427, 41.252582], [-3.540691, 41.252433], [-3.540824, 41.252358], [-3.541386, 41.25204], [-3.541721, 41.25185], [-3.54261, 41.251347], [-3.543296, 41.250959], [-3.543352, 41.250927], [-3.543583, 41.250796], [-3.544144, 41.250478], [-3.544413, 41.250327], [-3.544575, 41.250235], [-3.544718, 41.250154], [-3.544728, 41.250148], [-3.544934, 41.25003], [-3.545088, 41.249944], [-3.545088, 41.249944], [-3.545211, 41.249875], [-3.545219, 41.249869], [-3.545271, 41.249827], [-3.545277, 41.249823], [-3.545437, 41.249696], [-3.545484, 41.249659], [-3.545516, 41.249634], [-3.545522, 41.249629], [-3.545587, 41.249576], [-3.545626, 41.249542], [-3.545666, 41.249505], [-3.545727, 41.249448], [-3.545756, 41.249422], [-3.545823, 41.24936], [-3.545907, 41.249259], [-3.546034, 41.249105], [-3.546101, 41.249024], [-3.546131, 41.248981], [-3.546198, 41.248885], [-3.546324, 41.248703], [-3.546392, 41.248589], [-3.546494, 41.24842], [-3.546553, 41.24832], [-3.546608, 41.248229], [-3.546686, 41.248133], [-3.546743, 41.248063], [-3.546809, 41.24798], [-3.546865, 41.247921], [-3.546998, 41.247779], [-3.547091, 41.247681], [-3.547149, 41.247619], [-3.547185, 41.247577], [-3.54724, 41.247515], [-3.547325, 41.247418], [-3.547477, 41.247245], [-3.547603, 41.247091], [-3.547691, 41.246982]]]}}, {"type": "Feature", "properties": {"ref": "40060A10909002", "nombre": "Camino (sin nombre en Catastro)", "nombre_catastro": "CAMINO", "tipo": "camino público", "clase": "camino", "municipio": "Cerezo de Arriba", "pueblo": "", "area_m2": 4450, "fuente": "Catastro · parcela de dominio público"}, "geometry": {"type": "Polygon", "coordinates": [[[-3.537944, 41.238138], [-3.537944, 41.23814], [-3.53783, 41.238105], [-3.538023, 41.237122], [-3.538037, 41.237058], [-3.538069, 41.237038], [-3.538107, 41.237025], [-3.538191, 41.237006], [-3.538521, 41.236986], [-3.538903, 41.236911], [-3.539048, 41.236883], [-3.539377, 41.23682], [-3.5397, 41.236797], [-3.539999, 41.236817], [-3.540319, 41.236849], [-3.540667, 41.236903], [-3.541117, 41.236998], [-3.541443, 41.237118], [-3.541735, 41.237246], [-3.541905, 41.237391], [-3.541656, 41.237314], [-3.541383, 41.237196], [-3.541072, 41.237081], [-3.540633, 41.236988], [-3.540294, 41.236946], [-3.539982, 41.236906], [-3.5397, 41.236887], [-3.539394, 41.236909], [-3.539074, 41.236967], [-3.538933, 41.236996], [-3.538905, 41.237003], [-3.5386, 41.237073], [-3.538545, 41.237086], [-3.538189, 41.237097], [-3.538186, 41.237097], [-3.538143, 41.237125], [-3.538074, 41.237478], [-3.537944, 41.238138]]]}}, {"type": "Feature", "properties": {"ref": "40060A10909006", "nombre": "Camino (sin nombre en Catastro)", "nombre_catastro": "CAMINO", "tipo": "camino público", "clase": "camino", "municipio": "Cerezo de Arriba", "pueblo": "", "area_m2": 7059, "fuente": "Catastro · parcela de dominio público"}, "geometry": {"type": "Polygon", "coordinates": [[[-3.544211, 41.245729], [-3.543854, 41.246057], [-3.54353, 41.246353], [-3.543211, 41.246645], [-3.542865, 41.246962], [-3.542524, 41.247275], [-3.542191, 41.24758], [-3.541743, 41.247991], [-3.541617, 41.248107], [-3.54152, 41.248195], [-3.541025, 41.248648], [-3.540663, 41.24898], [-3.54057, 41.248923], [-3.541899, 41.247706], [-3.542533, 41.247125], [-3.544858, 41.244994], [-3.545783, 41.244147], [-3.545806, 41.244096], [-3.545795, 41.244055], [-3.545747, 41.244027], [-3.54601, 41.244081], [-3.545465, 41.24458], [-3.544792, 41.245197], [-3.544211, 41.245729]]]}}, {"type": "Feature", "properties": {"ref": "40060A10909007", "nombre": "Camino (sin nombre en Catastro)", "nombre_catastro": "CAMINO", "tipo": "camino público", "clase": "camino", "municipio": "Cerezo de Arriba", "pueblo": "", "area_m2": 2904, "fuente": "Catastro · parcela de dominio público"}, "geometry": {"type": "Polygon", "coordinates": [[[-3.540427, 41.252582], [-3.540317, 41.252645], [-3.540175, 41.252543], [-3.540017, 41.252329], [-3.539824, 41.252], [-3.539154, 41.251526], [-3.538858, 41.251305], [-3.538844, 41.251075], [-3.538943, 41.250881], [-3.538867, 41.250731], [-3.538777, 41.250711], [-3.538619, 41.250716], [-3.538551, 41.250777], [-3.538492, 41.250914], [-3.538442, 41.251089], [-3.538451, 41.251223], [-3.538475, 41.251319], [-3.538428, 41.251559], [-3.538478, 41.251883], [-3.538465, 41.251992], [-3.538331, 41.252056], [-3.538054, 41.252053], [-3.537761, 41.251905], [-3.537759, 41.251903], [-3.538068, 41.251999], [-3.538311, 41.252001], [-3.538384, 41.251967], [-3.538406, 41.251884], [-3.538356, 41.251558], [-3.538403, 41.25132], [-3.53838, 41.25123], [-3.53837, 41.251085], [-3.53839, 41.251013], [-3.538422, 41.2509], [-3.538486, 41.250751], [-3.538584, 41.250663], [-3.538786, 41.250657], [-3.538921, 41.250687], [-3.53902, 41.250881], [-3.538916, 41.251084], [-3.538928, 41.251282], [-3.539203, 41.251487], [-3.539883, 41.251969], [-3.540081, 41.252305], [-3.540232, 41.25251], [-3.540344, 41.25259], [-3.540427, 41.252582]]]}}, {"type": "Feature", "properties": {"ref": "40060A10909008", "nombre": "Camino (sin nombre en Catastro)", "nombre_catastro": "CAMINO", "tipo": "camino público", "clase": "camino", "municipio": "Cerezo de Arriba", "pueblo": "", "area_m2": 10725, "fuente": "Catastro · parcela de dominio público"}, "geometry": {"type": "Polygon", "coordinates": [[[-3.542269, 41.238147], [-3.54223, 41.237961], [-3.542075, 41.237744], [-3.542045, 41.237702], [-3.542014, 41.237661], [-3.54183, 41.237462], [-3.541656, 41.237314], [-3.541905, 41.237391], [-3.542229, 41.237738], [-3.542276, 41.237813], [-3.542314, 41.23789], [-3.542325, 41.237918], [-3.542343, 41.237969], [-3.542362, 41.23805], [-3.542371, 41.238114], [-3.542444, 41.238657], [-3.542439, 41.238814], [-3.542452, 41.238971], [-3.542462, 41.239032], [-3.542484, 41.239126], [-3.542501, 41.239187], [-3.542553, 41.239338], [-3.542621, 41.239494], [-3.543026, 41.240369], [-3.54308, 41.24052], [-3.543151, 41.240666], [-3.543206, 41.240759], [-3.543239, 41.240807], [-3.543263, 41.240849], [-3.543293, 41.240888], [-3.543327, 41.240925], [-3.543334, 41.240932], [-3.543365, 41.24096], [-3.543407, 41.240993], [-3.543452, 41.241022], [-3.543497, 41.241046], [-3.543696, 41.241154], [-3.543929, 41.24123], [-3.544303, 41.24135], [-3.544372, 41.241388], [-3.544498, 41.241537], [-3.544603, 41.241661], [-3.544614, 41.241727], [-3.544602, 41.241827], [-3.544507, 41.242181], [-3.544478, 41.242351], [-3.544479, 41.242486], [-3.544493, 41.242594], [-3.544514, 41.242682], [-3.54452, 41.242701], [-3.544559, 41.242805], [-3.544583, 41.242857], [-3.544789, 41.243245], [-3.544885, 41.243427], [-3.545, 41.243559], [-3.545251, 41.243739], [-3.545413, 41.243835], [-3.545545, 41.24389], [-3.545768, 41.243942], [-3.546065, 41.244012], [-3.546197, 41.244022], [-3.546604, 41.244025], [-3.546756, 41.244026], [-3.54684, 41.244044], [-3.546976, 41.244102], [-3.547236, 41.244251], [-3.547422, 41.244344], [-3.5475, 41.24437], [-3.547579, 41.244392], [-3.547625, 41.244401], [-3.547661, 41.244408], [-3.547745, 41.244418], [-3.547827, 41.244423], [-3.548093, 41.244439], [-3.54839, 41.244436], [-3.548616, 41.244425], [-3.548669, 41.244415], [-3.548686, 41.244482], [-3.548635, 41.244493], [-3.548523, 41.244504], [-3.548483, 41.244506], [-3.548424, 41.244511], [-3.54838, 41.244529], [-3.548316, 41.244536], [-3.548244, 41.244543], [-3.548204, 41.244547], [-3.548145, 41.244536], [-3.54806, 41.244545], [-3.547626, 41.244493], [-3.547344, 41.244414], [-3.547125, 41.244289], [-3.546785, 41.244124], [-3.546154, 41.24411], [-3.54601, 41.244081], [-3.545747, 41.244027], [-3.545617, 41.244001], [-3.545355, 41.24392], [-3.545121, 41.24378], [-3.54483, 41.243557], [-3.544711, 41.243356], [-3.544685, 41.243313], [-3.544644, 41.24324], [-3.544597, 41.243147], [-3.544512, 41.24298], [-3.544411, 41.242772], [-3.544383, 41.242577], [-3.544354, 41.242382], [-3.544371, 41.242304], [-3.544394, 41.242197], [-3.544431, 41.242018], [-3.544504, 41.24173], [-3.544496, 41.241643], [-3.544421, 41.241514], [-3.54426, 41.24143], [-3.5439, 41.241306], [-3.543657, 41.241232], [-3.543429, 41.241088], [-3.543306, 41.24101], [-3.543198, 41.24094], [-3.543035, 41.240758], [-3.542969, 41.240536], [-3.542908, 41.240325], [-3.542807, 41.240074], [-3.54262, 41.239739], [-3.542477, 41.239474], [-3.542414, 41.239271], [-3.542349, 41.239068], [-3.542332, 41.238794], [-3.542313, 41.238524], [-3.542311, 41.238492], [-3.542294, 41.23827], [-3.542269, 41.238147]]]}}, {"type": "Feature", "properties": {"ref": "40060A11009006", "nombre": "Camino (sin nombre en Catastro)", "nombre_catastro": "CAMINO", "tipo": "camino público", "clase": "camino", "municipio": "Cerezo de Arriba", "pueblo": "", "area_m2": 4036, "fuente": "Catastro · parcela de dominio público"}, "geometry": {"type": "Polygon", "coordinates": [[[-3.5504, 41.23863], [-3.550622, 41.238538], [-3.550802, 41.238464], [-3.550837, 41.238446], [-3.551005, 41.23836], [-3.551028, 41.238348], [-3.551307, 41.238032], [-3.55162, 41.237677], [-3.552002, 41.237244], [-3.552101, 41.237294], [-3.551971, 41.237441], [-3.551579, 41.237886], [-3.551274, 41.238233], [-3.551115, 41.238413], [-3.550955, 41.238495], [-3.550864, 41.238541], [-3.550393, 41.238736], [-3.549988, 41.238903], [-3.549304, 41.239186], [-3.548964, 41.239327], [-3.548606, 41.239475], [-3.548511, 41.239514], [-3.548474, 41.23955], [-3.548405, 41.239412], [-3.548534, 41.239402], [-3.549553, 41.23898], [-3.549802, 41.238877], [-3.549937, 41.238822], [-3.550173, 41.238724], [-3.550277, 41.238679], [-3.5504, 41.23863]]]}}, {"type": "Feature", "properties": {"ref": "40060A11009008", "nombre": "Camino (sin nombre en Catastro)", "nombre_catastro": "CAMINO", "tipo": "camino público", "clase": "camino", "municipio": "Cerezo de Arriba", "pueblo": "", "area_m2": 1116, "fuente": "Catastro · parcela de dominio público"}, "geometry": {"type": "Polygon", "coordinates": [[[-3.553302, 41.240282], [-3.552521, 41.240097], [-3.552526, 41.240043], [-3.552745, 41.240094], [-3.552983, 41.240151], [-3.553329, 41.240232], [-3.553369, 41.240242], [-3.553463, 41.240264], [-3.553765, 41.24028], [-3.55413, 41.240194], [-3.554137, 41.240221], [-3.554128, 41.240264], [-3.554083, 41.240288], [-3.554049, 41.240305], [-3.553825, 41.240379], [-3.553703, 41.240375], [-3.553471, 41.240375], [-3.553449, 41.240317], [-3.553342, 41.240292], [-3.553302, 41.240282]]]}}, {"type": "Feature", "properties": {"ref": "40060A11009009", "nombre": "Camino (sin nombre en Catastro)", "nombre_catastro": "CAMINO", "tipo": "camino público", "clase": "camino", "municipio": "Cerezo de Arriba", "pueblo": "", "area_m2": 3549, "fuente": "Catastro · parcela de dominio público"}, "geometry": {"type": "Polygon", "coordinates": [[[-3.546348, 41.23734], [-3.546405, 41.23733], [-3.54649, 41.23727], [-3.547305, 41.236338], [-3.547682, 41.236035], [-3.548173, 41.235639], [-3.548289, 41.235545], [-3.548804, 41.235302], [-3.549609, 41.235709], [-3.54957, 41.235754], [-3.548846, 41.235388], [-3.548366, 41.235616], [-3.548155, 41.235785], [-3.54769, 41.23616], [-3.547399, 41.236394], [-3.547248, 41.236566], [-3.546892, 41.236973], [-3.546524, 41.237395], [-3.54652, 41.237399], [-3.54651, 41.23743], [-3.546348, 41.23734]]]}}, {"type": "Feature", "properties": {"ref": "40060A11009010", "nombre": "Camino (sin nombre en Catastro)", "nombre_catastro": "CAMINO", "tipo": "camino público", "clase": "camino", "municipio": "Cerezo de Arriba", "pueblo": "", "area_m2": 1769, "fuente": "Catastro · parcela de dominio público"}, "geometry": {"type": "Polygon", "coordinates": [[[-3.543954, 41.234118], [-3.543851, 41.234165], [-3.543813, 41.234179], [-3.543624, 41.234249], [-3.543552, 41.234289], [-3.54351, 41.234313], [-3.543421, 41.234387], [-3.543382, 41.23445], [-3.543267, 41.234644], [-3.543263, 41.234662], [-3.543259, 41.234762], [-3.543258, 41.234892], [-3.543244, 41.235003], [-3.543243, 41.235009], [-3.543215, 41.23515], [-3.543203, 41.23521], [-3.543185, 41.235311], [-3.543151, 41.235447], [-3.543148, 41.23546], [-3.543119, 41.235627], [-3.543111, 41.2358], [-3.54304, 41.235776], [-3.543048, 41.235622], [-3.543077, 41.235452], [-3.543114, 41.235303], [-3.543139, 41.235165], [-3.543173, 41.234997], [-3.543186, 41.234889], [-3.543188, 41.234761], [-3.543192, 41.234657], [-3.543198, 41.234629], [-3.543359, 41.234357], [-3.543462, 41.234273], [-3.543585, 41.234203], [-3.543598, 41.234198], [-3.54381, 41.23412], [-3.543908, 41.234077], [-3.543962, 41.234053], [-3.544074, 41.234022], [-3.544218, 41.233983], [-3.544832, 41.233817], [-3.544774, 41.233891], [-3.544381, 41.233997], [-3.544139, 41.234062], [-3.543989, 41.234103], [-3.543982, 41.234106], [-3.543954, 41.234118]]]}}, {"type": "Feature", "properties": {"ref": "40060A11009011", "nombre": "Camino (sin nombre en Catastro)", "nombre_catastro": "CAMINO", "tipo": "camino público", "clase": "camino", "municipio": "Cerezo de Arriba", "pueblo": "", "area_m2": 6880, "fuente": "Catastro · parcela de dominio público"}, "geometry": {"type": "Polygon", "coordinates": [[[-3.53697, 41.231098], [-3.53653, 41.230999], [-3.535553, 41.230779], [-3.53518, 41.23172], [-3.535112, 41.231705], [-3.535218, 41.231438], [-3.535351, 41.231101], [-3.535485, 41.230763], [-3.535392, 41.230742], [-3.535427, 41.230656], [-3.535593, 41.230693], [-3.535749, 41.230729], [-3.536455, 41.230888], [-3.537384, 41.231098], [-3.539371, 41.231546], [-3.539652, 41.231553], [-3.539839, 41.231499], [-3.539964, 41.231407], [-3.540046, 41.231152], [-3.53997, 41.230898], [-3.539068, 41.229887], [-3.539035, 41.229784], [-3.539101, 41.229711], [-3.539103, 41.229712], [-3.539228, 41.229777], [-3.539177, 41.229797], [-3.539179, 41.22985], [-3.540081, 41.230861], [-3.540169, 41.231153], [-3.540072, 41.231454], [-3.539904, 41.231577], [-3.539756, 41.231619], [-3.539672, 41.231644], [-3.539351, 41.231636], [-3.538163, 41.231368], [-3.537604, 41.231242], [-3.53697, 41.231098]]]}}, {"type": "Feature", "properties": {"ref": "40060A11309001", "nombre": "Camino (sin nombre en Catastro)", "nombre_catastro": "CAMINO", "tipo": "camino público", "clase": "camino", "municipio": "Cerezo de Arriba", "pueblo": "", "area_m2": 23627, "fuente": "Catastro · parcela de dominio público"}, "geometry": {"type": "Polygon", "coordinates": [[[-3.548689, 41.232091], [-3.548723, 41.232165], [-3.548731, 41.232183], [-3.548761, 41.232235], [-3.54878, 41.232401], [-3.548784, 41.232437], [-3.548795, 41.232528], [-3.54887, 41.232645], [-3.54898, 41.232748], [-3.549058, 41.232818], [-3.549112, 41.232865], [-3.549188, 41.232933], [-3.549278, 41.233011], [-3.549653, 41.233279], [-3.549663, 41.23329], [-3.549665, 41.233291], [-3.549685, 41.233311], [-3.54971, 41.233335], [-3.549714, 41.233338], [-3.549762, 41.23338], [-3.549794, 41.233408], [-3.54984, 41.233498], [-3.54992, 41.233655], [-3.549968, 41.23375], [-3.549991, 41.233794], [-3.549918, 41.233775], [-3.549781, 41.233739], [-3.549803, 41.233704], [-3.549784, 41.233645], [-3.549632, 41.233434], [-3.54962, 41.233427], [-3.549543, 41.233389], [-3.549533, 41.233384], [-3.549389, 41.233272], [-3.54931, 41.233213], [-3.549236, 41.23315], [-3.549166, 41.233076], [-3.549033, 41.232934], [-3.54903, 41.232931], [-3.548888, 41.232805], [-3.54888, 41.232798], [-3.548768, 41.232693], [-3.548766, 41.23269], [-3.548706, 41.232596], [-3.548679, 41.232554], [-3.548678, 41.232552], [-3.548644, 41.232257], [-3.548516, 41.23203], [-3.548368, 41.231872], [-3.548185, 41.231762], [-3.547795, 41.231705], [-3.547718, 41.23169], [-3.547626, 41.231672], [-3.547611, 41.231669], [-3.547504, 41.231647], [-3.547275, 41.2315], [-3.5471, 41.231314], [-3.547087, 41.231299], [-3.54708, 41.231292], [-3.547076, 41.231283], [-3.546993, 41.231101], [-3.546825, 41.230956], [-3.546797, 41.230931], [-3.546734, 41.230898], [-3.546734, 41.230898], [-3.546531, 41.230791], [-3.54623, 41.230633], [-3.546176, 41.230591], [-3.546077, 41.230513], [-3.546003, 41.230455], [-3.545936, 41.230402], [-3.545854, 41.230337], [-3.545282, 41.229887], [-3.545224, 41.229841], [-3.54502, 41.229681], [-3.544945, 41.229622], [-3.544652, 41.229391], [-3.544397, 41.229191], [-3.544281, 41.229099], [-3.543818, 41.228716], [-3.54337, 41.228345], [-3.543127, 41.228145], [-3.541809, 41.227431], [-3.541642, 41.22731], [-3.540977, 41.22682], [-3.540633, 41.226584], [-3.540438, 41.226451], [-3.539857, 41.226051], [-3.539534, 41.225828], [-3.539223, 41.225614], [-3.538781, 41.22531], [-3.538745, 41.225286], [-3.538052, 41.224808], [-3.53766, 41.224651], [-3.537658, 41.224651], [-3.537261, 41.224493], [-3.536859, 41.224327], [-3.536639, 41.22424], [-3.536461, 41.224169], [-3.536063, 41.224006], [-3.535922, 41.223949], [-3.535662, 41.223844], [-3.535531, 41.223791], [-3.535237, 41.223673], [-3.534864, 41.223522], [-3.534461, 41.22336], [-3.534379, 41.223326], [-3.534062, 41.223197], [-3.533859, 41.223115], [-3.533663, 41.223036], [-3.533329, 41.222902], [-3.532947, 41.222755], [-3.532462, 41.222552], [-3.532006, 41.222366], [-3.531659, 41.222225], [-3.531407, 41.222103], [-3.531278, 41.222045], [-3.531148, 41.221983], [-3.530898, 41.221864], [-3.530785, 41.221832], [-3.530541, 41.221764], [-3.530469, 41.221746], [-3.530402, 41.221719], [-3.530061, 41.221586], [-3.529512, 41.22136], [-3.528953, 41.221147], [-3.528762, 41.221063], [-3.528772, 41.221048], [-3.528799, 41.221007], [-3.528822, 41.220972], [-3.529009, 41.221055], [-3.530516, 41.221664], [-3.530602, 41.221687], [-3.530781, 41.221735], [-3.530951, 41.221782], [-3.530951, 41.221782], [-3.531115, 41.22186], [-3.531264, 41.221932], [-3.531341, 41.221968], [-3.531457, 41.222023], [-3.531608, 41.222095], [-3.531723, 41.222149], [-3.532121, 41.222311], [-3.532519, 41.222473], [-3.532619, 41.222514], [-3.533233, 41.222761], [-3.533719, 41.222956], [-3.533825, 41.222999], [-3.534118, 41.223118], [-3.534517, 41.22328], [-3.53492, 41.223442], [-3.535194, 41.223553], [-3.535293, 41.223593], [-3.535582, 41.223709], [-3.535961, 41.223863], [-3.536119, 41.223927], [-3.536517, 41.224089], [-3.536916, 41.224248], [-3.536992, 41.224279], [-3.537318, 41.224413], [-3.537459, 41.22447], [-3.537716, 41.224572], [-3.538122, 41.224734], [-3.538297, 41.224855], [-3.538656, 41.225102], [-3.538963, 41.225313], [-3.540714, 41.226518], [-3.541585, 41.227145], [-3.541886, 41.227361], [-3.543207, 41.228077], [-3.543533, 41.228346], [-3.544368, 41.229038], [-3.544699, 41.229298], [-3.544871, 41.229433], [-3.545285, 41.22976], [-3.545952, 41.230285], [-3.546308, 41.230565], [-3.54646, 41.230636], [-3.546669, 41.230734], [-3.54673, 41.230771], [-3.546877, 41.230864], [-3.546884, 41.23087], [-3.547098, 41.231055], [-3.547143, 41.231152], [-3.547187, 41.231251], [-3.547363, 41.231439], [-3.547561, 41.231566], [-3.547566, 41.231567], [-3.547724, 41.231598], [-3.547822, 41.231618], [-3.547847, 41.231622], [-3.548234, 41.23168], [-3.548354, 41.231749], [-3.548447, 41.231804], [-3.548456, 41.231809], [-3.548621, 41.231987], [-3.548689, 41.232091]]]}}, {"type": "Feature", "properties": {"ref": "40060A11309004", "nombre": "Camino (sin nombre en Catastro)", "nombre_catastro": "CAMINO", "tipo": "camino público", "clase": "camino", "municipio": "Cerezo de Arriba", "pueblo": "", "area_m2": 197, "fuente": "Catastro · parcela de dominio público"}, "geometry": {"type": "Polygon", "coordinates": [[[-3.544249, 41.231889], [-3.544287, 41.231938], [-3.544496, 41.232092], [-3.544476, 41.232146], [-3.544415, 41.232108], [-3.54423, 41.231972], [-3.544189, 41.231913], [-3.544249, 41.231889]]]}}, {"type": "Feature", "properties": {"ref": "40060A11309006", "nombre": "Camino (sin nombre en Catastro)", "nombre_catastro": "CAMINO", "tipo": "camino público", "clase": "camino", "municipio": "Cerezo de Arriba", "pueblo": "", "area_m2": 3016, "fuente": "Catastro · parcela de dominio público"}, "geometry": {"type": "Polygon", "coordinates": [[[-3.544699, 41.229298], [-3.544877, 41.229225], [-3.545061, 41.229188], [-3.545358, 41.229177], [-3.545464, 41.229184], [-3.545645, 41.229196], [-3.545785, 41.229206], [-3.545808, 41.229207], [-3.546031, 41.229261], [-3.546033, 41.229261], [-3.546239, 41.22929], [-3.546536, 41.229332], [-3.546952, 41.229391], [-3.547151, 41.229419], [-3.547318, 41.229443], [-3.54752, 41.229471], [-3.548154, 41.229561], [-3.548225, 41.229571], [-3.548204, 41.22966], [-3.547976, 41.229628], [-3.547434, 41.229551], [-3.547267, 41.229527], [-3.54711, 41.229505], [-3.546957, 41.229484], [-3.546394, 41.229404], [-3.546281, 41.229388], [-3.546066, 41.229358], [-3.546002, 41.229349], [-3.545944, 41.229335], [-3.545784, 41.229297], [-3.545452, 41.229274], [-3.545355, 41.229268], [-3.54508, 41.229278], [-3.544921, 41.22931], [-3.544872, 41.22933], [-3.544849, 41.229352], [-3.544846, 41.229382], [-3.544871, 41.229433], [-3.544699, 41.229298]]]}}, {"type": "Feature", "properties": {"ref": "40060A11309007", "nombre": "Camino (sin nombre en Catastro)", "nombre_catastro": "CAMINO", "tipo": "camino público", "clase": "camino", "municipio": "Cerezo de Arriba", "pueblo": "", "area_m2": 2762, "fuente": "Catastro · parcela de dominio público"}, "geometry": {"type": "Polygon", "coordinates": [[[-3.548225, 41.229571], [-3.548154, 41.229561], [-3.548176, 41.229466], [-3.548204, 41.229378], [-3.548238, 41.229269], [-3.54829, 41.229159], [-3.548405, 41.228914], [-3.548487, 41.228751], [-3.548573, 41.228583], [-3.548676, 41.228438], [-3.548764, 41.228315], [-3.548828, 41.228179], [-3.54885, 41.228101], [-3.54887, 41.228046], [-3.54896, 41.227795], [-3.549025, 41.227635], [-3.549073, 41.227514], [-3.54914, 41.227355], [-3.549141, 41.227353], [-3.549154, 41.227307], [-3.549204, 41.227133], [-3.549305, 41.226785], [-3.549367, 41.226572], [-3.549468, 41.226225], [-3.549622, 41.225691], [-3.549635, 41.225649], [-3.549649, 41.225598], [-3.549716, 41.225621], [-3.549693, 41.225702], [-3.549668, 41.225788], [-3.549494, 41.226389], [-3.549443, 41.226565], [-3.549379, 41.226785], [-3.549278, 41.227131], [-3.549226, 41.227312], [-3.54921, 41.227367], [-3.549167, 41.227471], [-3.549107, 41.22762], [-3.549044, 41.227774], [-3.54903, 41.227808], [-3.549029, 41.22781], [-3.548983, 41.227939], [-3.548918, 41.228122], [-3.548897, 41.228194], [-3.54883, 41.228338], [-3.548638, 41.228605], [-3.548472, 41.228933], [-3.548307, 41.229286], [-3.548246, 41.229478], [-3.548225, 41.229571]]]}}, {"type": "Feature", "properties": {"ref": "40060A11309011", "nombre": "Camino (sin nombre en Catastro)", "nombre_catastro": "CAMINO", "tipo": "camino público", "clase": "camino", "municipio": "Cerezo de Arriba", "pueblo": "", "area_m2": 17251, "fuente": "Catastro · parcela de dominio público"}, "geometry": {"type": "Polygon", "coordinates": [[[-3.533177, 41.219126], [-3.53328, 41.219232], [-3.533574, 41.219535], [-3.534015, 41.21999], [-3.534062, 41.220039], [-3.534067, 41.220044], [-3.534078, 41.220055], [-3.534119, 41.220097], [-3.534228, 41.220208], [-3.534292, 41.220274], [-3.534388, 41.220374], [-3.53454, 41.220531], [-3.53464, 41.220635], [-3.53465, 41.220645], [-3.534756, 41.22071], [-3.534767, 41.220716], [-3.534919, 41.220809], [-3.535102, 41.220921], [-3.535114, 41.220929], [-3.535272, 41.221025], [-3.535446, 41.221132], [-3.535535, 41.221186], [-3.535787, 41.221261], [-3.535856, 41.221281], [-3.536191, 41.221379], [-3.536272, 41.221403], [-3.536272, 41.221403], [-3.536852, 41.221574], [-3.537082, 41.221642], [-3.537127, 41.221655], [-3.537286, 41.221702], [-3.537459, 41.221753], [-3.538131, 41.221951], [-3.538481, 41.222046], [-3.538854, 41.222148], [-3.539193, 41.22224], [-3.53953, 41.222331], [-3.540181, 41.222508], [-3.5405, 41.222595], [-3.54087, 41.222696], [-3.541199, 41.222785], [-3.541262, 41.222802], [-3.542253, 41.223071], [-3.54257, 41.223157], [-3.542962, 41.223264], [-3.543295, 41.223354], [-3.543437, 41.223402], [-3.543459, 41.223409], [-3.543657, 41.223476], [-3.543892, 41.223556], [-3.543982, 41.223586], [-3.54404, 41.223605], [-3.544164, 41.223647], [-3.544265, 41.223682], [-3.544409, 41.22373], [-3.544689, 41.223825], [-3.545049, 41.223946], [-3.54531, 41.224035], [-3.545533, 41.22411], [-3.545718, 41.224172], [-3.545887, 41.224229], [-3.546025, 41.224276], [-3.546187, 41.22433], [-3.546343, 41.224383], [-3.546471, 41.224426], [-3.54727, 41.224696], [-3.547463, 41.224761], [-3.547464, 41.224762], [-3.54765, 41.224825], [-3.547783, 41.224869], [-3.548491, 41.225109], [-3.548789, 41.225209], [-3.549024, 41.225289], [-3.549268, 41.225371], [-3.549572, 41.225474], [-3.549765, 41.225539], [-3.549716, 41.225621], [-3.549649, 41.225598], [-3.549612, 41.225585], [-3.549329, 41.22549], [-3.549074, 41.225404], [-3.548878, 41.225338], [-3.548585, 41.225239], [-3.547767, 41.224962], [-3.547721, 41.224947], [-3.54716, 41.224758], [-3.546385, 41.224496], [-3.546267, 41.224456], [-3.546109, 41.224402], [-3.545961, 41.224353], [-3.545831, 41.224309], [-3.545659, 41.224251], [-3.545477, 41.224189], [-3.545268, 41.224118], [-3.544995, 41.224026], [-3.544704, 41.223928], [-3.544347, 41.223807], [-3.544213, 41.223762], [-3.544115, 41.223729], [-3.543986, 41.223686], [-3.543814, 41.223628], [-3.543578, 41.223548], [-3.543362, 41.223475], [-3.543258, 41.22344], [-3.542879, 41.223337], [-3.542509, 41.223236], [-3.542194, 41.223151], [-3.541273, 41.222901], [-3.54066, 41.222734], [-3.540386, 41.22266], [-3.539617, 41.222451], [-3.53959, 41.222443], [-3.53947, 41.222411], [-3.538679, 41.222196], [-3.538422, 41.222126], [-3.538089, 41.222036], [-3.537764, 41.22194], [-3.53725, 41.221788], [-3.537098, 41.221744], [-3.537093, 41.221742], [-3.537048, 41.221729], [-3.536664, 41.221616], [-3.535909, 41.221393], [-3.535827, 41.221369], [-3.535775, 41.221354], [-3.535474, 41.221265], [-3.535404, 41.221222], [-3.535229, 41.221115], [-3.535059, 41.221011], [-3.534877, 41.220899], [-3.534727, 41.220808], [-3.534574, 41.220714], [-3.53456, 41.220706], [-3.534447, 41.220589], [-3.534314, 41.220451], [-3.534303, 41.22044], [-3.534114, 41.220245], [-3.533848, 41.219971], [-3.533536, 41.219649], [-3.533167, 41.219267], [-3.53233, 41.218403], [-3.532326, 41.2184], [-3.532169, 41.218242], [-3.532248, 41.218158], [-3.532411, 41.218334], [-3.532412, 41.218335], [-3.532755, 41.21869], [-3.532756, 41.21869], [-3.532974, 41.218915], [-3.533177, 41.219126]]]}}, {"type": "Feature", "properties": {"ref": "40060A11409003", "nombre": "Camino (sin nombre en Catastro)", "nombre_catastro": "CAMINO", "tipo": "camino público", "clase": "camino", "municipio": "Cerezo de Arriba", "pueblo": "", "area_m2": 11043, "fuente": "Catastro · parcela de dominio público"}, "geometry": {"type": "Polygon", "coordinates": [[[-3.55856, 41.230804], [-3.559096, 41.230762], [-3.55914, 41.230757], [-3.559531, 41.23068], [-3.560052, 41.230469], [-3.560425, 41.230303], [-3.560605, 41.230192], [-3.560758, 41.230097], [-3.561381, 41.229351], [-3.561573, 41.229218], [-3.561536, 41.229318], [-3.561437, 41.229386], [-3.560813, 41.230133], [-3.560466, 41.230347], [-3.560087, 41.230516], [-3.559379, 41.230802], [-3.559164, 41.230845], [-3.559111, 41.230851], [-3.558296, 41.230916], [-3.557888, 41.230948], [-3.556844, 41.23086], [-3.556642, 41.230843], [-3.556471, 41.230828], [-3.556028, 41.230766], [-3.555819, 41.230736], [-3.555602, 41.230705], [-3.55536, 41.230671], [-3.555078, 41.230631], [-3.553965, 41.230474], [-3.551427, 41.230115], [-3.551246, 41.23009], [-3.551033, 41.23006], [-3.551009, 41.230056], [-3.550509, 41.229986], [-3.550485, 41.229982], [-3.550142, 41.229935], [-3.549728, 41.229875], [-3.549724, 41.229875], [-3.549724, 41.229875], [-3.549255, 41.229809], [-3.548204, 41.22966], [-3.548225, 41.229571], [-3.550338, 41.22987], [-3.552376, 41.230158], [-3.552694, 41.230203], [-3.553008, 41.230247], [-3.553731, 41.230349], [-3.553799, 41.230359], [-3.553874, 41.23037], [-3.555144, 41.230549], [-3.555335, 41.230576], [-3.555631, 41.230618], [-3.556488, 41.230739], [-3.557755, 41.230846], [-3.557888, 41.230857], [-3.558247, 41.230829], [-3.55856, 41.230804]]]}}, {"type": "Feature", "properties": {"ref": "40060A11409004", "nombre": "Camino (sin nombre en Catastro)", "nombre_catastro": "CAMINO", "tipo": "camino público", "clase": "camino", "municipio": "Cerezo de Arriba", "pueblo": "", "area_m2": 9442, "fuente": "Catastro · parcela de dominio público"}, "geometry": {"type": "Polygon", "coordinates": [[[-3.553179, 41.226318], [-3.5541, 41.226504], [-3.554172, 41.226519], [-3.554814, 41.226649], [-3.554982, 41.226683], [-3.555198, 41.226758], [-3.555456, 41.226847], [-3.555709, 41.226936], [-3.555784, 41.227011], [-3.555864, 41.227089], [-3.55593, 41.227158], [-3.556007, 41.227235], [-3.556068, 41.227297], [-3.556088, 41.227317], [-3.556137, 41.227476], [-3.556205, 41.227687], [-3.556156, 41.227893], [-3.556046, 41.228374], [-3.555954, 41.228778], [-3.555854, 41.229222], [-3.555806, 41.229432], [-3.555759, 41.229638], [-3.555647, 41.230133], [-3.555554, 41.23054], [-3.555578, 41.230589], [-3.555631, 41.230618], [-3.555335, 41.230576], [-3.555404, 41.230561], [-3.555435, 41.230533], [-3.555563, 41.229969], [-3.555669, 41.229501], [-3.555836, 41.22877], [-3.556081, 41.22769], [-3.555977, 41.227356], [-3.555632, 41.227008], [-3.554941, 41.226768], [-3.554487, 41.226676], [-3.552995, 41.226374], [-3.552763, 41.226327], [-3.552495, 41.226272], [-3.552275, 41.226229], [-3.552033, 41.226179], [-3.551712, 41.226114], [-3.551549, 41.226081], [-3.551389, 41.226049], [-3.55123, 41.226016], [-3.550728, 41.225915], [-3.550375, 41.225843], [-3.549716, 41.225621], [-3.549765, 41.225539], [-3.550415, 41.225758], [-3.551789, 41.226036], [-3.552609, 41.226202], [-3.552905, 41.226263], [-3.553179, 41.226318]]]}}, {"type": "Feature", "properties": {"ref": "40060A11409005", "nombre": "Camino (sin nombre en Catastro)", "nombre_catastro": "CAMINO", "tipo": "camino público", "clase": "camino", "municipio": "Cerezo de Arriba", "pueblo": "", "area_m2": 894, "fuente": "Catastro · parcela de dominio público"}, "geometry": {"type": "Polygon", "coordinates": [[[-3.5541, 41.226504], [-3.555019, 41.225357], [-3.555091, 41.225372], [-3.554555, 41.226041], [-3.554172, 41.226519], [-3.5541, 41.226504]]]}}, {"type": "Feature", "properties": {"ref": "40060A11509003", "nombre": "Camino (sin nombre en Catastro)", "nombre_catastro": "CAMINO", "tipo": "camino público", "clase": "camino", "municipio": "Cerezo de Arriba", "pueblo": "", "area_m2": 22583, "fuente": "Catastro · parcela de dominio público"}, "geometry": {"type": "Polygon", "coordinates": [[[-3.559955, 41.221124], [-3.559889, 41.221102], [-3.55874, 41.220721], [-3.5579, 41.220442], [-3.557336, 41.220255], [-3.557276, 41.220235], [-3.556883, 41.220132], [-3.556811, 41.220113], [-3.555866, 41.219546], [-3.555568, 41.219354], [-3.555222, 41.21906], [-3.555191, 41.219034], [-3.5546, 41.21849], [-3.554529, 41.218428], [-3.554615, 41.218433], [-3.554644, 41.218435], [-3.55467, 41.218436], [-3.554672, 41.218436], [-3.554673, 41.218436], [-3.554708, 41.218442], [-3.554706, 41.218443], [-3.555324, 41.219014], [-3.555651, 41.219289], [-3.555942, 41.219476], [-3.556077, 41.219557], [-3.556869, 41.220033], [-3.557319, 41.220151], [-3.558884, 41.22067], [-3.561031, 41.221383], [-3.561253, 41.221457], [-3.561452, 41.221523], [-3.561731, 41.221601], [-3.562336, 41.221816], [-3.562917, 41.222009], [-3.563527, 41.222212], [-3.563531, 41.222213], [-3.564024, 41.222323], [-3.564979, 41.22252], [-3.565309, 41.222607], [-3.565643, 41.222681], [-3.56597, 41.222754], [-3.56624, 41.222814], [-3.566824, 41.222943], [-3.568447, 41.223303], [-3.571606, 41.223459], [-3.572053, 41.223499], [-3.572185, 41.223514], [-3.572835, 41.223569], [-3.573565, 41.223626], [-3.573752, 41.22364], [-3.573992, 41.223659], [-3.574285, 41.223682], [-3.574391, 41.223698], [-3.574684, 41.223741], [-3.57506, 41.223797], [-3.575702, 41.223908], [-3.57617, 41.224033], [-3.576326, 41.224118], [-3.576394, 41.224155], [-3.576431, 41.224261], [-3.576436, 41.224276], [-3.576437, 41.224349], [-3.576437, 41.224412], [-3.576421, 41.224528], [-3.576373, 41.224609], [-3.576285, 41.224703], [-3.576125, 41.224855], [-3.575969, 41.224993], [-3.575899, 41.225055], [-3.575872, 41.225079], [-3.575657, 41.225272], [-3.575433, 41.225462], [-3.575226, 41.225632], [-3.575039, 41.225767], [-3.574893, 41.225866], [-3.574853, 41.225932], [-3.574838, 41.226086], [-3.574821, 41.226267], [-3.574726, 41.226277], [-3.574721, 41.226081], [-3.574727, 41.225929], [-3.574813, 41.225798], [-3.574953, 41.22571], [-3.574966, 41.225702], [-3.575142, 41.225582], [-3.575179, 41.225552], [-3.57535, 41.225409], [-3.575569, 41.225223], [-3.575802, 41.225017], [-3.576036, 41.224806], [-3.576205, 41.224653], [-3.576276, 41.224572], [-3.576313, 41.224496], [-3.576324, 41.224409], [-3.576314, 41.224296], [-3.576293, 41.224207], [-3.576116, 41.224114], [-3.575894, 41.224055], [-3.575667, 41.223995], [-3.575352, 41.22394], [-3.575037, 41.223885], [-3.574649, 41.223828], [-3.574266, 41.22377], [-3.574232, 41.223768], [-3.572861, 41.223661], [-3.572822, 41.223658], [-3.571851, 41.223572], [-3.571595, 41.223549], [-3.570619, 41.223501], [-3.569606, 41.223451], [-3.568426, 41.223392], [-3.567359, 41.223156], [-3.565362, 41.222713], [-3.565036, 41.22264], [-3.56483, 41.222599], [-3.564427, 41.222517], [-3.563494, 41.222289], [-3.562779, 41.222074], [-3.562032, 41.221814], [-3.561999, 41.221803], [-3.561562, 41.221658], [-3.561345, 41.221586], [-3.560767, 41.221394], [-3.560282, 41.221233], [-3.559955, 41.221124]]]}}, {"type": "Feature", "properties": {"ref": "40060A11509004", "nombre": "Camino (sin nombre en Catastro)", "nombre_catastro": "CAMINO", "tipo": "camino público", "clase": "camino", "municipio": "Cerezo de Arriba", "pueblo": "", "area_m2": 768, "fuente": "Catastro · parcela de dominio público"}, "geometry": {"type": "Polygon", "coordinates": [[[-3.559889, 41.221102], [-3.559956, 41.221124], [-3.559728, 41.22152], [-3.55935, 41.222179], [-3.559284, 41.222157], [-3.559889, 41.221102]]]}}, {"type": "Feature", "properties": {"ref": "40060A11509005", "nombre": "Camino (sin nombre en Catastro)", "nombre_catastro": "CAMINO", "tipo": "camino público", "clase": "camino", "municipio": "Cerezo de Arriba", "pueblo": "", "area_m2": 1315, "fuente": "Catastro · parcela de dominio público"}, "geometry": {"type": "Polygon", "coordinates": [[[-3.566713, 41.222418], [-3.566872, 41.222066], [-3.566925, 41.221948], [-3.567047, 41.221958], [-3.566991, 41.22208], [-3.566697, 41.222734], [-3.566695, 41.222822], [-3.566739, 41.222896], [-3.566824, 41.222943], [-3.56624, 41.222814], [-3.56641, 41.222813], [-3.566527, 41.222765], [-3.566583, 41.222707], [-3.566588, 41.222697], [-3.566616, 41.222637], [-3.566645, 41.222569], [-3.566676, 41.222498], [-3.566713, 41.222418]]]}}, {"type": "Feature", "properties": {"ref": "40060A00209007", "nombre": "Camino (sin nombre en Catastro)", "nombre_catastro": "CAMINO", "tipo": "camino público", "clase": "camino", "municipio": "Cerezo de Arriba", "pueblo": "", "area_m2": 5842, "fuente": "Catastro · parcela de dominio público"}, "geometry": {"type": "Polygon", "coordinates": [[[-3.562092, 41.243242], [-3.562399, 41.243568], [-3.562597, 41.243918], [-3.562653, 41.244141], [-3.56268, 41.244278], [-3.562753, 41.244542], [-3.562871, 41.244949], [-3.562974, 41.245171], [-3.563144, 41.245477], [-3.56338, 41.245735], [-3.563545, 41.245852], [-3.56367, 41.245895], [-3.563756, 41.245896], [-3.563859, 41.245967], [-3.563872, 41.246043], [-3.563897, 41.246098], [-3.564355, 41.246383], [-3.565022, 41.246842], [-3.565644, 41.247268], [-3.56597, 41.247444], [-3.566802, 41.247859], [-3.567285, 41.248101], [-3.567451, 41.248125], [-3.567581, 41.248117], [-3.567693, 41.248121], [-3.568134, 41.24831], [-3.568388, 41.248442], [-3.568491, 41.248438], [-3.568717, 41.248534], [-3.568978, 41.248638], [-3.569414, 41.24874], [-3.569606, 41.24878], [-3.569782, 41.248887], [-3.569837, 41.248944], [-3.569924, 41.248982], [-3.570255, 41.248971], [-3.57112, 41.248961], [-3.57151, 41.248971], [-3.571713, 41.248982], [-3.571888, 41.248915], [-3.57212, 41.248928], [-3.572333, 41.248905], [-3.572612, 41.248916], [-3.573013, 41.248864], [-3.573176, 41.248785], [-3.573387, 41.24869], [-3.573649, 41.248663], [-3.573812, 41.248591], [-3.5744, 41.248426], [-3.574473, 41.248444], [-3.573829, 41.248625], [-3.573665, 41.248697], [-3.573403, 41.248725], [-3.573201, 41.248816], [-3.573031, 41.248898], [-3.572615, 41.248953], [-3.572335, 41.248941], [-3.572121, 41.248965], [-3.571897, 41.248951], [-3.571722, 41.249019], [-3.571508, 41.249007], [-3.57112, 41.248997], [-3.570257, 41.249007], [-3.569912, 41.249019], [-3.569804, 41.248972], [-3.569747, 41.248912], [-3.569584, 41.248813], [-3.569401, 41.248775], [-3.568959, 41.248671], [-3.568694, 41.248566], [-3.568479, 41.248474], [-3.568374, 41.248479], [-3.568109, 41.24834], [-3.567679, 41.248156], [-3.567582, 41.248153], [-3.567448, 41.248161], [-3.567267, 41.248135], [-3.566775, 41.247889], [-3.565943, 41.247473], [-3.565614, 41.247296], [-3.56499, 41.246869], [-3.564324, 41.24641], [-3.563856, 41.246119], [-3.563825, 41.246052], [-3.563814, 41.245985], [-3.563737, 41.245932], [-3.563659, 41.245931], [-3.563518, 41.245882], [-3.563365, 41.245774], [-3.563344, 41.245759], [-3.563328, 41.245742], [-3.563101, 41.245495], [-3.562929, 41.245183], [-3.562825, 41.244959], [-3.562792, 41.244845], [-3.562707, 41.24455], [-3.562583, 41.244059], [-3.562308, 41.243628], [-3.562072, 41.243293], [-3.562003, 41.243184], [-3.562092, 41.243242]]]}}, {"type": "Feature", "properties": {"ref": "40060A00209008", "nombre": "Camino (sin nombre en Catastro)", "nombre_catastro": "CAMINO", "tipo": "camino público", "clase": "camino", "municipio": "Cerezo de Arriba", "pueblo": "", "area_m2": 4510, "fuente": "Catastro · parcela de dominio público"}, "geometry": {"type": "Polygon", "coordinates": [[[-3.564376, 41.254685], [-3.564291, 41.254624], [-3.564151, 41.254338], [-3.564006, 41.254039], [-3.563857, 41.253821], [-3.563846, 41.253605], [-3.563861, 41.253423], [-3.563894, 41.253212], [-3.564005, 41.253059], [-3.56409, 41.252894], [-3.564091, 41.25283], [-3.564058, 41.252762], [-3.564019, 41.252681], [-3.563936, 41.252621], [-3.563825, 41.252603], [-3.563729, 41.252525], [-3.56367, 41.252456], [-3.56366, 41.252342], [-3.563714, 41.252207], [-3.563797, 41.251935], [-3.563813, 41.251739], [-3.563818, 41.251567], [-3.563912, 41.251463], [-3.563992, 41.251399], [-3.564115, 41.251214], [-3.564156, 41.251121], [-3.564143, 41.251062], [-3.564098, 41.25099], [-3.56398, 41.250815], [-3.563824, 41.250613], [-3.563767, 41.250431], [-3.563686, 41.250062], [-3.563544, 41.249821], [-3.563486, 41.249646], [-3.563386, 41.249485], [-3.563304, 41.249337], [-3.563206, 41.249127], [-3.56309, 41.248767], [-3.563022, 41.248302], [-3.562966, 41.247567], [-3.562934, 41.246972], [-3.562903, 41.24667], [-3.562923, 41.246453], [-3.56307, 41.246164], [-3.563328, 41.245742], [-3.563344, 41.245759], [-3.563365, 41.245774], [-3.563117, 41.246179], [-3.562974, 41.246461], [-3.562954, 41.24667], [-3.562986, 41.24697], [-3.563017, 41.247565], [-3.563073, 41.248298], [-3.563141, 41.248761], [-3.563255, 41.249116], [-3.563352, 41.249324], [-3.563433, 41.24947], [-3.563534, 41.249633], [-3.563593, 41.249809], [-3.563737, 41.250055], [-3.563817, 41.250424], [-3.563872, 41.250599], [-3.564026, 41.250796], [-3.564144, 41.250973], [-3.564193, 41.25105], [-3.564208, 41.251125], [-3.564162, 41.251228], [-3.564034, 41.251422], [-3.563952, 41.251487], [-3.563869, 41.251579], [-3.563864, 41.251741], [-3.563848, 41.251941], [-3.563763, 41.252217], [-3.563712, 41.252347], [-3.56372, 41.252443], [-3.56377, 41.252501], [-3.563852, 41.252567], [-3.563961, 41.252585], [-3.564063, 41.252659], [-3.564106, 41.252749], [-3.564143, 41.252823], [-3.564141, 41.252901], [-3.564051, 41.253075], [-3.563944, 41.253224], [-3.563912, 41.253426], [-3.563897, 41.253606], [-3.563908, 41.253811], [-3.564053, 41.254024], [-3.564199, 41.254325], [-3.564376, 41.254685]]]}}, {"type": "Feature", "properties": {"ref": "40060A00209011", "nombre": "Camino (sin nombre en Catastro)", "nombre_catastro": "CAMINO", "tipo": "camino público", "clase": "camino", "municipio": "Cerezo de Arriba", "pueblo": "", "area_m2": 964, "fuente": "Catastro · parcela de dominio público"}, "geometry": {"type": "Polygon", "coordinates": [[[-3.574468, 41.248407], [-3.575193, 41.248232], [-3.57575, 41.248128], [-3.576404, 41.248009], [-3.576856, 41.247945], [-3.577273, 41.247874], [-3.577283, 41.247909], [-3.576866, 41.24798], [-3.576415, 41.248044], [-3.575762, 41.248163], [-3.575206, 41.248267], [-3.574543, 41.248428], [-3.574468, 41.248407]]]}}, {"type": "Feature", "properties": {"ref": "40060A00209012", "nombre": "Camino (sin nombre en Catastro)", "nombre_catastro": "CAMINO", "tipo": "camino público", "clase": "camino", "municipio": "Cerezo de Arriba", "pueblo": "", "area_m2": 3140, "fuente": "Catastro · parcela de dominio público"}, "geometry": {"type": "Polygon", "coordinates": [[[-3.573216, 41.238393], [-3.573527, 41.238412], [-3.573532, 41.238412], [-3.573576, 41.238409], [-3.573811, 41.238395], [-3.573945, 41.238386], [-3.574617, 41.238277], [-3.575961, 41.238019], [-3.577, 41.237806], [-3.577788, 41.237683], [-3.578352, 41.237616], [-3.578355, 41.237616], [-3.578467, 41.237603], [-3.578597, 41.237587], [-3.578979, 41.237562], [-3.579608, 41.237611], [-3.580053, 41.237665], [-3.580804, 41.237827], [-3.581165, 41.237934], [-3.581157, 41.23797], [-3.580788, 41.237862], [-3.580042, 41.2377], [-3.579602, 41.237647], [-3.578979, 41.237598], [-3.578602, 41.237623], [-3.577797, 41.237719], [-3.577011, 41.237841], [-3.575974, 41.238054], [-3.574627, 41.238312], [-3.573952, 41.238422], [-3.573532, 41.238448], [-3.573207, 41.238429], [-3.573188, 41.238424], [-3.573065, 41.238417], [-3.572945, 41.238399], [-3.572726, 41.238327], [-3.572592, 41.238291], [-3.572371, 41.238247], [-3.572177, 41.238182], [-3.572107, 41.238169], [-3.572061, 41.238161], [-3.572126, 41.238146], [-3.57218, 41.23815], [-3.572214, 41.238159], [-3.57239, 41.238208], [-3.572552, 41.238243], [-3.572679, 41.238276], [-3.572793, 41.238315], [-3.572954, 41.238352], [-3.573084, 41.238373], [-3.573216, 41.238393]]]}}, {"type": "Feature", "properties": {"ref": "40060A00209013", "nombre": "Camino (sin nombre en Catastro)", "nombre_catastro": "CAMINO", "tipo": "camino público", "clase": "camino", "municipio": "Cerezo de Arriba", "pueblo": "", "area_m2": 504, "fuente": "Catastro · parcela de dominio público"}, "geometry": {"type": "Polygon", "coordinates": [[[-3.578104, 41.236906], [-3.578144, 41.236852], [-3.578263, 41.236768], [-3.578275, 41.23674], [-3.578409, 41.236693], [-3.578151, 41.236911], [-3.578049, 41.237035], [-3.578036, 41.2371], [-3.578079, 41.237346], [-3.578114, 41.237455], [-3.578161, 41.237495], [-3.578265, 41.237551], [-3.578368, 41.237581], [-3.578467, 41.237603], [-3.578355, 41.237616], [-3.578352, 41.237616], [-3.578242, 41.237582], [-3.578129, 41.237522], [-3.57807, 41.237472], [-3.578033, 41.237352], [-3.577988, 41.2371], [-3.578003, 41.23702], [-3.578104, 41.236906]]]}}, {"type": "Feature", "properties": {"ref": "40060A00209016", "nombre": "Camino (sin nombre en Catastro)", "nombre_catastro": "CAMINO", "tipo": "camino público", "clase": "camino", "municipio": "Cerezo de Arriba", "pueblo": "", "area_m2": 4853, "fuente": "Catastro · parcela de dominio público"}, "geometry": {"type": "Polygon", "coordinates": [[[-3.569567, 41.246069], [-3.569609, 41.246063], [-3.569826, 41.246034], [-3.569877, 41.24603], [-3.569965, 41.246023], [-3.569986, 41.246029], [-3.570092, 41.246063], [-3.570103, 41.246066], [-3.570252, 41.246164], [-3.570333, 41.246216], [-3.570389, 41.246253], [-3.570416, 41.246273], [-3.570354, 41.246337], [-3.570072, 41.246143], [-3.569942, 41.2461], [-3.569832, 41.246087], [-3.569341, 41.246152], [-3.568988, 41.246061], [-3.56884, 41.24599], [-3.568117, 41.245839], [-3.567791, 41.24567], [-3.567163, 41.245535], [-3.56711, 41.245531], [-3.567047, 41.245531], [-3.56701, 41.245525], [-3.566974, 41.24552], [-3.566739, 41.245512], [-3.566703, 41.245511], [-3.56659, 41.245499], [-3.566468, 41.245486], [-3.566364, 41.245453], [-3.566217, 41.245407], [-3.566183, 41.245389], [-3.566013, 41.2453], [-3.565998, 41.245292], [-3.565838, 41.245144], [-3.565663, 41.24509], [-3.565183, 41.245032], [-3.56492, 41.244937], [-3.564795, 41.244874], [-3.564594, 41.244711], [-3.56445, 41.244635], [-3.564276, 41.24457], [-3.56411, 41.244545], [-3.563839, 41.244516], [-3.563462, 41.244411], [-3.563546, 41.244416], [-3.563703, 41.244424], [-3.563731, 41.244427], [-3.563973, 41.244451], [-3.564227, 41.244488], [-3.564409, 41.24454], [-3.56447, 41.244571], [-3.56456, 41.244617], [-3.564667, 41.244671], [-3.565171, 41.244928], [-3.565333, 41.244953], [-3.565438, 41.24497], [-3.565537, 41.244986], [-3.56569, 41.24501], [-3.565714, 41.245017], [-3.565901, 41.24507], [-3.565901, 41.245071], [-3.565917, 41.245085], [-3.566051, 41.24521], [-3.566077, 41.245228], [-3.566228, 41.245332], [-3.566319, 41.245394], [-3.566367, 41.245424], [-3.566382, 41.245428], [-3.566503, 41.245458], [-3.566617, 41.245444], [-3.566691, 41.245435], [-3.56678, 41.245436], [-3.566988, 41.245437], [-3.567044, 41.245449], [-3.567443, 41.245534], [-3.567609, 41.24557], [-3.567779, 41.245606], [-3.56783, 41.245617], [-3.5679, 41.245601], [-3.567911, 41.245656], [-3.568169, 41.24579], [-3.568169, 41.24579], [-3.568573, 41.245878], [-3.568897, 41.24594], [-3.568974, 41.245979], [-3.568996, 41.24599], [-3.569041, 41.246013], [-3.569278, 41.246074], [-3.569286, 41.246076], [-3.569361, 41.246095], [-3.569567, 41.246069]]]}}, {"type": "Feature", "properties": {"ref": "40060A00309004", "nombre": "Camino (sin nombre en Catastro)", "nombre_catastro": "CAMINO", "tipo": "camino público", "clase": "camino", "municipio": "Cerezo de Arriba", "pueblo": "", "area_m2": 608, "fuente": "Catastro · parcela de dominio público"}, "geometry": {"type": "Polygon", "coordinates": [[[-3.558309, 41.241736], [-3.558328, 41.241726], [-3.558361, 41.241717], [-3.558607, 41.241756], [-3.558632, 41.241746], [-3.558659, 41.241683], [-3.558662, 41.241676], [-3.558708, 41.241459], [-3.558712, 41.241441], [-3.558774, 41.241172], [-3.558756, 41.241116], [-3.558658, 41.241004], [-3.55854, 41.240869], [-3.558579, 41.240897], [-3.558579, 41.240897], [-3.55858, 41.240897], [-3.558626, 41.240898], [-3.55863, 41.24091], [-3.558638, 41.24094], [-3.558638, 41.240941], [-3.558639, 41.240941], [-3.558647, 41.240949], [-3.558673, 41.240972], [-3.558811, 41.241098], [-3.558835, 41.24117], [-3.55877, 41.24145], [-3.558766, 41.241466], [-3.55874, 41.241723], [-3.558735, 41.241758], [-3.558733, 41.241772], [-3.558682, 41.241774], [-3.558606, 41.241778], [-3.558486, 41.241759], [-3.558437, 41.241755], [-3.558397, 41.241756], [-3.558309, 41.241736]]]}}, {"type": "Feature", "properties": {"ref": "40060A00309005", "nombre": "Camino (sin nombre en Catastro)", "nombre_catastro": "CAMINO", "tipo": "camino público", "clase": "camino", "municipio": "Cerezo de Arriba", "pueblo": "", "area_m2": 648, "fuente": "Catastro · parcela de dominio público"}, "geometry": {"type": "Polygon", "coordinates": [[[-3.561104, 41.242392], [-3.560904, 41.242156], [-3.560778, 41.241867], [-3.560733, 41.241653], [-3.56075, 41.241579], [-3.560814, 41.241575], [-3.560826, 41.241654], [-3.560852, 41.241825], [-3.560975, 41.242127], [-3.561111, 41.242295], [-3.561158, 41.242341], [-3.561104, 41.242392]]]}}, {"type": "Feature", "properties": {"ref": "40060A00309006", "nombre": "Camino (sin nombre en Catastro)", "nombre_catastro": "CAMINO", "tipo": "camino público", "clase": "camino", "municipio": "Cerezo de Arriba", "pueblo": "", "area_m2": 409, "fuente": "Catastro · parcela de dominio público"}, "geometry": {"type": "Polygon", "coordinates": [[[-3.559834, 41.238268], [-3.559873, 41.23827], [-3.559881, 41.238407], [-3.559887, 41.238477], [-3.559893, 41.238638], [-3.559863, 41.23878], [-3.559812, 41.238737], [-3.559811, 41.238577], [-3.559817, 41.238577], [-3.559787, 41.238433], [-3.559795, 41.238432], [-3.559789, 41.2384], [-3.559779, 41.2384], [-3.559774, 41.238374], [-3.559751, 41.238262], [-3.559786, 41.238256], [-3.559831, 41.238258], [-3.559834, 41.238268]]]}}, {"type": "Feature", "properties": {"ref": "40060A00309007", "nombre": "Camino (sin nombre en Catastro)", "nombre_catastro": "CAMINO", "tipo": "camino público", "clase": "camino", "municipio": "Cerezo de Arriba", "pueblo": "", "area_m2": 921, "fuente": "Catastro · parcela de dominio público"}, "geometry": {"type": "Polygon", "coordinates": [[[-3.563407, 41.239868], [-3.563593, 41.239928], [-3.563478, 41.240015], [-3.563342, 41.239948], [-3.563329, 41.239945], [-3.563208, 41.239888], [-3.563117, 41.239857], [-3.562939, 41.239797], [-3.562595, 41.239702], [-3.562558, 41.239692], [-3.562462, 41.23967], [-3.56234, 41.239642], [-3.562261, 41.239625], [-3.562237, 41.239603], [-3.562143, 41.239517], [-3.56208, 41.23946], [-3.562069, 41.239444], [-3.56202, 41.239371], [-3.562033, 41.239368], [-3.562073, 41.23935], [-3.56213, 41.239435], [-3.562296, 41.239586], [-3.562577, 41.239649], [-3.562959, 41.239754], [-3.563098, 41.23979], [-3.563396, 41.239865], [-3.563407, 41.239868]]]}}, {"type": "Feature", "properties": {"ref": "40060A00309008", "nombre": "Camino (sin nombre en Catastro)", "nombre_catastro": "CAMINO", "tipo": "camino público", "clase": "camino", "municipio": "Cerezo de Arriba", "pueblo": "", "area_m2": 603, "fuente": "Catastro · parcela de dominio público"}, "geometry": {"type": "Polygon", "coordinates": [[[-3.562167, 41.239255], [-3.562238, 41.239276], [-3.562073, 41.23935], [-3.562033, 41.239368], [-3.56202, 41.239371], [-3.561932, 41.23939], [-3.561784, 41.239424], [-3.561583, 41.239469], [-3.561269, 41.239507], [-3.561179, 41.239518], [-3.560814, 41.239449], [-3.560848, 41.239409], [-3.560859, 41.239411], [-3.561008, 41.239439], [-3.561181, 41.239472], [-3.56157, 41.239424], [-3.562009, 41.239326], [-3.562167, 41.239255]]]}}, {"type": "Feature", "properties": {"ref": "40060A00309009", "nombre": "Camino (sin nombre en Catastro)", "nombre_catastro": "CAMINO", "tipo": "camino público", "clase": "camino", "municipio": "Cerezo de Arriba", "pueblo": "", "area_m2": 42995, "fuente": "Catastro · parcela de dominio público"}, "geometry": {"type": "Polygon", "coordinates": [[[-3.542879, 41.261841], [-3.542935, 41.261823], [-3.543524, 41.261633], [-3.5441, 41.261437], [-3.544643, 41.261215], [-3.545089, 41.260993], [-3.545466, 41.260694], [-3.54565, 41.260531], [-3.545813, 41.260383], [-3.545877, 41.260235], [-3.545892, 41.260201], [-3.545903, 41.260174], [-3.545969, 41.259937], [-3.545892, 41.259804], [-3.545768, 41.259617], [-3.545697, 41.25945], [-3.54562, 41.259125], [-3.545623, 41.258687], [-3.545445, 41.257933], [-3.545155, 41.257014], [-3.544863, 41.256094], [-3.544766, 41.255644], [-3.544683, 41.254845], [-3.544594, 41.254142], [-3.54458, 41.254031], [-3.544569, 41.253944], [-3.544559, 41.253669], [-3.544586, 41.253499], [-3.544604, 41.253339], [-3.544657, 41.253178], [-3.544822, 41.252871], [-3.545051, 41.252519], [-3.545315, 41.252102], [-3.545454, 41.25188], [-3.545963, 41.251097], [-3.546494, 41.250307], [-3.546878, 41.249724], [-3.546884, 41.249713], [-3.546918, 41.24966], [-3.54729, 41.24906], [-3.547991, 41.248], [-3.548268, 41.247571], [-3.548343, 41.247481], [-3.548394, 41.247406], [-3.548395, 41.247405], [-3.548684, 41.247069], [-3.548756, 41.246996], [-3.549024, 41.246712], [-3.54914, 41.246594], [-3.549188, 41.246545], [-3.549347, 41.246374], [-3.549425, 41.246292], [-3.549465, 41.246335], [-3.54951, 41.246383], [-3.549568, 41.246446], [-3.549529, 41.246484], [-3.548851, 41.24716], [-3.5486, 41.247419], [-3.548477, 41.24758], [-3.548181, 41.248059], [-3.54765, 41.248871], [-3.547293, 41.249415], [-3.54689, 41.250088], [-3.546801, 41.250237], [-3.546778, 41.250275], [-3.545885, 41.251574], [-3.545077, 41.252777], [-3.545016, 41.252901], [-3.544833, 41.253212], [-3.544782, 41.253347], [-3.54474, 41.253535], [-3.544753, 41.253656], [-3.544806, 41.254091], [-3.544854, 41.254718], [-3.54495, 41.255293], [-3.545055, 41.255944], [-3.54523, 41.256601], [-3.545611, 41.257844], [-3.545922, 41.258789], [-3.546124, 41.259531], [-3.546217, 41.260018], [-3.546234, 41.260181], [-3.54612, 41.260352], [-3.546078, 41.260392], [-3.546057, 41.260417], [-3.545984, 41.260502], [-3.545899, 41.260601], [-3.545656, 41.260856], [-3.545621, 41.260893], [-3.545412, 41.261111], [-3.5451, 41.26139], [-3.544897, 41.261561], [-3.544615, 41.261708], [-3.544431, 41.261772], [-3.544302, 41.261817], [-3.54423, 41.261842], [-3.543809, 41.261962], [-3.543407, 41.26202], [-3.542786, 41.262105], [-3.542479, 41.262168], [-3.542476, 41.262162], [-3.542474, 41.262159], [-3.542469, 41.262151], [-3.542462, 41.262139], [-3.542454, 41.262125], [-3.542449, 41.262118], [-3.542437, 41.262095], [-3.542427, 41.262079], [-3.542426, 41.262078], [-3.542421, 41.262069], [-3.542393, 41.26202], [-3.54238, 41.261999], [-3.54262, 41.261924], [-3.542879, 41.261841]]]}}, {"type": "Feature", "properties": {"ref": "40060A00309010", "nombre": "Camino (sin nombre en Catastro)", "nombre_catastro": "CAMINO", "tipo": "camino público", "clase": "camino", "municipio": "Cerezo de Arriba", "pueblo": "", "area_m2": 2408, "fuente": "Catastro · parcela de dominio público"}, "geometry": {"type": "Polygon", "coordinates": [[[-3.546012, 41.249624], [-3.546021, 41.249611], [-3.546352, 41.249225], [-3.546707, 41.248823], [-3.546992, 41.248488], [-3.547266, 41.248182], [-3.547634, 41.247833], [-3.547892, 41.247632], [-3.548059, 41.247539], [-3.548243, 41.247455], [-3.548394, 41.247406], [-3.548343, 41.247481], [-3.548276, 41.247503], [-3.548099, 41.247584], [-3.547939, 41.247672], [-3.547688, 41.247869], [-3.547324, 41.248214], [-3.547052, 41.248518], [-3.546767, 41.248852], [-3.546412, 41.249255], [-3.546083, 41.249638], [-3.546042, 41.249695], [-3.546054, 41.249721], [-3.54608, 41.249739], [-3.546167, 41.24973], [-3.546449, 41.249688], [-3.546769, 41.249658], [-3.546918, 41.24966], [-3.546884, 41.249713], [-3.546773, 41.249712], [-3.54646, 41.249741], [-3.546179, 41.249783], [-3.546055, 41.249796], [-3.545993, 41.249751], [-3.54598, 41.249726], [-3.546012, 41.249624]]]}}, {"type": "Feature", "properties": {"ref": "40060A00409001", "nombre": "Camino (sin nombre en Catastro)", "nombre_catastro": "CAMINO", "tipo": "camino público", "clase": "camino", "municipio": "Cerezo de Arriba", "pueblo": "", "area_m2": 766, "fuente": "Catastro · parcela de dominio público"}, "geometry": {"type": "Polygon", "coordinates": [[[-3.555525, 41.239452], [-3.555524, 41.239452], [-3.555354, 41.239389], [-3.555142, 41.239311], [-3.554909, 41.239226], [-3.554907, 41.239226], [-3.55485, 41.239204], [-3.554849, 41.239203], [-3.554848, 41.239203], [-3.554847, 41.239203], [-3.554854, 41.2392], [-3.554886, 41.239187], [-3.554956, 41.239058], [-3.554995, 41.23898], [-3.555006, 41.238922], [-3.555011, 41.238897], [-3.55502, 41.238848], [-3.555073, 41.238777], [-3.55509, 41.23876], [-3.555107, 41.238741], [-3.555124, 41.238717], [-3.555127, 41.238704], [-3.555252, 41.238671], [-3.55523, 41.238693], [-3.555157, 41.23878], [-3.555135, 41.238806], [-3.555124, 41.23882], [-3.555122, 41.238823], [-3.555122, 41.238823], [-3.555091, 41.238864], [-3.555091, 41.238865], [-3.55508, 41.238917], [-3.555064, 41.238992], [-3.555054, 41.239013], [-3.555024, 41.239078], [-3.554952, 41.239206], [-3.555171, 41.239263], [-3.555203, 41.239275], [-3.555402, 41.239341], [-3.555417, 41.239327], [-3.555426, 41.23933], [-3.555618, 41.239391], [-3.555525, 41.239452]]]}}, {"type": "Feature", "properties": {"ref": "40060A00409002", "nombre": "Camino (sin nombre en Catastro)", "nombre_catastro": "CAMINO", "tipo": "camino público", "clase": "camino", "municipio": "Cerezo de Arriba", "pueblo": "", "area_m2": 803, "fuente": "Catastro · parcela de dominio público"}, "geometry": {"type": "Polygon", "coordinates": [[[-3.557461, 41.235974], [-3.557454, 41.236002], [-3.557452, 41.236077], [-3.557445, 41.236279], [-3.557444, 41.23629], [-3.557449, 41.236513], [-3.557449, 41.236541], [-3.55763, 41.236755], [-3.557633, 41.236755], [-3.557706, 41.23675], [-3.557704, 41.236753], [-3.557701, 41.236753], [-3.557686, 41.236755], [-3.557653, 41.236757], [-3.557629, 41.236768], [-3.557627, 41.236769], [-3.557554, 41.236811], [-3.557564, 41.236782], [-3.557404, 41.236597], [-3.557397, 41.2366], [-3.557379, 41.236577], [-3.557375, 41.236416], [-3.557378, 41.236354], [-3.557382, 41.236265], [-3.557387, 41.236134], [-3.557403, 41.236026], [-3.557124, 41.235944], [-3.55698, 41.235898], [-3.556981, 41.235897], [-3.556994, 41.235842], [-3.557461, 41.235974]]]}}, {"type": "Feature", "properties": {"ref": "40060A00409003", "nombre": "Camino (sin nombre en Catastro)", "nombre_catastro": "CAMINO", "tipo": "camino público", "clase": "camino", "municipio": "Cerezo de Arriba", "pueblo": "", "area_m2": 150, "fuente": "Catastro · parcela de dominio público"}, "geometry": {"type": "Polygon", "coordinates": [[[-3.555679, 41.237838], [-3.555673, 41.237872], [-3.555664, 41.237925], [-3.556171, 41.238142], [-3.556174, 41.238143], [-3.556366, 41.238204], [-3.556374, 41.238212], [-3.556388, 41.238226], [-3.556341, 41.238212], [-3.556159, 41.238158], [-3.555749, 41.237981], [-3.555619, 41.237925], [-3.555679, 41.237838]]]}}, {"type": "Feature", "properties": {"ref": "40060A00709004", "nombre": "Camino (sin nombre en Catastro)", "nombre_catastro": "CAMINO", "tipo": "camino público", "clase": "camino", "municipio": "Cerezo de Arriba", "pueblo": "", "area_m2": 3246, "fuente": "Catastro · parcela de dominio público"}, "geometry": {"type": "Polygon", "coordinates": [[[-3.469221, 41.203317], [-3.469172, 41.203326], [-3.469088, 41.203335], [-3.468865, 41.203322], [-3.46873, 41.203307], [-3.468497, 41.203263], [-3.468355, 41.20322], [-3.468096, 41.203151], [-3.468007, 41.203135], [-3.467877, 41.203131], [-3.467841, 41.203121], [-3.467806, 41.20311], [-3.467716, 41.203078], [-3.467278, 41.203035], [-3.467255, 41.202987], [-3.467733, 41.203034], [-3.467829, 41.203069], [-3.467886, 41.203085], [-3.467889, 41.203086], [-3.468015, 41.203091], [-3.468113, 41.203107], [-3.468376, 41.203178], [-3.468515, 41.20322], [-3.468741, 41.203262], [-3.468871, 41.203277], [-3.469086, 41.20329], [-3.46916, 41.203282], [-3.469206, 41.203273], [-3.469301, 41.203252], [-3.469354, 41.203237], [-3.469426, 41.203131], [-3.469572, 41.202873], [-3.469601, 41.202664], [-3.469612, 41.202541], [-3.469657, 41.202449], [-3.469757, 41.202371], [-3.469985, 41.2023], [-3.470146, 41.202117], [-3.470283, 41.201903], [-3.470399, 41.201581], [-3.470498, 41.201395], [-3.470983, 41.200893], [-3.471253, 41.200715], [-3.47154, 41.200526], [-3.471675, 41.200393], [-3.47176, 41.200309], [-3.471918, 41.200163], [-3.472022, 41.200148], [-3.472091, 41.200188], [-3.472289, 41.200396], [-3.472355, 41.200521], [-3.472241, 41.200422], [-3.472047, 41.20022], [-3.472006, 41.200196], [-3.471951, 41.200204], [-3.471806, 41.200337], [-3.471779, 41.200364], [-3.471582, 41.200559], [-3.471028, 41.200923], [-3.470551, 41.201417], [-3.470456, 41.201596], [-3.470339, 41.201919], [-3.470198, 41.20214], [-3.470024, 41.202336], [-3.469791, 41.202409], [-3.469709, 41.202473], [-3.469671, 41.202551], [-3.46966, 41.202668], [-3.46963, 41.202885], [-3.469481, 41.203149], [-3.469406, 41.203275], [-3.469221, 41.203317]]]}}, {"type": "Feature", "properties": {"ref": "40060A00709005", "nombre": "Camino (sin nombre en Catastro)", "nombre_catastro": "CAMINO", "tipo": "camino público", "clase": "camino", "municipio": "Cerezo de Arriba", "pueblo": "", "area_m2": 16944, "fuente": "Catastro · parcela de dominio público"}, "geometry": {"type": "Polygon", "coordinates": [[[-3.478864, 41.188445], [-3.478835, 41.188397], [-3.478842, 41.188178], [-3.478738, 41.187965], [-3.478358, 41.187433], [-3.477908, 41.186842], [-3.477721, 41.186708], [-3.477499, 41.186633], [-3.477333, 41.186527], [-3.477219, 41.186394], [-3.477234, 41.186255], [-3.477253, 41.186202], [-3.477279, 41.186125], [-3.47727, 41.186099], [-3.477237, 41.185995], [-3.477106, 41.185857], [-3.476604, 41.185651], [-3.475847, 41.185346], [-3.475558, 41.185281], [-3.475384, 41.185318], [-3.475198, 41.185383], [-3.474943, 41.185511], [-3.47491, 41.185473], [-3.475169, 41.185343], [-3.475364, 41.185276], [-3.475558, 41.185234], [-3.47587, 41.185304], [-3.476633, 41.185612], [-3.477147, 41.185823], [-3.477292, 41.185976], [-3.47734, 41.186126], [-3.477293, 41.186263], [-3.47728, 41.186383], [-3.477378, 41.186497], [-3.477531, 41.186595], [-3.477755, 41.18667], [-3.477955, 41.186814], [-3.47841, 41.187411], [-3.478793, 41.187946], [-3.478902, 41.18817], [-3.478895, 41.188387], [-3.478983, 41.188537], [-3.479132, 41.188736], [-3.479342, 41.188973], [-3.479488, 41.18918], [-3.479561, 41.189372], [-3.479703, 41.189911], [-3.479821, 41.190208], [-3.480016, 41.190513], [-3.480779, 41.191245], [-3.481216, 41.191793], [-3.481254, 41.192192], [-3.481505, 41.192475], [-3.481493, 41.19273], [-3.481614, 41.192862], [-3.481663, 41.192969], [-3.481589, 41.193121], [-3.481586, 41.193127], [-3.480958, 41.193736], [-3.480293, 41.194481], [-3.479738, 41.195038], [-3.479583, 41.195203], [-3.479595, 41.195256], [-3.479616, 41.195341], [-3.479639, 41.195476], [-3.479638, 41.195606], [-3.479593, 41.19572], [-3.479495, 41.195824], [-3.478987, 41.196214], [-3.478322, 41.196758], [-3.477357, 41.197411], [-3.476489, 41.197908], [-3.476077, 41.198074], [-3.475745, 41.198178], [-3.475476, 41.198253], [-3.475199, 41.198362], [-3.475079, 41.198383], [-3.474982, 41.198372], [-3.474885, 41.198317], [-3.47482, 41.198191], [-3.474749, 41.198152], [-3.474626, 41.198172], [-3.474479, 41.198256], [-3.474337, 41.198405], [-3.474259, 41.198575], [-3.474224, 41.198764], [-3.474044, 41.199125], [-3.473751, 41.199593], [-3.473481, 41.20009], [-3.473417, 41.200212], [-3.473293, 41.200294], [-3.47316, 41.200391], [-3.473032, 41.20053], [-3.472913, 41.200695], [-3.472729, 41.201051], [-3.472586, 41.201591], [-3.472599, 41.20195], [-3.472575, 41.202238], [-3.472507, 41.202547], [-3.47244, 41.202847], [-3.472486, 41.203059], [-3.472614, 41.203367], [-3.472736, 41.203627], [-3.472826, 41.203774], [-3.472907, 41.203853], [-3.473061, 41.203948], [-3.473495, 41.204097], [-3.473667, 41.2041], [-3.473714, 41.204117], [-3.474242, 41.204304], [-3.474595, 41.204429], [-3.475386, 41.204791], [-3.47536, 41.204832], [-3.474502, 41.204469], [-3.474285, 41.204378], [-3.473622, 41.204155], [-3.473535, 41.204153], [-3.473505, 41.204152], [-3.473489, 41.204152], [-3.473438, 41.204133], [-3.473027, 41.203985], [-3.472864, 41.203885], [-3.472774, 41.203797], [-3.472681, 41.203643], [-3.472554, 41.203384], [-3.472428, 41.203069], [-3.47238, 41.202847], [-3.472448, 41.202539], [-3.472517, 41.202231], [-3.47254, 41.201945], [-3.47252, 41.201582], [-3.472629, 41.201163], [-3.472661, 41.201036], [-3.472858, 41.200676], [-3.472998, 41.200503], [-3.473128, 41.200361], [-3.473261, 41.20026], [-3.473366, 41.200185], [-3.473425, 41.200072], [-3.473702, 41.199587], [-3.473985, 41.199108], [-3.474164, 41.198752], [-3.474202, 41.198562], [-3.474283, 41.198379], [-3.474432, 41.198221], [-3.474603, 41.198131], [-3.474764, 41.198108], [-3.474871, 41.198162], [-3.474937, 41.19829], [-3.475005, 41.198329], [-3.475076, 41.198337], [-3.475178, 41.198319], [-3.475451, 41.198212], [-3.475723, 41.198136], [-3.476051, 41.198033], [-3.476456, 41.19787], [-3.477319, 41.197377], [-3.478281, 41.196726], [-3.478943, 41.196183], [-3.479449, 41.195795], [-3.479538, 41.1957], [-3.479579, 41.195599], [-3.479579, 41.195479], [-3.479557, 41.195348], [-3.479532, 41.195245], [-3.479525, 41.195197], [-3.479705, 41.19501], [-3.480244, 41.194447], [-3.480905, 41.193709], [-3.481531, 41.193097], [-3.481582, 41.192967], [-3.481548, 41.192874], [-3.481428, 41.192739], [-3.48144, 41.192489], [-3.481144, 41.192155], [-3.480406, 41.191916], [-3.479917, 41.191782], [-3.479654, 41.191783], [-3.47952, 41.19179], [-3.479276, 41.191717], [-3.478739, 41.19146], [-3.478002, 41.191068], [-3.477545, 41.190868], [-3.477534, 41.190863], [-3.47755, 41.190842], [-3.477566, 41.190821], [-3.478037, 41.191027], [-3.478775, 41.191419], [-3.479306, 41.191673], [-3.47953, 41.191741], [-3.479651, 41.191735], [-3.479928, 41.191733], [-3.480429, 41.19187], [-3.481187, 41.192116], [-3.481157, 41.191807], [-3.48073, 41.191271], [-3.479965, 41.190537], [-3.479765, 41.190225], [-3.479645, 41.189922], [-3.479503, 41.189382], [-3.479432, 41.189197], [-3.47929, 41.188996], [-3.479081, 41.18876], [-3.47893, 41.188557], [-3.478864, 41.188445]]]}}, {"type": "Feature", "properties": {"ref": "40060A00709006", "nombre": "Camino (sin nombre en Catastro)", "nombre_catastro": "CAMINO", "tipo": "camino público", "clase": "camino", "municipio": "Cerezo de Arriba", "pueblo": "", "area_m2": 4398, "fuente": "Catastro · parcela de dominio público"}, "geometry": {"type": "Polygon", "coordinates": [[[-3.478683, 41.19805], [-3.478727, 41.198081], [-3.478312, 41.198424], [-3.478052, 41.198658], [-3.477703, 41.198986], [-3.477522, 41.199234], [-3.477245, 41.199731], [-3.477148, 41.199977], [-3.47707, 41.200163], [-3.476926, 41.200306], [-3.476604, 41.200504], [-3.476278, 41.20085], [-3.475952, 41.201208], [-3.475455, 41.20186], [-3.475247, 41.202182], [-3.475154, 41.202361], [-3.475131, 41.202537], [-3.475095, 41.202773], [-3.475142, 41.202977], [-3.475291, 41.20317], [-3.475481, 41.203268], [-3.475833, 41.203466], [-3.475888, 41.203736], [-3.475748, 41.204212], [-3.47552, 41.204684], [-3.475409, 41.204854], [-3.47536, 41.204832], [-3.475386, 41.204791], [-3.475464, 41.204667], [-3.475691, 41.204199], [-3.475828, 41.203734], [-3.475777, 41.203491], [-3.475446, 41.203305], [-3.475246, 41.203202], [-3.475085, 41.202993], [-3.475035, 41.202774], [-3.475071, 41.202532], [-3.475096, 41.202351], [-3.475192, 41.202164], [-3.475403, 41.201839], [-3.475902, 41.201184], [-3.47623, 41.200824], [-3.47656, 41.200473], [-3.476883, 41.200275], [-3.477016, 41.200142], [-3.477091, 41.199964], [-3.477188, 41.199715], [-3.477468, 41.199214], [-3.477653, 41.198961], [-3.478006, 41.19863], [-3.478267, 41.198394], [-3.478683, 41.19805]]]}}, {"type": "Feature", "properties": {"ref": "40060A00709007", "nombre": "Camino (sin nombre en Catastro)", "nombre_catastro": "CAMINO", "tipo": "camino público", "clase": "camino", "municipio": "Cerezo de Arriba", "pueblo": "", "area_m2": 745, "fuente": "Catastro · parcela de dominio público"}, "geometry": {"type": "Polygon", "coordinates": [[[-3.464989, 41.21764], [-3.464962, 41.217914], [-3.464937, 41.218157], [-3.464917, 41.218227], [-3.464879, 41.218362], [-3.464818, 41.218551], [-3.464808, 41.218565], [-3.464735, 41.218671], [-3.464647, 41.218798], [-3.464594, 41.21887], [-3.464511, 41.218984], [-3.464472, 41.21901], [-3.464347, 41.219094], [-3.464176, 41.219178], [-3.464138, 41.219154], [-3.464318, 41.219065], [-3.464474, 41.218961], [-3.464605, 41.218781], [-3.464773, 41.218538], [-3.464832, 41.218353], [-3.46489, 41.218151], [-3.464902, 41.218036], [-3.464933, 41.217725], [-3.464989, 41.21764]]]}}, {"type": "Feature", "properties": {"ref": "40060A00709015", "nombre": "Camino (sin nombre en Catastro)", "nombre_catastro": "CAMINO", "tipo": "camino público", "clase": "camino", "municipio": "Cerezo de Arriba", "pueblo": "", "area_m2": 3438, "fuente": "Catastro · parcela de dominio público"}, "geometry": {"type": "Polygon", "coordinates": [[[-3.491737, 41.19469], [-3.49177, 41.194728], [-3.491687, 41.194895], [-3.491494, 41.195254], [-3.491382, 41.195499], [-3.491308, 41.195681], [-3.49131, 41.196006], [-3.491275, 41.196534], [-3.491235, 41.196887], [-3.491216, 41.197048], [-3.491137, 41.197167], [-3.490889, 41.197468], [-3.490583, 41.197952], [-3.490495, 41.198435], [-3.490415, 41.198661], [-3.49034, 41.198792], [-3.490174, 41.198892], [-3.489795, 41.199068], [-3.489389, 41.199192], [-3.488829, 41.199329], [-3.488447, 41.199414], [-3.487817, 41.199509], [-3.48714, 41.199581], [-3.486997, 41.199552], [-3.486752, 41.199447], [-3.486612, 41.199347], [-3.48609, 41.199151], [-3.48611, 41.199119], [-3.48664, 41.199317], [-3.48678, 41.199418], [-3.487015, 41.199519], [-3.487143, 41.199545], [-3.487809, 41.199474], [-3.488435, 41.199379], [-3.488815, 41.199295], [-3.489372, 41.199159], [-3.489773, 41.199036], [-3.490146, 41.198863], [-3.490301, 41.19877], [-3.49037, 41.198649], [-3.490448, 41.198428], [-3.490537, 41.197942], [-3.490847, 41.19745], [-3.491096, 41.197149], [-3.491169, 41.197038], [-3.491188, 41.196883], [-3.491228, 41.196532], [-3.491262, 41.196005], [-3.491261, 41.195676], [-3.491337, 41.195488], [-3.491449, 41.195241], [-3.491643, 41.194882], [-3.491737, 41.19469]]]}}, {"type": "Feature", "properties": {"ref": "40060A00709018", "nombre": "Camino (sin nombre en Catastro)", "nombre_catastro": "CAMINO", "tipo": "camino público", "clase": "camino", "municipio": "Cerezo de Arriba", "pueblo": "", "area_m2": 10228, "fuente": "Catastro · parcela de dominio público"}, "geometry": {"type": "Polygon", "coordinates": [[[-3.500678, 41.208227], [-3.500385, 41.208108], [-3.499858, 41.207878], [-3.499364, 41.207628], [-3.498707, 41.207203], [-3.497835, 41.206617], [-3.497369, 41.206322], [-3.497283, 41.2063], [-3.497197, 41.206322], [-3.497065, 41.206346], [-3.496769, 41.206299], [-3.496178, 41.206151], [-3.495476, 41.205932], [-3.495262, 41.205878], [-3.495161, 41.205853], [-3.494933, 41.205795], [-3.494189, 41.205602], [-3.493812, 41.205556], [-3.493406, 41.205476], [-3.492785, 41.205299], [-3.49225, 41.205096], [-3.491874, 41.204987], [-3.49175, 41.204944], [-3.491645, 41.204815], [-3.491472, 41.204642], [-3.491387, 41.204502], [-3.491352, 41.204448], [-3.491277, 41.204425], [-3.49122, 41.20443], [-3.491105, 41.204453], [-3.490921, 41.204474], [-3.490729, 41.204429], [-3.490461, 41.204318], [-3.490304, 41.204172], [-3.490276, 41.204139], [-3.490189, 41.204033], [-3.490086, 41.203962], [-3.489823, 41.203871], [-3.48928, 41.203723], [-3.489135, 41.203663], [-3.488516, 41.203273], [-3.488284, 41.20321], [-3.487954, 41.203047], [-3.487869, 41.203034], [-3.48761, 41.203004], [-3.487343, 41.20292], [-3.487086, 41.202767], [-3.486859, 41.202626], [-3.48675, 41.20261], [-3.486483, 41.202463], [-3.486305, 41.202357], [-3.486049, 41.202308], [-3.485965, 41.202258], [-3.4859, 41.202208], [-3.485834, 41.202156], [-3.48578, 41.20207], [-3.485769, 41.201953], [-3.485758, 41.201806], [-3.485739, 41.201762], [-3.485687, 41.201634], [-3.485635, 41.201594], [-3.485524, 41.201494], [-3.485342, 41.201349], [-3.485279, 41.20121], [-3.485251, 41.201188], [-3.485108, 41.201136], [-3.484956, 41.201068], [-3.484846, 41.200914], [-3.484761, 41.200862], [-3.484671, 41.200801], [-3.48461, 41.200809], [-3.484475, 41.200798], [-3.484323, 41.20073], [-3.484169, 41.200685], [-3.48401, 41.200638], [-3.484035, 41.200587], [-3.484194, 41.200635], [-3.484355, 41.200681], [-3.484498, 41.200745], [-3.484607, 41.200754], [-3.484694, 41.200743], [-3.484807, 41.200821], [-3.484902, 41.200878], [-3.485009, 41.201029], [-3.485142, 41.201088], [-3.485294, 41.201143], [-3.485342, 41.201181], [-3.485405, 41.20132], [-3.485578, 41.201458], [-3.485688, 41.201558], [-3.48575, 41.201606], [-3.485807, 41.201746], [-3.485829, 41.201795], [-3.485841, 41.20195], [-3.48585, 41.202056], [-3.485893, 41.202125], [-3.485952, 41.202171], [-3.486013, 41.202218], [-3.486081, 41.202259], [-3.486337, 41.202307], [-3.486526, 41.202419], [-3.48678, 41.202559], [-3.486891, 41.202576], [-3.48713, 41.202725], [-3.487379, 41.202873], [-3.487629, 41.202952], [-3.487882, 41.202981], [-3.487982, 41.202997], [-3.488316, 41.203161], [-3.488552, 41.203226], [-3.489175, 41.203618], [-3.489309, 41.203673], [-3.48985, 41.203821], [-3.490126, 41.203916], [-3.490245, 41.203999], [-3.490337, 41.20411], [-3.490363, 41.204141], [-3.490495, 41.204271], [-3.490757, 41.204379], [-3.490927, 41.204419], [-3.49109, 41.2044], [-3.491207, 41.204377], [-3.491287, 41.20437], [-3.491361, 41.204393], [-3.491403, 41.204406], [-3.491452, 41.204479], [-3.491534, 41.204614], [-3.491704, 41.204785], [-3.491799, 41.204902], [-3.491902, 41.204938], [-3.492279, 41.205046], [-3.492813, 41.20525], [-3.493428, 41.205425], [-3.493827, 41.205503], [-3.494206, 41.20555], [-3.494956, 41.205744], [-3.495259, 41.20582], [-3.49538, 41.205851], [-3.495501, 41.205881], [-3.496203, 41.2061], [-3.496788, 41.206247], [-3.497063, 41.206291], [-3.497177, 41.20627], [-3.497283, 41.206244], [-3.497405, 41.206274], [-3.497882, 41.206576], [-3.498754, 41.207163], [-3.499408, 41.207584], [-3.499896, 41.207832], [-3.50042, 41.208061], [-3.500587, 41.208129], [-3.500597, 41.208137], [-3.500678, 41.208227]]]}}, {"type": "Feature", "properties": {"ref": "40060A00709003", "nombre": "Camino Al Pico del Lobo", "nombre_catastro": "CAMINO AL PICO DEL LOBO", "tipo": "camino público", "clase": "camino", "municipio": "Cerezo de Arriba", "pueblo": "", "area_m2": 12652, "fuente": "Catastro · parcela de dominio público"}, "geometry": {"type": "Polygon", "coordinates": [[[-3.47154, 41.200526], [-3.471434, 41.200596], [-3.471413, 41.2006], [-3.471191, 41.20066], [-3.470784, 41.200803], [-3.470515, 41.200907], [-3.470364, 41.200979], [-3.470055, 41.201097], [-3.46986, 41.201197], [-3.469706, 41.201294], [-3.469499, 41.201408], [-3.469429, 41.201506], [-3.469402, 41.201589], [-3.469343, 41.201684], [-3.469226, 41.201776], [-3.469126, 41.201843], [-3.468919, 41.201927], [-3.468799, 41.201987], [-3.468707, 41.202045], [-3.468597, 41.202134], [-3.468518, 41.202248], [-3.468449, 41.20252], [-3.468371, 41.202607], [-3.468279, 41.202623], [-3.468204, 41.202601], [-3.468128, 41.202544], [-3.468073, 41.202456], [-3.467997, 41.202368], [-3.467938, 41.202308], [-3.467826, 41.20213], [-3.467605, 41.201977], [-3.467491, 41.201864], [-3.467354, 41.201762], [-3.467227, 41.201686], [-3.466904, 41.201572], [-3.466797, 41.201552], [-3.466557, 41.201545], [-3.466428, 41.201558], [-3.46636, 41.201571], [-3.466277, 41.201636], [-3.466233, 41.201667], [-3.466153, 41.201721], [-3.466032, 41.201888], [-3.465984, 41.201988], [-3.465809, 41.202068], [-3.465688, 41.2022], [-3.465586, 41.202367], [-3.465458, 41.202583], [-3.465339, 41.202472], [-3.465255, 41.202309], [-3.465033, 41.201841], [-3.464998, 41.201625], [-3.464868, 41.201395], [-3.464749, 41.201287], [-3.464659, 41.201236], [-3.464501, 41.201215], [-3.464341, 41.201214], [-3.463935, 41.201368], [-3.463354, 41.201616], [-3.46301, 41.201808], [-3.462899, 41.201869], [-3.462808, 41.201934], [-3.462728, 41.20202], [-3.462618, 41.201958], [-3.462581, 41.201822], [-3.462687, 41.20154], [-3.462734, 41.201299], [-3.46274, 41.200946], [-3.462753, 41.200518], [-3.462646, 41.200153], [-3.46253, 41.199823], [-3.462488, 41.199409], [-3.462498, 41.199214], [-3.462586, 41.199022], [-3.462611, 41.198795], [-3.462667, 41.198688], [-3.462676, 41.19863], [-3.462674, 41.198623], [-3.462649, 41.198621], [-3.46249, 41.198705], [-3.462183, 41.198874], [-3.461844, 41.199124], [-3.461303, 41.199505], [-3.460674, 41.199904], [-3.460098, 41.200292], [-3.459775, 41.200484], [-3.459394, 41.200672], [-3.458177, 41.201229], [-3.457771, 41.201412], [-3.457657, 41.201463], [-3.457575, 41.201475], [-3.457506, 41.201407], [-3.457546, 41.20118], [-3.457577, 41.200951], [-3.457571, 41.200579], [-3.457646, 41.19988], [-3.457691, 41.199061], [-3.457662, 41.198448], [-3.457763, 41.198045], [-3.457881, 41.197482], [-3.45794, 41.197227], [-3.457932, 41.197201], [-3.457928, 41.197199], [-3.457898, 41.1972], [-3.457622, 41.197282], [-3.457371, 41.197377], [-3.457392, 41.197318], [-3.457598, 41.19724], [-3.457885, 41.197155], [-3.457946, 41.197153], [-3.457984, 41.197174], [-3.458001, 41.197226], [-3.45794, 41.197489], [-3.457822, 41.198053], [-3.457722, 41.198451], [-3.45775, 41.199061], [-3.457706, 41.199883], [-3.457631, 41.200581], [-3.457637, 41.200953], [-3.457605, 41.201185], [-3.457568, 41.201395], [-3.457599, 41.201425], [-3.457636, 41.20142], [-3.45774, 41.201373], [-3.458146, 41.20119], [-3.459362, 41.200634], [-3.459741, 41.200447], [-3.460059, 41.200258], [-3.460635, 41.19987], [-3.461264, 41.199472], [-3.461803, 41.199091], [-3.462145, 41.19884], [-3.462455, 41.198668], [-3.462634, 41.198574], [-3.462721, 41.198583], [-3.462736, 41.198626], [-3.462725, 41.198699], [-3.462669, 41.198805], [-3.462645, 41.199032], [-3.462557, 41.199222], [-3.462548, 41.199408], [-3.462589, 41.199816], [-3.462704, 41.200142], [-3.462813, 41.200514], [-3.4628, 41.200947], [-3.462793, 41.201302], [-3.462745, 41.201549], [-3.462642, 41.201824], [-3.462672, 41.201932], [-3.462715, 41.201956], [-3.462763, 41.201904], [-3.462861, 41.201835], [-3.462975, 41.201772], [-3.463322, 41.201578], [-3.463907, 41.201328], [-3.464327, 41.201168], [-3.464507, 41.20117], [-3.464684, 41.201193], [-3.464791, 41.201254], [-3.464919, 41.201371], [-3.465056, 41.201613], [-3.465092, 41.20183], [-3.465311, 41.202293], [-3.465391, 41.202449], [-3.465443, 41.202498], [-3.465532, 41.202349], [-3.465636, 41.202178], [-3.465767, 41.202034], [-3.465935, 41.201957], [-3.465977, 41.20187], [-3.466025, 41.201803], [-3.466105, 41.201693], [-3.466192, 41.201634], [-3.466237, 41.201604], [-3.466329, 41.20153], [-3.466417, 41.201514], [-3.466554, 41.201499], [-3.466805, 41.201507], [-3.466924, 41.201529], [-3.467123, 41.2016], [-3.467259, 41.201648], [-3.467393, 41.201728], [-3.467536, 41.201834], [-3.467649, 41.201947], [-3.467875, 41.202103], [-3.467904, 41.202149], [-3.467989, 41.202285], [-3.468046, 41.202342], [-3.468126, 41.202434], [-3.468177, 41.202518], [-3.468237, 41.202562], [-3.468283, 41.202576], [-3.468335, 41.202567], [-3.468393, 41.202503], [-3.468407, 41.202449], [-3.468461, 41.202233], [-3.468548, 41.202108], [-3.468666, 41.202013], [-3.468763, 41.201951], [-3.468889, 41.201888], [-3.469091, 41.201806], [-3.469185, 41.201743], [-3.469293, 41.201658], [-3.469346, 41.201574], [-3.469373, 41.201489], [-3.469453, 41.201378], [-3.469669, 41.201258], [-3.469824, 41.20116], [-3.470025, 41.201058], [-3.470137, 41.201016], [-3.470334, 41.20094], [-3.47035, 41.200932], [-3.470486, 41.200868], [-3.470758, 41.200763], [-3.470964, 41.20069], [-3.471168, 41.200618], [-3.471394, 41.200557], [-3.47154, 41.200526]]]}}, {"type": "Feature", "properties": {"ref": "40060A00709035", "nombre": "Camino Al Pico del Lobo", "nombre_catastro": "CAMINO AL PICO DEL LOBO", "tipo": "camino público", "clase": "camino", "municipio": "Cerezo de Arriba", "pueblo": "", "area_m2": 2555, "fuente": "Catastro · parcela de dominio público"}, "geometry": {"type": "MultiPolygon", "coordinates": [[[[-3.467258, 41.18357], [-3.467296, 41.183692], [-3.467393, 41.183845], [-3.467544, 41.184055], [-3.467689, 41.184321], [-3.467783, 41.184532], [-3.467783, 41.184611], [-3.467747, 41.184697], [-3.467693, 41.184809], [-3.467668, 41.184755], [-3.467702, 41.184685], [-3.467735, 41.184606], [-3.467735, 41.184538], [-3.467644, 41.184333], [-3.467501, 41.184071], [-3.46735, 41.183861], [-3.46725, 41.183704], [-3.46721, 41.18357], [-3.467234, 41.18357], [-3.467258, 41.18357]]], [[[-3.465565, 41.18888], [-3.465551, 41.188901], [-3.465501, 41.18897], [-3.465453, 41.189027], [-3.465387, 41.189097], [-3.465273, 41.18916], [-3.465217, 41.189199], [-3.465165, 41.189243], [-3.465125, 41.189297], [-3.465063, 41.189374], [-3.465012, 41.189427], [-3.464949, 41.18948], [-3.464897, 41.189512], [-3.46486, 41.189533], [-3.464812, 41.189541], [-3.464768, 41.189541], [-3.46471, 41.189552], [-3.464639, 41.189569], [-3.464499, 41.189617], [-3.46444, 41.189656], [-3.464389, 41.189686], [-3.464328, 41.189716], [-3.464275, 41.189735], [-3.464201, 41.189754], [-3.46414, 41.189761], [-3.464013, 41.189768], [-3.463878, 41.18978], [-3.463762, 41.189811], [-3.463643, 41.189861], [-3.463512, 41.189941], [-3.463436, 41.190018], [-3.463399, 41.190088], [-3.463344, 41.190158], [-3.463279, 41.190206], [-3.463193, 41.190249], [-3.463043, 41.190304], [-3.462933, 41.190335], [-3.462874, 41.190363], [-3.462801, 41.190434], [-3.462612, 41.190641], [-3.46254, 41.190722], [-3.462493, 41.190794], [-3.46244, 41.19088], [-3.462353, 41.19098], [-3.462275, 41.191038], [-3.462125, 41.191141], [-3.462032, 41.1912], [-3.461934, 41.191248], [-3.461778, 41.19132], [-3.46162, 41.191387], [-3.461458, 41.191463], [-3.461191, 41.191564], [-3.460994, 41.19164], [-3.460819, 41.191698], [-3.460762, 41.191729], [-3.460637, 41.191786], [-3.460375, 41.191887], [-3.460107, 41.191994], [-3.459586, 41.192217], [-3.459597, 41.192192], [-3.459608, 41.192166], [-3.460084, 41.191963], [-3.460353, 41.191855], [-3.460614, 41.191754], [-3.460736, 41.191699], [-3.460796, 41.191667], [-3.460973, 41.191608], [-3.46117, 41.191532], [-3.461434, 41.191432], [-3.461595, 41.191356], [-3.461754, 41.191289], [-3.461909, 41.191217], [-3.462004, 41.191171], [-3.462093, 41.191114], [-3.462242, 41.191012], [-3.462316, 41.190957], [-3.462398, 41.190862], [-3.46245, 41.190778], [-3.462498, 41.190704], [-3.462572, 41.190621], [-3.462762, 41.190413], [-3.462841, 41.190336], [-3.462911, 41.190302], [-3.463024, 41.19027], [-3.463169, 41.190218], [-3.463249, 41.190177], [-3.463306, 41.190136], [-3.463356, 41.190072], [-3.463394, 41.19], [-3.463477, 41.189916], [-3.463616, 41.189831], [-3.463743, 41.189778], [-3.463867, 41.189745], [-3.464008, 41.189732], [-3.464134, 41.189725], [-3.46419, 41.189719], [-3.464257, 41.189701], [-3.464304, 41.189684], [-3.464361, 41.189656], [-3.464409, 41.189628], [-3.464473, 41.189586], [-3.464621, 41.189535], [-3.464697, 41.189517], [-3.464762, 41.189505], [-3.464807, 41.189505], [-3.46484, 41.189499], [-3.464868, 41.189484], [-3.464916, 41.189454], [-3.464975, 41.189404], [-3.465024, 41.189354], [-3.465084, 41.189279], [-3.465126, 41.189222], [-3.465183, 41.189174], [-3.465243, 41.189133], [-3.465352, 41.189071], [-3.465414, 41.189007], [-3.46546, 41.188952], [-3.465484, 41.188919], [-3.465565, 41.18888]]]]}}, {"type": "Feature", "properties": {"ref": "40060A00209005", "nombre": "Camino de Cerezo A Duruelo", "nombre_catastro": "CAMINO DE CEREZO A DURUELO", "tipo": "camino público", "clase": "camino", "municipio": "Cerezo de Arriba", "pueblo": "", "area_m2": 7719, "fuente": "Catastro · parcela de dominio público"}, "geometry": {"type": "Polygon", "coordinates": [[[-3.569563, 41.242656], [-3.569702, 41.24235], [-3.569813, 41.242142], [-3.569948, 41.242114], [-3.57067, 41.242087], [-3.571351, 41.24209], [-3.571839, 41.242168], [-3.572199, 41.24231], [-3.572787, 41.242623], [-3.573335, 41.242939], [-3.573895, 41.243186], [-3.574271, 41.243245], [-3.575336, 41.243445], [-3.576708, 41.243763], [-3.577009, 41.243859], [-3.577642, 41.243904], [-3.578307, 41.243952], [-3.578818, 41.24394], [-3.580103, 41.243966], [-3.58139, 41.243986], [-3.582475, 41.244064], [-3.583025, 41.244044], [-3.583536, 41.243947], [-3.584372, 41.243724], [-3.585098, 41.243691], [-3.585643, 41.243606], [-3.586094, 41.243469], [-3.586459, 41.243274], [-3.587063, 41.243127], [-3.587419, 41.243077], [-3.587656, 41.24311], [-3.588182, 41.24325], [-3.588738, 41.243438], [-3.589642, 41.243577], [-3.590157, 41.243601], [-3.590768, 41.243574], [-3.591178, 41.243482], [-3.591239, 41.243506], [-3.590776, 41.24361], [-3.590157, 41.243637], [-3.589636, 41.243612], [-3.588723, 41.243472], [-3.588164, 41.243284], [-3.587643, 41.243145], [-3.587419, 41.243113], [-3.587075, 41.243162], [-3.586481, 41.243307], [-3.586117, 41.243501], [-3.585657, 41.243641], [-3.585104, 41.243727], [-3.584382, 41.24376], [-3.58355, 41.243981], [-3.583032, 41.24408], [-3.582474, 41.2441], [-3.581386, 41.244022], [-3.580101, 41.244002], [-3.578818, 41.243976], [-3.578306, 41.243988], [-3.577638, 41.24394], [-3.576997, 41.243895], [-3.576691, 41.243797], [-3.575324, 41.24348], [-3.574261, 41.24328], [-3.573877, 41.24322], [-3.573308, 41.242969], [-3.572759, 41.242652], [-3.572174, 41.242341], [-3.571823, 41.242202], [-3.571346, 41.242126], [-3.570671, 41.242123], [-3.569956, 41.242149], [-3.569849, 41.242172], [-3.569747, 41.242362], [-3.569598, 41.242689], [-3.569563, 41.242656]]]}}, {"type": "Feature", "properties": {"ref": "40060A00109004", "nombre": "Camino de Cerezo de Arriba", "nombre_catastro": "CAMINO DE CEREZO DE ARRIBA", "tipo": "camino público", "clase": "camino", "municipio": "Cerezo de Arriba", "pueblo": "", "area_m2": 428, "fuente": "Catastro · parcela de dominio público"}, "geometry": {"type": "Polygon", "coordinates": [[[-3.560783, 41.23443], [-3.560834, 41.234524], [-3.560768, 41.234578], [-3.560683, 41.234694], [-3.560406, 41.234902], [-3.56021, 41.235013], [-3.560061, 41.235012], [-3.560057, 41.235008], [-3.56002, 41.234969], [-3.560043, 41.234971], [-3.560192, 41.234972], [-3.560371, 41.234871], [-3.560639, 41.234669], [-3.560699, 41.234588], [-3.560753, 41.234515], [-3.560783, 41.23443]]]}}, {"type": "Feature", "properties": {"ref": "40060A10509008", "nombre": "Camino de Cerezo de Arriba", "nombre_catastro": "CAMINO DE CEREZO DE ARRIBA", "tipo": "camino público", "clase": "camino", "municipio": "Cerezo de Arriba", "pueblo": "", "area_m2": 7626, "fuente": "Catastro · parcela de dominio público"}, "geometry": {"type": "Polygon", "coordinates": [[[-3.569012, 41.242362], [-3.568944, 41.24231], [-3.568735, 41.242153], [-3.568362, 41.241859], [-3.568101, 41.241697], [-3.568001, 41.241651], [-3.567604, 41.241468], [-3.567341, 41.241363], [-3.567313, 41.241352], [-3.566944, 41.241209], [-3.566328, 41.240977], [-3.565822, 41.240785], [-3.565705, 41.240741], [-3.565439, 41.240648], [-3.565249, 41.240583], [-3.56518, 41.240561], [-3.565113, 41.240539], [-3.564892, 41.240469], [-3.564523, 41.240352], [-3.564387, 41.240305], [-3.56428, 41.240267], [-3.563851, 41.240134], [-3.563755, 41.24011], [-3.563775, 41.240091], [-3.563851, 41.240016], [-3.563921, 41.239946], [-3.56392, 41.24], [-3.563943, 41.240032], [-3.56419, 41.240098], [-3.56448, 41.240202], [-3.564532, 41.240226], [-3.564575, 41.240216], [-3.564688, 41.24025], [-3.564985, 41.24034], [-3.565207, 41.240384], [-3.565275, 41.240384], [-3.565389, 41.240481], [-3.565395, 41.240495], [-3.565541, 41.240545], [-3.565778, 41.240626], [-3.566096, 41.240739], [-3.566365, 41.240842], [-3.566405, 41.240858], [-3.566816, 41.241007], [-3.566832, 41.241013], [-3.567319, 41.241208], [-3.56735, 41.241207], [-3.567432, 41.24124], [-3.567693, 41.241345], [-3.568075, 41.241523], [-3.568204, 41.241584], [-3.568479, 41.24176], [-3.568645, 41.241879], [-3.568768, 41.241988], [-3.568798, 41.242001], [-3.568839, 41.24208], [-3.568958, 41.242205], [-3.568999, 41.242238], [-3.569145, 41.242335], [-3.569012, 41.242362]]]}}, {"type": "Feature", "properties": {"ref": "40060A10609004", "nombre": "Camino de Cerezo de Arriba", "nombre_catastro": "CAMINO DE CEREZO DE ARRIBA", "tipo": "camino público", "clase": "camino", "municipio": "Cerezo de Arriba", "pueblo": "", "area_m2": 17401, "fuente": "Catastro · parcela de dominio público"}, "geometry": {"type": "Polygon", "coordinates": [[[-3.560783, 41.23443], [-3.560857, 41.234374], [-3.561082, 41.23423], [-3.561293, 41.234105], [-3.561512, 41.233975], [-3.561859, 41.233762], [-3.562211, 41.233558], [-3.562444, 41.233416], [-3.562812, 41.233193], [-3.563036, 41.233059], [-3.563332, 41.23287], [-3.563347, 41.232861], [-3.56335, 41.232859], [-3.563628, 41.232735], [-3.564017, 41.232568], [-3.564222, 41.232479], [-3.564505, 41.23236], [-3.565414, 41.23198], [-3.566005, 41.231767], [-3.566251, 41.231714], [-3.566363, 41.231682], [-3.566545, 41.231581], [-3.566926, 41.231349], [-3.567446, 41.231097], [-3.567977, 41.230859], [-3.567999, 41.230848], [-3.568474, 41.230608], [-3.568533, 41.230577], [-3.568624, 41.230532], [-3.568841, 41.230421], [-3.568902, 41.230367], [-3.568939, 41.23031], [-3.568959, 41.230228], [-3.56896, 41.230212], [-3.568971, 41.230095], [-3.568972, 41.230077], [-3.569019, 41.229902], [-3.569023, 41.229894], [-3.569111, 41.229783], [-3.569156, 41.22973], [-3.569221, 41.229676], [-3.569374, 41.229583], [-3.569542, 41.229514], [-3.56975, 41.229446], [-3.569875, 41.229418], [-3.569999, 41.229391], [-3.570187, 41.229335], [-3.570322, 41.229276], [-3.570676, 41.229123], [-3.570893, 41.229033], [-3.571039, 41.228949], [-3.571107, 41.228894], [-3.571198, 41.228822], [-3.571458, 41.228572], [-3.571897, 41.228197], [-3.571958, 41.228155], [-3.572219, 41.227972], [-3.57235, 41.22788], [-3.572636, 41.227681], [-3.572865, 41.227514], [-3.572877, 41.227501], [-3.572921, 41.227474], [-3.572951, 41.227452], [-3.573337, 41.227141], [-3.573573, 41.226981], [-3.573751, 41.226884], [-3.573906, 41.226799], [-3.574208, 41.226679], [-3.57425, 41.226663], [-3.574307, 41.226601], [-3.574344, 41.226494], [-3.574498, 41.226404], [-3.574531, 41.226383], [-3.574597, 41.226341], [-3.574726, 41.226277], [-3.574821, 41.226267], [-3.57503, 41.2262], [-3.575428, 41.225995], [-3.575526, 41.225942], [-3.575679, 41.225859], [-3.575785, 41.225802], [-3.575814, 41.225786], [-3.575905, 41.225735], [-3.576245, 41.225686], [-3.576272, 41.225681], [-3.576383, 41.225662], [-3.576476, 41.225642], [-3.576615, 41.225613], [-3.576688, 41.225593], [-3.576707, 41.225587], [-3.577031, 41.225589], [-3.577079, 41.225651], [-3.577062, 41.225653], [-3.576937, 41.225665], [-3.576838, 41.225671], [-3.576776, 41.225675], [-3.576771, 41.225676], [-3.576756, 41.225677], [-3.576709, 41.225687], [-3.576498, 41.225732], [-3.576412, 41.22575], [-3.57627, 41.225775], [-3.576267, 41.225775], [-3.576093, 41.2258], [-3.575954, 41.22582], [-3.575884, 41.225859], [-3.575856, 41.225875], [-3.575794, 41.225908], [-3.575748, 41.225933], [-3.575516, 41.226058], [-3.575496, 41.226069], [-3.575096, 41.226275], [-3.574912, 41.226373], [-3.574791, 41.226428], [-3.574672, 41.226456], [-3.574579, 41.226479], [-3.574555, 41.226485], [-3.574539, 41.226494], [-3.574527, 41.226501], [-3.574468, 41.2266], [-3.574472, 41.226651], [-3.574317, 41.226718], [-3.574241, 41.226752], [-3.573972, 41.226874], [-3.573648, 41.227052], [-3.57342, 41.227206], [-3.573036, 41.227515], [-3.573018, 41.227528], [-3.572965, 41.227567], [-3.572716, 41.227748], [-3.572332, 41.227999], [-3.572209, 41.228091], [-3.572113, 41.228162], [-3.571944, 41.228293], [-3.571715, 41.228487], [-3.571553, 41.228628], [-3.57148, 41.228696], [-3.571288, 41.228881], [-3.571276, 41.22889], [-3.571119, 41.229016], [-3.570958, 41.229109], [-3.570919, 41.229125], [-3.570734, 41.229202], [-3.5703, 41.22939], [-3.570238, 41.229416], [-3.570037, 41.229476], [-3.569791, 41.229531], [-3.569667, 41.229571], [-3.569594, 41.229596], [-3.569486, 41.229647], [-3.569363, 41.229723], [-3.569307, 41.22975], [-3.569193, 41.229833], [-3.569133, 41.229931], [-3.569091, 41.230089], [-3.569074, 41.230181], [-3.569078, 41.230223], [-3.569053, 41.230338], [-3.569028, 41.230377], [-3.569004, 41.230424], [-3.568963, 41.230466], [-3.568924, 41.230492], [-3.568876, 41.230511], [-3.56869, 41.230606], [-3.568041, 41.230935], [-3.567898, 41.230999], [-3.567509, 41.231174], [-3.567492, 41.231182], [-3.567137, 41.231354], [-3.566996, 41.231422], [-3.566618, 41.231653], [-3.566421, 41.231762], [-3.566358, 41.23178], [-3.566289, 41.2318], [-3.566048, 41.231852], [-3.565565, 41.232025], [-3.565468, 41.23206], [-3.564873, 41.232309], [-3.564362, 41.232523], [-3.56428, 41.232557], [-3.563864, 41.232737], [-3.563688, 41.232813], [-3.563419, 41.232933], [-3.563384, 41.232955], [-3.563137, 41.233112], [-3.56299, 41.233201], [-3.562813, 41.233308], [-3.562231, 41.233659], [-3.561595, 41.23405], [-3.561225, 41.234255], [-3.561146, 41.234297], [-3.560868, 41.234476], [-3.560834, 41.234524], [-3.560783, 41.23443]]]}}, {"type": "Feature", "properties": {"ref": "40060A00209004", "nombre": "Camino de Cerezo de Arriba", "nombre_catastro": "CAMINO DE CEREZO DE ARRIBA", "tipo": "camino público", "clase": "camino", "municipio": "Cerezo de Arriba", "pueblo": "", "area_m2": 6435, "fuente": "Catastro · parcela de dominio público"}, "geometry": {"type": "Polygon", "coordinates": [[[-3.569531, 41.242726], [-3.569012, 41.242362], [-3.569145, 41.242335], [-3.569249, 41.242403], [-3.569461, 41.242561], [-3.569563, 41.242656], [-3.569598, 41.242689], [-3.569812, 41.242871], [-3.569945, 41.242969], [-3.571054, 41.24362], [-3.572033, 41.244138], [-3.57384, 41.245056], [-3.575052, 41.245537], [-3.576566, 41.246026], [-3.577379, 41.246451], [-3.578483, 41.246979], [-3.579344, 41.247406], [-3.580384, 41.247944], [-3.581417, 41.248557], [-3.58181, 41.248845], [-3.582227, 41.249175], [-3.582721, 41.249402], [-3.583226, 41.249606], [-3.583483, 41.249725], [-3.583672, 41.249923], [-3.583892, 41.250099], [-3.583797, 41.250076], [-3.583635, 41.249946], [-3.58345, 41.249752], [-3.583203, 41.249637], [-3.582698, 41.249433], [-3.582197, 41.249203], [-3.581776, 41.24887], [-3.581384, 41.248583], [-3.580355, 41.247973], [-3.579318, 41.247436], [-3.578457, 41.247009], [-3.577352, 41.246481], [-3.576543, 41.246057], [-3.575031, 41.24557], [-3.573815, 41.245087], [-3.572006, 41.244168], [-3.571026, 41.243649], [-3.569805, 41.242932], [-3.569531, 41.242726]]]}}, {"type": "Feature", "properties": {"ref": "40060A00709017", "nombre": "Camino de Cerezo de Arriba", "nombre_catastro": "CAMINO DE CEREZO DE ARRIBA", "tipo": "camino público", "clase": "camino", "municipio": "Cerezo de Arriba", "pueblo": "", "area_m2": 3354, "fuente": "Catastro · parcela de dominio público"}, "geometry": {"type": "Polygon", "coordinates": [[[-3.495161, 41.205853], [-3.495262, 41.205878], [-3.494856, 41.206013], [-3.494456, 41.20609], [-3.494004, 41.206165], [-3.493745, 41.206178], [-3.493521, 41.206164], [-3.493359, 41.206165], [-3.492931, 41.206233], [-3.492629, 41.206278], [-3.492437, 41.206267], [-3.492242, 41.206229], [-3.492064, 41.206173], [-3.491859, 41.206033], [-3.491719, 41.205963], [-3.491607, 41.205917], [-3.491436, 41.205895], [-3.491279, 41.205914], [-3.491043, 41.205963], [-3.490876, 41.205996], [-3.49053, 41.206265], [-3.490261, 41.20642], [-3.4899, 41.206567], [-3.489767, 41.206617], [-3.489626, 41.206663], [-3.489494, 41.206644], [-3.489334, 41.206578], [-3.489105, 41.206489], [-3.48914, 41.206442], [-3.489367, 41.206531], [-3.489518, 41.206592], [-3.489618, 41.206607], [-3.489737, 41.206568], [-3.489867, 41.206519], [-3.490222, 41.206375], [-3.490483, 41.206225], [-3.490839, 41.205947], [-3.491025, 41.205911], [-3.491264, 41.205861], [-3.491437, 41.205841], [-3.49163, 41.205865], [-3.491756, 41.205917], [-3.491903, 41.20599], [-3.492103, 41.206127], [-3.492265, 41.206178], [-3.492448, 41.206214], [-3.492625, 41.206223], [-3.492917, 41.20618], [-3.493352, 41.206111], [-3.493523, 41.20611], [-3.493745, 41.206124], [-3.493994, 41.206111], [-3.494439, 41.206037], [-3.494833, 41.205962], [-3.495161, 41.205853]]]}}, {"type": "Feature", "properties": {"ref": "40060A10509001", "nombre": "Camino de Duruelo", "nombre_catastro": "CAMINO DE DURUELO", "tipo": "camino público", "clase": "camino", "municipio": "Cerezo de Arriba", "pueblo": "", "area_m2": 24394, "fuente": "Catastro · parcela de dominio público"}, "geometry": {"type": "Polygon", "coordinates": [[[-3.586916, 41.239001], [-3.586932, 41.239018], [-3.587085, 41.239184], [-3.587097, 41.239197], [-3.587195, 41.239303], [-3.587329, 41.239447], [-3.587415, 41.239542], [-3.587456, 41.239587], [-3.587461, 41.239591], [-3.587505, 41.239646], [-3.587543, 41.239692], [-3.587701, 41.239884], [-3.587702, 41.239886], [-3.587764, 41.239962], [-3.587917, 41.240148], [-3.588149, 41.240441], [-3.588343, 41.240682], [-3.588378, 41.240725], [-3.588523, 41.240904], [-3.588648, 41.241059], [-3.588673, 41.24109], [-3.588778, 41.241224], [-3.588849, 41.241309], [-3.588876, 41.24134], [-3.589002, 41.24149], [-3.589071, 41.241578], [-3.589146, 41.241674], [-3.589252, 41.241808], [-3.589286, 41.241851], [-3.589434, 41.242035], [-3.589443, 41.242047], [-3.589644, 41.242307], [-3.589791, 41.242492], [-3.589815, 41.242522], [-3.589974, 41.242721], [-3.590061, 41.242836], [-3.590211, 41.242935], [-3.590598, 41.243096], [-3.590999, 41.243271], [-3.591255, 41.243395], [-3.591495, 41.243484], [-3.591572, 41.243485], [-3.591854, 41.243488], [-3.591855, 41.243574], [-3.59164, 41.243575], [-3.59179, 41.243638], [-3.591889, 41.243689], [-3.591904, 41.243723], [-3.591923, 41.243763], [-3.591868, 41.243761], [-3.591695, 41.243705], [-3.591665, 41.243692], [-3.591395, 41.243568], [-3.591239, 41.243506], [-3.591178, 41.243482], [-3.59098, 41.243404], [-3.590489, 41.243185], [-3.589981, 41.242928], [-3.589914, 41.242865], [-3.589774, 41.242761], [-3.589839, 41.242727], [-3.589689, 41.242538], [-3.589541, 41.242353], [-3.589341, 41.242093], [-3.58915, 41.241854], [-3.5889, 41.241537], [-3.588677, 41.241271], [-3.588521, 41.241074], [-3.588283, 41.24078], [-3.588046, 41.240488], [-3.588025, 41.240461], [-3.587815, 41.240194], [-3.587599, 41.239932], [-3.587361, 41.239641], [-3.587268, 41.23954], [-3.585815, 41.237964], [-3.585599, 41.237635], [-3.585488, 41.237479], [-3.584753, 41.236443], [-3.584652, 41.236401], [-3.584376, 41.236287], [-3.58399, 41.236129], [-3.583797, 41.236116], [-3.583555, 41.236098], [-3.583343, 41.236082], [-3.582893, 41.236047], [-3.582858, 41.236044], [-3.582444, 41.236014], [-3.582004, 41.235981], [-3.581959, 41.235989], [-3.581521, 41.236078], [-3.581081, 41.236164], [-3.581014, 41.236177], [-3.580642, 41.23625], [-3.580255, 41.236328], [-3.579836, 41.236412], [-3.579327, 41.236512], [-3.578888, 41.236599], [-3.578747, 41.236625], [-3.578459, 41.236681], [-3.578409, 41.236693], [-3.578275, 41.23674], [-3.578169, 41.236764], [-3.577861, 41.236834], [-3.577512, 41.236903], [-3.577208, 41.236995], [-3.576772, 41.237151], [-3.576367, 41.237297], [-3.57622, 41.237366], [-3.575983, 41.23745], [-3.575605, 41.237584], [-3.57519, 41.237732], [-3.574915, 41.237828], [-3.574363, 41.238041], [-3.574106, 41.238131], [-3.573843, 41.238214], [-3.573808, 41.238222], [-3.573653, 41.238257], [-3.573423, 41.238282], [-3.573243, 41.238291], [-3.57303, 41.238282], [-3.572814, 41.238253], [-3.572499, 41.238205], [-3.572248, 41.238154], [-3.572126, 41.238146], [-3.571694, 41.238014], [-3.571637, 41.237992], [-3.571528, 41.237957], [-3.571216, 41.237885], [-3.570931, 41.237819], [-3.570933, 41.237818], [-3.570986, 41.237791], [-3.571058, 41.237754], [-3.57125, 41.237799], [-3.571568, 41.237872], [-3.572087, 41.238047], [-3.572099, 41.238051], [-3.572597, 41.238182], [-3.572757, 41.238191], [-3.572989, 41.238207], [-3.572995, 41.238207], [-3.573424, 41.238142], [-3.573525, 41.238124], [-3.573572, 41.238116], [-3.573573, 41.238115], [-3.573871, 41.238072], [-3.573916, 41.238066], [-3.574164, 41.238031], [-3.574305, 41.237977], [-3.574583, 41.237872], [-3.574583, 41.237872], [-3.574696, 41.237821], [-3.574769, 41.237795], [-3.574862, 41.237762], [-3.574889, 41.237752], [-3.574955, 41.237728], [-3.575169, 41.237648], [-3.575416, 41.237555], [-3.575567, 41.237498], [-3.57582, 41.237402], [-3.575931, 41.237362], [-3.576029, 41.237325], [-3.576224, 41.237246], [-3.576445, 41.237149], [-3.57651, 41.23712], [-3.576621, 41.237079], [-3.576705, 41.237045], [-3.576824, 41.236997], [-3.576949, 41.236946], [-3.577104, 41.236894], [-3.577135, 41.236886], [-3.57716, 41.23688], [-3.577237, 41.236859], [-3.577405, 41.236823], [-3.577414, 41.236822], [-3.577767, 41.236741], [-3.57785, 41.236722], [-3.578286, 41.236627], [-3.578427, 41.236594], [-3.578567, 41.236533], [-3.578633, 41.236458], [-3.578694, 41.236366], [-3.578765, 41.236211], [-3.578803, 41.236091], [-3.578828, 41.236003], [-3.578821, 41.235941], [-3.578764, 41.235881], [-3.578863, 41.235848], [-3.578952, 41.235921], [-3.578951, 41.236013], [-3.578933, 41.236103], [-3.578888, 41.236224], [-3.578815, 41.236374], [-3.578751, 41.236475], [-3.578761, 41.236501], [-3.578814, 41.236522], [-3.578886, 41.236505], [-3.579297, 41.236425], [-3.579737, 41.236338], [-3.580249, 41.236236], [-3.580612, 41.236163], [-3.581051, 41.236077], [-3.581491, 41.235991], [-3.581929, 41.235902], [-3.581996, 41.23589], [-3.582278, 41.235911], [-3.582872, 41.235955], [-3.583101, 41.235972], [-3.583218, 41.235981], [-3.583606, 41.23601], [-3.584025, 41.236041], [-3.584027, 41.236042], [-3.584433, 41.236208], [-3.584596, 41.236275], [-3.584842, 41.236376], [-3.584877, 41.236426], [-3.585062, 41.236687], [-3.585227, 41.236919], [-3.585566, 41.237397], [-3.585706, 41.237594], [-3.585833, 41.237789], [-3.585918, 41.237918], [-3.586181, 41.238203], [-3.586616, 41.238675], [-3.586747, 41.238817], [-3.58675, 41.238821], [-3.586838, 41.238916], [-3.586916, 41.239001]]]}}, {"type": "Feature", "properties": {"ref": "40060A00109003", "nombre": "Camino de la Cuesta", "nombre_catastro": "CAMINO DE LA CUESTA", "tipo": "camino público", "clase": "camino", "municipio": "Cerezo de Arriba", "pueblo": "", "area_m2": 1173, "fuente": "Catastro · parcela de dominio público"}, "geometry": {"type": "Polygon", "coordinates": [[[-3.559399, 41.233], [-3.55942, 41.23306], [-3.559445, 41.233122], [-3.559447, 41.233143], [-3.559459, 41.233369], [-3.559418, 41.23345], [-3.559305, 41.233565], [-3.559227, 41.233643], [-3.559197, 41.233787], [-3.559219, 41.233986], [-3.559237, 41.23426], [-3.559249, 41.234435], [-3.55924, 41.23458], [-3.559265, 41.234687], [-3.559322, 41.234864], [-3.559374, 41.234968], [-3.559375, 41.234969], [-3.559371, 41.234971], [-3.55933, 41.234994], [-3.55927, 41.234875], [-3.559214, 41.234702], [-3.5592, 41.234683], [-3.559158, 41.234625], [-3.559176, 41.23463], [-3.55921, 41.234428], [-3.559207, 41.234344], [-3.559204, 41.234175], [-3.559159, 41.233895], [-3.559146, 41.233865], [-3.559128, 41.233821], [-3.559106, 41.233684], [-3.559105, 41.233682], [-3.559184, 41.233619], [-3.559187, 41.233616], [-3.559273, 41.23353], [-3.559375, 41.233427], [-3.559374, 41.233423], [-3.559366, 41.233332], [-3.559359, 41.233259], [-3.559354, 41.233162], [-3.559352, 41.233142], [-3.559326, 41.232994], [-3.559341, 41.232984], [-3.559417, 41.232933], [-3.559427, 41.232927], [-3.559399, 41.233]]]}}, {"type": "Feature", "properties": {"ref": "40060A11409001", "nombre": "Camino de la Cuesta", "nombre_catastro": "CAMINO DE LA CUESTA", "tipo": "camino público", "clase": "camino", "municipio": "Cerezo de Arriba", "pueblo": "", "area_m2": 8315, "fuente": "Catastro · parcela de dominio público"}, "geometry": {"type": "Polygon", "coordinates": [[[-3.559427, 41.232927], [-3.559417, 41.232933], [-3.559341, 41.232984], [-3.559326, 41.232994], [-3.559322, 41.232934], [-3.559381, 41.232841], [-3.559387, 41.232835], [-3.55953, 41.232698], [-3.559541, 41.232697], [-3.559592, 41.232675], [-3.559768, 41.232622], [-3.559961, 41.232547], [-3.560054, 41.232499], [-3.560141, 41.232473], [-3.560515, 41.232264], [-3.560873, 41.232014], [-3.56123, 41.231681], [-3.561392, 41.231525], [-3.561539, 41.231325], [-3.561568, 41.231285], [-3.561717, 41.231083], [-3.561754, 41.231032], [-3.561816, 41.230885], [-3.561806, 41.230716], [-3.561804, 41.230678], [-3.561731, 41.230412], [-3.561721, 41.23038], [-3.561646, 41.230125], [-3.561649, 41.230027], [-3.561651, 41.229954], [-3.561653, 41.229874], [-3.56166, 41.229634], [-3.561671, 41.229403], [-3.561626, 41.229375], [-3.561536, 41.229318], [-3.561573, 41.229218], [-3.561631, 41.22916], [-3.561688, 41.229103], [-3.561778, 41.229011], [-3.561876, 41.228742], [-3.561906, 41.228685], [-3.561953, 41.228598], [-3.561984, 41.228541], [-3.562075, 41.22837], [-3.562289, 41.2281], [-3.562389, 41.227934], [-3.562404, 41.227832], [-3.562407, 41.227806], [-3.5624, 41.22773], [-3.562363, 41.227655], [-3.562289, 41.227581], [-3.56215, 41.227492], [-3.562084, 41.227471], [-3.56197, 41.227435], [-3.561719, 41.227376], [-3.561527, 41.227316], [-3.561375, 41.227245], [-3.561225, 41.227165], [-3.561049, 41.227047], [-3.560948, 41.226961], [-3.560871, 41.22683], [-3.560827, 41.226719], [-3.560801, 41.226609], [-3.560746, 41.22648], [-3.560694, 41.226378], [-3.560648, 41.226324], [-3.560571, 41.22626], [-3.560441, 41.226185], [-3.560319, 41.226128], [-3.560156, 41.226038], [-3.560018, 41.22596], [-3.559831, 41.225844], [-3.559648, 41.225718], [-3.559458, 41.225589], [-3.559246, 41.225439], [-3.559039, 41.225293], [-3.558875, 41.225178], [-3.558663, 41.225044], [-3.558481, 41.224918], [-3.558353, 41.224836], [-3.558245, 41.224779], [-3.55815, 41.224725], [-3.558083, 41.224669], [-3.557978, 41.224559], [-3.557914, 41.224504], [-3.557734, 41.224388], [-3.557609, 41.224287], [-3.557438, 41.224149], [-3.557333, 41.224076], [-3.55723, 41.224029], [-3.557194, 41.224013], [-3.55707, 41.223973], [-3.556879, 41.223935], [-3.556617, 41.223913], [-3.556354, 41.223909], [-3.556108, 41.223907], [-3.555953, 41.223904], [-3.555895, 41.223903], [-3.55572, 41.223901], [-3.555595, 41.223882], [-3.555568, 41.223869], [-3.555506, 41.22384], [-3.555423, 41.223803], [-3.555405, 41.223791], [-3.555484, 41.223768], [-3.555497, 41.223774], [-3.555543, 41.223794], [-3.555622, 41.223831], [-3.555728, 41.223848], [-3.555896, 41.223849], [-3.556109, 41.223854], [-3.556264, 41.223855], [-3.556355, 41.223856], [-3.556622, 41.22386], [-3.556892, 41.223882], [-3.557093, 41.223922], [-3.557227, 41.223965], [-3.557326, 41.22401], [-3.557376, 41.224032], [-3.55741, 41.224056], [-3.557489, 41.224111], [-3.557662, 41.22425], [-3.557784, 41.224349], [-3.557964, 41.224465], [-3.558034, 41.224525], [-3.558139, 41.224635], [-3.558199, 41.224685], [-3.558287, 41.224735], [-3.558397, 41.224793], [-3.558528, 41.224878], [-3.558711, 41.225003], [-3.558922, 41.225138], [-3.559088, 41.225253], [-3.559295, 41.2254], [-3.559507, 41.22555], [-3.559696, 41.225678], [-3.559878, 41.225803], [-3.560063, 41.225917], [-3.560199, 41.225995], [-3.560359, 41.226083], [-3.560482, 41.226141], [-3.56062, 41.22622], [-3.560705, 41.226292], [-3.560758, 41.226354], [-3.560813, 41.226462], [-3.560871, 41.226596], [-3.560897, 41.226707], [-3.560938, 41.226811], [-3.561009, 41.226932], [-3.5611, 41.227009], [-3.56127, 41.227122], [-3.561415, 41.2272], [-3.56156, 41.227268], [-3.561697, 41.227311], [-3.561744, 41.227325], [-3.561832, 41.227346], [-3.561995, 41.227384], [-3.562188, 41.227445], [-3.562341, 41.227544], [-3.562381, 41.227584], [-3.562426, 41.227629], [-3.562471, 41.227719], [-3.56248, 41.227807], [-3.562459, 41.227948], [-3.562353, 41.228125], [-3.56229, 41.228205], [-3.56214, 41.228395], [-3.562092, 41.228483], [-3.561944, 41.22876], [-3.561843, 41.229036], [-3.561768, 41.229112], [-3.561682, 41.229199], [-3.561628, 41.229254], [-3.561627, 41.229307], [-3.56168, 41.229341], [-3.561688, 41.229346], [-3.561747, 41.229379], [-3.561739, 41.229457], [-3.561728, 41.229611], [-3.561724, 41.229674], [-3.561722, 41.229939], [-3.561719, 41.230064], [-3.561717, 41.230121], [-3.561746, 41.230254], [-3.56184, 41.23058], [-3.56186, 41.230719], [-3.561869, 41.230783], [-3.561869, 41.230811], [-3.561867, 41.230961], [-3.561866, 41.230966], [-3.561811, 41.231015], [-3.561809, 41.231019], [-3.561687, 41.231207], [-3.561398, 41.231569], [-3.561256, 41.231716], [-3.561109, 41.231857], [-3.561008, 41.231958], [-3.560914, 41.232051], [-3.56074, 41.232172], [-3.560723, 41.232182], [-3.560679, 41.232207], [-3.560166, 41.232502], [-3.560099, 41.232566], [-3.560056, 41.232592], [-3.560021, 41.232573], [-3.560018, 41.232571], [-3.559984, 41.232591], [-3.559902, 41.232643], [-3.559891, 41.23265], [-3.559777, 41.232679], [-3.559687, 41.232697], [-3.559683, 41.232699], [-3.559599, 41.232727], [-3.559599, 41.232728], [-3.559599, 41.232728], [-3.559607, 41.232737], [-3.559561, 41.232757], [-3.559553, 41.232761], [-3.559552, 41.232764], [-3.559549, 41.232783], [-3.559537, 41.232793], [-3.559471, 41.232852], [-3.559449, 41.232872], [-3.559449, 41.232872], [-3.559427, 41.232927]]]}}, {"type": "Feature", "properties": {"ref": "40060A11009002", "nombre": "Camino de la Ermita", "nombre_catastro": "CAMINO DE LA ERMITA", "tipo": "camino público", "clase": "camino", "municipio": "Cerezo de Arriba", "pueblo": "", "area_m2": 24705, "fuente": "Catastro · parcela de dominio público"}, "geometry": {"type": "Polygon", "coordinates": [[[-3.53314, 41.234249], [-3.53314, 41.23425], [-3.533466, 41.23434], [-3.533791, 41.234427], [-3.534116, 41.234512], [-3.534493, 41.234588], [-3.53484, 41.23466], [-3.535183, 41.234736], [-3.53555, 41.234813], [-3.535617, 41.234829], [-3.535837, 41.234879], [-3.536249, 41.234912], [-3.536525, 41.234937], [-3.536619, 41.234946], [-3.536851, 41.235079], [-3.537014, 41.235171], [-3.537075, 41.235206], [-3.53768, 41.235736], [-3.537791, 41.235841], [-3.537877, 41.235922], [-3.537952, 41.235995], [-3.538003, 41.236039], [-3.538065, 41.2361], [-3.538222, 41.236174], [-3.538316, 41.236217], [-3.538565, 41.236332], [-3.53911, 41.23636], [-3.539167, 41.236364], [-3.539202, 41.23637], [-3.539304, 41.23639], [-3.539507, 41.236321], [-3.539535, 41.236311], [-3.539553, 41.236305], [-3.539688, 41.23626], [-3.539794, 41.236201], [-3.539795, 41.236199], [-3.539883, 41.23615], [-3.540046, 41.236056], [-3.540315, 41.235903], [-3.540349, 41.235884], [-3.540375, 41.235869], [-3.540411, 41.235847], [-3.540764, 41.235699], [-3.541128, 41.235547], [-3.541257, 41.235548], [-3.541269, 41.235547], [-3.54129, 41.235547], [-3.541311, 41.235547], [-3.541596, 41.235548], [-3.541639, 41.235555], [-3.542052, 41.235613], [-3.542449, 41.235671], [-3.542471, 41.235674], [-3.542592, 41.23569], [-3.542689, 41.235702], [-3.542748, 41.235712], [-3.542925, 41.235738], [-3.54304, 41.235776], [-3.543111, 41.2358], [-3.543151, 41.235814], [-3.543347, 41.235925], [-3.543611, 41.236076], [-3.543871, 41.236226], [-3.544215, 41.236422], [-3.544673, 41.236665], [-3.545017, 41.236846], [-3.545206, 41.23692], [-3.545621, 41.237079], [-3.546282, 41.237332], [-3.546348, 41.23734], [-3.54651, 41.23743], [-3.546531, 41.237497], [-3.546632, 41.237673], [-3.54669, 41.237772], [-3.546891, 41.238431], [-3.546893, 41.238439], [-3.547271, 41.238845], [-3.547313, 41.23889], [-3.54794, 41.239088], [-3.54816, 41.239157], [-3.54831, 41.239347], [-3.548405, 41.239412], [-3.548474, 41.23955], [-3.548464, 41.239622], [-3.548505, 41.240047], [-3.548672, 41.240389], [-3.548705, 41.240456], [-3.549055, 41.240725], [-3.549566, 41.240798], [-3.549784, 41.24083], [-3.550028, 41.240793], [-3.550432, 41.24074], [-3.5508, 41.24069], [-3.550918, 41.24068], [-3.551302, 41.240659], [-3.551913, 41.240677], [-3.552254, 41.240719], [-3.552543, 41.240787], [-3.552586, 41.240785], [-3.552842, 41.240787], [-3.552598, 41.241039], [-3.552607, 41.240965], [-3.552545, 41.240898], [-3.552529, 41.240881], [-3.552226, 41.240807], [-3.551899, 41.240767], [-3.551286, 41.24074], [-3.550612, 41.240796], [-3.549784, 41.240921], [-3.548995, 41.240808], [-3.548602, 41.240506], [-3.548387, 41.240067], [-3.548338, 41.239561], [-3.548077, 41.239228], [-3.547236, 41.238964], [-3.547024, 41.238737], [-3.546782, 41.238476], [-3.546576, 41.237801], [-3.546386, 41.237473], [-3.544955, 41.236924], [-3.544145, 41.236496], [-3.543953, 41.236387], [-3.54309, 41.235892], [-3.542889, 41.235824], [-3.542724, 41.235801], [-3.542666, 41.235791], [-3.542572, 41.235779], [-3.542427, 41.235759], [-3.54229, 41.235739], [-3.541589, 41.235639], [-3.541269, 41.235638], [-3.541242, 41.235637], [-3.541159, 41.235637], [-3.540478, 41.235922], [-3.53997, 41.236213], [-3.539934, 41.236233], [-3.53975, 41.236338], [-3.539324, 41.236483], [-3.539158, 41.23647], [-3.539044, 41.236461], [-3.538524, 41.236421], [-3.537984, 41.236169], [-3.537588, 41.235793], [-3.536992, 41.235272], [-3.536572, 41.235032], [-3.536236, 41.235001], [-3.535813, 41.234967], [-3.535517, 41.2349], [-3.53515, 41.234822], [-3.535102, 41.234812], [-3.534079, 41.234599], [-3.533426, 41.234426], [-3.533093, 41.234333], [-3.532837, 41.234264], [-3.532753, 41.234242], [-3.531486, 41.23386], [-3.531348, 41.233806], [-3.531167, 41.233735], [-3.530784, 41.233588], [-3.530419, 41.233409], [-3.530406, 41.233403], [-3.530085, 41.233293], [-3.529759, 41.233182], [-3.529432, 41.233069], [-3.529269, 41.233014], [-3.529152, 41.232991], [-3.529117, 41.232984], [-3.528973, 41.232954], [-3.528893, 41.232958], [-3.528884, 41.232964], [-3.528856, 41.232982], [-3.528831, 41.233001], [-3.528826, 41.232882], [-3.528847, 41.232869], [-3.528927, 41.232866], [-3.528986, 41.232863], [-3.529148, 41.232897], [-3.529197, 41.232907], [-3.529308, 41.232928], [-3.529481, 41.232986], [-3.529808, 41.233099], [-3.530134, 41.233211], [-3.530458, 41.233322], [-3.530463, 41.233323], [-3.530843, 41.23351], [-3.531222, 41.233654], [-3.531438, 41.233739], [-3.531536, 41.233778], [-3.532324, 41.234015], [-3.53235, 41.234023], [-3.532795, 41.234157], [-3.533134, 41.234248], [-3.53314, 41.234249]]]}}, {"type": "Feature", "properties": {"ref": "40060A10709005", "nombre": "Camino de la Sierra", "nombre_catastro": "CAMINO DE LA SIERRA", "tipo": "camino público", "clase": "camino", "municipio": "Cerezo de Arriba", "pueblo": "", "area_m2": 6949, "fuente": "Catastro · parcela de dominio público"}, "geometry": {"type": "Polygon", "coordinates": [[[-3.55615, 41.236705], [-3.555856, 41.236601], [-3.555805, 41.236593], [-3.55572, 41.236579], [-3.55554, 41.236565], [-3.555492, 41.236564], [-3.555355, 41.236575], [-3.555283, 41.236573], [-3.554833, 41.23652], [-3.554785, 41.236512], [-3.554504, 41.236459], [-3.554415, 41.236467], [-3.554345, 41.236468], [-3.554304, 41.236466], [-3.554168, 41.236407], [-3.55413, 41.236391], [-3.554126, 41.236389], [-3.554092, 41.236367], [-3.554066, 41.236355], [-3.554007, 41.236328], [-3.553909, 41.236253], [-3.553845, 41.236202], [-3.553741, 41.236121], [-3.553734, 41.236115], [-3.553591, 41.236003], [-3.553345, 41.23573], [-3.553284, 41.235663], [-3.55301, 41.235419], [-3.552931, 41.235369], [-3.552758, 41.23526], [-3.552462, 41.23512], [-3.552383, 41.235096], [-3.552243, 41.235056], [-3.552204, 41.235044], [-3.552177, 41.235036], [-3.552163, 41.23503], [-3.552123, 41.235012], [-3.552073, 41.234989], [-3.551984, 41.234898], [-3.55186, 41.234744], [-3.55169, 41.234603], [-3.551412, 41.234474], [-3.551319, 41.234441], [-3.550937, 41.234305], [-3.550875, 41.234283], [-3.550777, 41.234246], [-3.550671, 41.234207], [-3.550499, 41.234143], [-3.550299, 41.23408], [-3.550284, 41.234073], [-3.549993, 41.23395], [-3.549951, 41.233933], [-3.549888, 41.233909], [-3.549941, 41.23385], [-3.549975, 41.233812], [-3.549991, 41.233794], [-3.550053, 41.23384], [-3.550106, 41.233879], [-3.550199, 41.233931], [-3.550264, 41.233963], [-3.550351, 41.233995], [-3.551034, 41.23425], [-3.551066, 41.234262], [-3.551369, 41.234362], [-3.551468, 41.234395], [-3.551681, 41.234493], [-3.551767, 41.234533], [-3.551888, 41.234633], [-3.551957, 41.23469], [-3.552112, 41.234865], [-3.552132, 41.234877], [-3.552172, 41.234902], [-3.552286, 41.234972], [-3.552516, 41.235039], [-3.552828, 41.235187], [-3.552967, 41.235275], [-3.553094, 41.235355], [-3.55338, 41.235609], [-3.553684, 41.235947], [-3.553937, 41.236145], [-3.553947, 41.236152], [-3.554012, 41.236199], [-3.554081, 41.236258], [-3.554204, 41.236308], [-3.55422, 41.236314], [-3.554249, 41.236322], [-3.554256, 41.236324], [-3.554335, 41.23632], [-3.554362, 41.236328], [-3.55451, 41.236334], [-3.55483, 41.23639], [-3.554851, 41.236391], [-3.554892, 41.236408], [-3.554956, 41.236425], [-3.555162, 41.236425], [-3.555269, 41.236425], [-3.555619, 41.23645], [-3.555716, 41.236481], [-3.555895, 41.236511], [-3.556003, 41.236529], [-3.555975, 41.236559], [-3.556057, 41.236593], [-3.556186, 41.236647], [-3.556294, 41.236691], [-3.556292, 41.236745], [-3.55623, 41.236741], [-3.55615, 41.236705]]]}}, {"type": "Feature", "properties": {"ref": "40060A11009004", "nombre": "Camino de la Sierra", "nombre_catastro": "CAMINO DE LA SIERRA", "tipo": "camino público", "clase": "camino", "municipio": "Cerezo de Arriba", "pueblo": "", "area_m2": 13963, "fuente": "Catastro · parcela de dominio público"}, "geometry": {"type": "Polygon", "coordinates": [[[-3.537722, 41.228874], [-3.537609, 41.228798], [-3.537577, 41.228777], [-3.537532, 41.228735], [-3.537399, 41.228614], [-3.537278, 41.228504], [-3.53713, 41.228368], [-3.536981, 41.228231], [-3.536964, 41.228219], [-3.536825, 41.228119], [-3.536668, 41.228006], [-3.536556, 41.227925], [-3.536538, 41.227912], [-3.536425, 41.227854], [-3.536244, 41.22776], [-3.536086, 41.227678], [-3.536035, 41.227651], [-3.535811, 41.227542], [-3.535798, 41.227536], [-3.535801, 41.22753], [-3.535818, 41.227485], [-3.535834, 41.227446], [-3.536032, 41.227542], [-3.536101, 41.227576], [-3.536442, 41.227753], [-3.536614, 41.227842], [-3.536852, 41.228014], [-3.537068, 41.228169], [-3.537129, 41.228225], [-3.537663, 41.228714], [-3.537675, 41.228722], [-3.538239, 41.2291], [-3.538526, 41.229292], [-3.538546, 41.229305], [-3.538756, 41.229417], [-3.538844, 41.229464], [-3.539092, 41.229596], [-3.539273, 41.229692], [-3.539416, 41.229756], [-3.539487, 41.229788], [-3.539886, 41.229966], [-3.539917, 41.22998], [-3.539969, 41.229997], [-3.540327, 41.230118], [-3.540361, 41.23013], [-3.540454, 41.23016], [-3.540843, 41.230286], [-3.540898, 41.230304], [-3.541, 41.230337], [-3.541167, 41.230409], [-3.541444, 41.230528], [-3.541681, 41.23063], [-3.541726, 41.230649], [-3.541861, 41.23074], [-3.542105, 41.230905], [-3.542401, 41.231104], [-3.542566, 41.231215], [-3.543429, 41.231648], [-3.543618, 41.231736], [-3.543669, 41.23176], [-3.543752, 41.231799], [-3.543964, 41.231898], [-3.544415, 41.232108], [-3.544476, 41.232146], [-3.544619, 41.232213], [-3.544667, 41.232242], [-3.544692, 41.232257], [-3.544903, 41.232383], [-3.544924, 41.23242], [-3.544952, 41.232449], [-3.54503, 41.232495], [-3.545103, 41.232538], [-3.545107, 41.23254], [-3.545108, 41.23254], [-3.545329, 41.232588], [-3.545357, 41.232593], [-3.545864, 41.232696], [-3.546269, 41.232784], [-3.546427, 41.232819], [-3.546907, 41.232986], [-3.547296, 41.233094], [-3.547348, 41.233109], [-3.547352, 41.23311], [-3.547359, 41.233112], [-3.547479, 41.233148], [-3.54761, 41.233173], [-3.547842, 41.233217], [-3.548035, 41.233253], [-3.548209, 41.233283], [-3.548262, 41.233292], [-3.548481, 41.233328], [-3.548667, 41.23336], [-3.54915, 41.233542], [-3.549626, 41.233699], [-3.549737, 41.233744], [-3.549762, 41.233741], [-3.549781, 41.233739], [-3.549918, 41.233775], [-3.549991, 41.233794], [-3.549975, 41.233812], [-3.549941, 41.23385], [-3.549888, 41.233909], [-3.549802, 41.233875], [-3.549576, 41.233782], [-3.549573, 41.233781], [-3.549301, 41.233691], [-3.549133, 41.233636], [-3.549099, 41.233624], [-3.548933, 41.233562], [-3.548801, 41.233512], [-3.548654, 41.233456], [-3.548627, 41.233445], [-3.548519, 41.233427], [-3.548144, 41.233364], [-3.548101, 41.233357], [-3.548007, 41.233341], [-3.547441, 41.233234], [-3.546865, 41.23306], [-3.546769, 41.233026], [-3.54639, 41.232895], [-3.546329, 41.232881], [-3.545942, 41.232797], [-3.545836, 41.232774], [-3.545288, 41.232663], [-3.545088, 41.23262], [-3.545059, 41.232614], [-3.544877, 41.232517], [-3.544842, 41.232486], [-3.54482, 41.232459], [-3.544805, 41.232441], [-3.544789, 41.232431], [-3.544782, 41.232426], [-3.544549, 41.232287], [-3.543555, 41.231814], [-3.543491, 41.231784], [-3.543364, 41.231724], [-3.542928, 41.231505], [-3.542501, 41.231291], [-3.542492, 41.231287], [-3.542038, 41.230981], [-3.541656, 41.230723], [-3.541543, 41.230675], [-3.541321, 41.230579], [-3.541085, 41.230478], [-3.540947, 41.230418], [-3.540845, 41.230385], [-3.540347, 41.230224], [-3.540313, 41.230213], [-3.540246, 41.23019], [-3.540066, 41.230129], [-3.540042, 41.230121], [-3.5399, 41.230073], [-3.539862, 41.23006], [-3.539617, 41.229951], [-3.539416, 41.229861], [-3.539242, 41.229783], [-3.539228, 41.229777], [-3.539103, 41.229712], [-3.539101, 41.229711], [-3.53897, 41.229641], [-3.538796, 41.229549], [-3.538731, 41.229514], [-3.538645, 41.229468], [-3.538623, 41.229457], [-3.538472, 41.229376], [-3.538384, 41.229318], [-3.538151, 41.229161], [-3.538129, 41.229147], [-3.537969, 41.22904], [-3.537722, 41.228874]]]}}, {"type": "Feature", "properties": {"ref": "40060A00409004", "nombre": "Camino de la Sierra", "nombre_catastro": "CAMINO DE LA SIERRA", "tipo": "camino público", "clase": "camino", "municipio": "Cerezo de Arriba", "pueblo": "", "area_m2": 385, "fuente": "Catastro · parcela de dominio público"}, "geometry": {"type": "Polygon", "coordinates": [[[-3.556294, 41.236691], [-3.556372, 41.236723], [-3.556592, 41.236853], [-3.556696, 41.236934], [-3.556751, 41.236976], [-3.556764, 41.236988], [-3.556944, 41.237152], [-3.557007, 41.237215], [-3.55699, 41.237253], [-3.556983, 41.237247], [-3.556968, 41.237235], [-3.556862, 41.237153], [-3.55667, 41.236965], [-3.556553, 41.236874], [-3.556506, 41.236846], [-3.556469, 41.236829], [-3.556292, 41.236745], [-3.556294, 41.236691]]]}}, {"type": "Feature", "properties": {"ref": "40060A00109005", "nombre": "Camino de la Virgen", "nombre_catastro": "CAMINO DE LA VIRGEN", "tipo": "camino público", "clase": "camino", "municipio": "Cerezo de Arriba", "pueblo": "", "area_m2": 2321, "fuente": "Catastro · parcela de dominio público"}, "geometry": {"type": "Polygon", "coordinates": [[[-3.564433, 41.234971], [-3.564601, 41.235018], [-3.564415, 41.235034], [-3.564193, 41.235041], [-3.564078, 41.235043], [-3.564047, 41.235043], [-3.563955, 41.235039], [-3.563692, 41.235035], [-3.563341, 41.235021], [-3.56331, 41.235025], [-3.562953, 41.235063], [-3.562858, 41.23508], [-3.562665, 41.235114], [-3.562315, 41.235188], [-3.562084, 41.235234], [-3.561686, 41.235313], [-3.561256, 41.235381], [-3.56104, 41.23541], [-3.560904, 41.235443], [-3.560883, 41.235449], [-3.560777, 41.235478], [-3.560704, 41.235503], [-3.560577, 41.235558], [-3.56051, 41.235598], [-3.560508, 41.235599], [-3.560501, 41.235589], [-3.560476, 41.235566], [-3.560463, 41.235555], [-3.560591, 41.235496], [-3.560691, 41.235452], [-3.560833, 41.235413], [-3.560929, 41.235388], [-3.561054, 41.235364], [-3.561187, 41.235346], [-3.561219, 41.23533], [-3.561254, 41.235325], [-3.561632, 41.235262], [-3.561965, 41.235196], [-3.561983, 41.235192], [-3.562183, 41.235145], [-3.562217, 41.235138], [-3.562369, 41.235108], [-3.562495, 41.235082], [-3.562725, 41.235036], [-3.562789, 41.235026], [-3.562965, 41.234999], [-3.56302, 41.234991], [-3.563078, 41.234984], [-3.563203, 41.23497], [-3.563256, 41.234963], [-3.56338, 41.234962], [-3.563443, 41.234962], [-3.563622, 41.234962], [-3.563705, 41.234962], [-3.56403, 41.234977], [-3.564044, 41.234978], [-3.56428, 41.234979], [-3.564385, 41.234973], [-3.564433, 41.234971]]]}}, {"type": "Feature", "properties": {"ref": "40060A10609008", "nombre": "Camino de la Virgen", "nombre_catastro": "CAMINO DE LA VIRGEN", "tipo": "camino público", "clase": "camino", "municipio": "Cerezo de Arriba", "pueblo": "", "area_m2": 6715, "fuente": "Catastro · parcela de dominio público"}, "geometry": {"type": "Polygon", "coordinates": [[[-3.564433, 41.234971], [-3.564596, 41.234942], [-3.564846, 41.234882], [-3.565068, 41.234816], [-3.565315, 41.234712], [-3.565578, 41.234602], [-3.56562, 41.234584], [-3.565733, 41.234532], [-3.565906, 41.234455], [-3.565975, 41.234421], [-3.566182, 41.234302], [-3.566342, 41.234184], [-3.566421, 41.234129], [-3.566629, 41.233993], [-3.566843, 41.233866], [-3.566899, 41.23384], [-3.567014, 41.233779], [-3.56719, 41.233671], [-3.567251, 41.233622], [-3.567362, 41.233535], [-3.567538, 41.233384], [-3.567596, 41.233329], [-3.567688, 41.233215], [-3.567779, 41.232891], [-3.567872, 41.232754], [-3.568063, 41.232614], [-3.568084, 41.232599], [-3.568212, 41.232445], [-3.568316, 41.232303], [-3.568361, 41.23224], [-3.568614, 41.231972], [-3.568637, 41.231947], [-3.568812, 41.231741], [-3.568916, 41.231582], [-3.568917, 41.231579], [-3.56913, 41.23132], [-3.569177, 41.231203], [-3.56917, 41.230907], [-3.569234, 41.230777], [-3.569297, 41.230731], [-3.569361, 41.230691], [-3.569498, 41.230626], [-3.569533, 41.2306], [-3.569544, 41.230569], [-3.569532, 41.230539], [-3.569494, 41.230505], [-3.569393, 41.230449], [-3.569251, 41.230377], [-3.569169, 41.230342], [-3.569098, 41.230327], [-3.569053, 41.230338], [-3.569078, 41.230223], [-3.569104, 41.230243], [-3.569186, 41.230265], [-3.569307, 41.230311], [-3.569453, 41.23038], [-3.569569, 41.23044], [-3.569637, 41.230493], [-3.569658, 41.230557], [-3.569653, 41.230615], [-3.569637, 41.23065], [-3.569519, 41.230734], [-3.569423, 41.230769], [-3.569366, 41.230806], [-3.569336, 41.230827], [-3.56929, 41.230923], [-3.569297, 41.231216], [-3.569239, 41.231357], [-3.569025, 41.231618], [-3.568916, 41.231785], [-3.568736, 41.231998], [-3.56861, 41.232131], [-3.568462, 41.232288], [-3.568315, 41.23249], [-3.568258, 41.23256], [-3.568178, 41.232656], [-3.568, 41.232786], [-3.567944, 41.232831], [-3.567907, 41.232878], [-3.567896, 41.232898], [-3.56789, 41.232927], [-3.567894, 41.232966], [-3.567905, 41.233073], [-3.567926, 41.233149], [-3.567853, 41.233157], [-3.567767, 41.233234], [-3.567671, 41.233361], [-3.56764, 41.233389], [-3.567455, 41.233578], [-3.567299, 41.233698], [-3.567179, 41.233767], [-3.567065, 41.233837], [-3.567049, 41.233845], [-3.566898, 41.233932], [-3.566746, 41.234023], [-3.566528, 41.234153], [-3.5664, 41.234231], [-3.566235, 41.234356], [-3.566035, 41.234471], [-3.565935, 41.234514], [-3.565806, 41.234574], [-3.565661, 41.234643], [-3.565405, 41.234752], [-3.565356, 41.234778], [-3.565102, 41.234885], [-3.564874, 41.234952], [-3.564851, 41.234958], [-3.564817, 41.234966], [-3.564601, 41.235018], [-3.564433, 41.234971]]]}}, {"type": "Feature", "properties": {"ref": "40060A10709003", "nombre": "Camino de Riaza", "nombre_catastro": "CAMINO DE RIAZA", "tipo": "camino público", "clase": "camino", "municipio": "Cerezo de Arriba", "pueblo": "", "area_m2": 8899, "fuente": "Catastro · parcela de dominio público"}, "geometry": {"type": "Polygon", "coordinates": [[[-3.5503, 41.242109], [-3.550225, 41.242156], [-3.550154, 41.242266], [-3.550079, 41.24246], [-3.549962, 41.242773], [-3.549916, 41.243032], [-3.549902, 41.243115], [-3.549781, 41.243354], [-3.549641, 41.24358], [-3.549595, 41.243684], [-3.54948, 41.243937], [-3.549366, 41.244151], [-3.549241, 41.244247], [-3.549192, 41.244285], [-3.549057, 41.244373], [-3.548924, 41.244401], [-3.548906, 41.244407], [-3.548885, 41.244345], [-3.548941, 41.24431], [-3.549062, 41.244255], [-3.549193, 41.244174], [-3.549277, 41.244094], [-3.549358, 41.243944], [-3.549438, 41.243745], [-3.549486, 41.243623], [-3.549548, 41.243467], [-3.549752, 41.243156], [-3.549787, 41.243084], [-3.549816, 41.242961], [-3.549852, 41.242807], [-3.549886, 41.242662], [-3.549952, 41.242535], [-3.549985, 41.242435], [-3.550026, 41.242311], [-3.550037, 41.24224], [-3.550083, 41.242182], [-3.550142, 41.242109], [-3.550197, 41.242059], [-3.55022, 41.242019], [-3.550226, 41.242014], [-3.550279, 41.241967], [-3.550298, 41.241949], [-3.550326, 41.241924], [-3.550449, 41.241814], [-3.550536, 41.241782], [-3.550674, 41.241728], [-3.550832, 41.241649], [-3.550963, 41.241621], [-3.551122, 41.24162], [-3.551316, 41.241623], [-3.551321, 41.241623], [-3.551391, 41.241618], [-3.551534, 41.241609], [-3.55181, 41.241545], [-3.551878, 41.241508], [-3.552145, 41.241364], [-3.552335, 41.241238], [-3.552473, 41.241145], [-3.552505, 41.241124], [-3.552598, 41.241039], [-3.552779, 41.240852], [-3.552842, 41.240787], [-3.553196, 41.240632], [-3.553539, 41.240466], [-3.553825, 41.240379], [-3.554049, 41.240305], [-3.554083, 41.240288], [-3.554128, 41.240264], [-3.554302, 41.240198], [-3.554365, 41.240234], [-3.554446, 41.240194], [-3.55455, 41.240119], [-3.554606, 41.240084], [-3.554683, 41.240035], [-3.554757, 41.239996], [-3.554814, 41.239973], [-3.554916, 41.239933], [-3.55501, 41.239905], [-3.555085, 41.239883], [-3.555143, 41.239859], [-3.555313, 41.239799], [-3.55527, 41.239875], [-3.555262, 41.239888], [-3.555264, 41.239968], [-3.555215, 41.239944], [-3.55508, 41.239962], [-3.555074, 41.239963], [-3.555016, 41.239977], [-3.554996, 41.239983], [-3.554918, 41.240007], [-3.554771, 41.240088], [-3.554753, 41.240099], [-3.554555, 41.240246], [-3.554429, 41.240292], [-3.554309, 41.240356], [-3.55398, 41.240499], [-3.553949, 41.240512], [-3.553948, 41.240512], [-3.553763, 41.240552], [-3.553621, 41.240569], [-3.553606, 41.240561], [-3.553604, 41.24056], [-3.553268, 41.240721], [-3.552995, 41.24084], [-3.552808, 41.24101], [-3.552604, 41.241196], [-3.55228, 41.241412], [-3.55223, 41.241445], [-3.551978, 41.241582], [-3.551951, 41.241597], [-3.551934, 41.241607], [-3.551886, 41.241634], [-3.551722, 41.241726], [-3.551567, 41.241735], [-3.551286, 41.241722], [-3.551119, 41.241725], [-3.550958, 41.241743], [-3.550815, 41.241791], [-3.550654, 41.241846], [-3.550481, 41.241926], [-3.550423, 41.24197], [-3.550449, 41.241974], [-3.550431, 41.24199], [-3.550408, 41.242012], [-3.550384, 41.242034], [-3.5503, 41.242109]]]}}, {"type": "Feature", "properties": {"ref": "40060A00309017", "nombre": "Camino de Sotos de Sepulveda", "nombre_catastro": "CAMINO DE SOTOS DE SEPULVEDA", "tipo": "camino público", "clase": "camino", "municipio": "Cerezo de Arriba", "pueblo": "", "area_m2": 7080, "fuente": "Catastro · parcela de dominio público"}, "geometry": {"type": "Polygon", "coordinates": [[[-3.54689, 41.250088], [-3.546798, 41.250682], [-3.546681, 41.251021], [-3.546435, 41.251497], [-3.546293, 41.25203], [-3.546312, 41.252307], [-3.546343, 41.252505], [-3.546309, 41.253011], [-3.546442, 41.253412], [-3.546624, 41.254077], [-3.546822, 41.254587], [-3.547103, 41.255076], [-3.547506, 41.255843], [-3.547886, 41.256478], [-3.548102, 41.256923], [-3.54816, 41.25714], [-3.548206, 41.257536], [-3.54823, 41.257928], [-3.548211, 41.258206], [-3.548131, 41.258509], [-3.548057, 41.258804], [-3.547962, 41.258961], [-3.547898, 41.259112], [-3.547768, 41.259221], [-3.547522, 41.259372], [-3.547245, 41.259473], [-3.546941, 41.259653], [-3.546871, 41.259726], [-3.546839, 41.259862], [-3.546835, 41.259987], [-3.546856, 41.260095], [-3.546876, 41.260189], [-3.546855, 41.260277], [-3.546765, 41.260379], [-3.546571, 41.260489], [-3.546333, 41.260597], [-3.546249, 41.260477], [-3.546223, 41.260452], [-3.546548, 41.26044], [-3.546717, 41.260344], [-3.546793, 41.260258], [-3.546809, 41.260189], [-3.546791, 41.260103], [-3.546769, 41.25999], [-3.546773, 41.259857], [-3.546809, 41.259707], [-3.546893, 41.259619], [-3.54721, 41.25943], [-3.547487, 41.25933], [-3.547723, 41.259184], [-3.54784, 41.259087], [-3.547901, 41.258943], [-3.547993, 41.258789], [-3.548067, 41.2585], [-3.548146, 41.258199], [-3.548165, 41.257928], [-3.54814, 41.257539], [-3.548095, 41.257147], [-3.548038, 41.256937], [-3.547825, 41.256496], [-3.547445, 41.255862], [-3.547043, 41.255095], [-3.54676, 41.254604], [-3.54656, 41.254089], [-3.546378, 41.253423], [-3.546242, 41.253015], [-3.546277, 41.252506], [-3.546247, 41.252311], [-3.546227, 41.252026], [-3.546372, 41.251483], [-3.546619, 41.251006], [-3.546733, 41.250673], [-3.546801, 41.250237], [-3.54689, 41.250088]]]}}, {"type": "Feature", "properties": {"ref": "40060A10609013", "nombre": "Camino Valhondo", "nombre_catastro": "CAMINO VALHONDO", "tipo": "camino público", "clase": "camino", "municipio": "Cerezo de Arriba", "pueblo": "", "area_m2": 19832, "fuente": "Catastro · parcela de dominio público"}, "geometry": {"type": "Polygon", "coordinates": [[[-3.580029, 41.228464], [-3.580118, 41.228529], [-3.579891, 41.22884], [-3.579877, 41.228867], [-3.579804, 41.229008], [-3.579711, 41.229189], [-3.579623, 41.229366], [-3.57955, 41.229513], [-3.579388, 41.229829], [-3.57922, 41.230157], [-3.578917, 41.230384], [-3.578581, 41.230632], [-3.578414, 41.230756], [-3.578267, 41.230865], [-3.578196, 41.230902], [-3.578059, 41.230968], [-3.577813, 41.231089], [-3.577671, 41.231166], [-3.57757, 41.231221], [-3.577057, 41.23146], [-3.576682, 41.231646], [-3.576298, 41.231837], [-3.575917, 41.232024], [-3.575687, 41.232122], [-3.575477, 41.232214], [-3.575384, 41.232378], [-3.575288, 41.232551], [-3.575266, 41.232647], [-3.575202, 41.233036], [-3.57514, 41.233319], [-3.575119, 41.233534], [-3.575103, 41.233878], [-3.575118, 41.233937], [-3.575216, 41.234271], [-3.575379, 41.234859], [-3.575128, 41.234923], [-3.574938, 41.234972], [-3.574617, 41.235064], [-3.574413, 41.235123], [-3.57431, 41.235155], [-3.574144, 41.235208], [-3.573921, 41.235279], [-3.573711, 41.235364], [-3.57355, 41.235444], [-3.573474, 41.235493], [-3.573348, 41.235565], [-3.573317, 41.235583], [-3.573259, 41.235616], [-3.573169, 41.235682], [-3.572929, 41.235771], [-3.572864, 41.235795], [-3.571897, 41.236152], [-3.571865, 41.236166], [-3.571462, 41.236167], [-3.570239, 41.236172], [-3.5693, 41.236175], [-3.568242, 41.236179], [-3.567883, 41.23618], [-3.567798, 41.236199], [-3.567375, 41.236294], [-3.566589, 41.236471], [-3.565932, 41.236619], [-3.565182, 41.236788], [-3.565112, 41.236804], [-3.56488, 41.236806], [-3.564582, 41.236808], [-3.564027, 41.236813], [-3.564012, 41.236777], [-3.562735, 41.237093], [-3.562261, 41.237211], [-3.562248, 41.237157], [-3.563124, 41.236938], [-3.563988, 41.236723], [-3.564734, 41.236717], [-3.565094, 41.236714], [-3.565569, 41.236607], [-3.566155, 41.236475], [-3.566839, 41.236321], [-3.567267, 41.236225], [-3.567665, 41.236135], [-3.567865, 41.23609], [-3.568025, 41.236089], [-3.568524, 41.236087], [-3.569131, 41.236085], [-3.569549, 41.236084], [-3.571825, 41.236076], [-3.571858, 41.236066], [-3.573099, 41.235608], [-3.573181, 41.235548], [-3.573276, 41.235494], [-3.573368, 41.235441], [-3.573399, 41.235423], [-3.573478, 41.235372], [-3.573649, 41.235286], [-3.573869, 41.235198], [-3.574097, 41.235125], [-3.574128, 41.235115], [-3.574369, 41.235039], [-3.574575, 41.23498], [-3.574775, 41.234922], [-3.574897, 41.234887], [-3.57524, 41.234799], [-3.574982, 41.233886], [-3.574991, 41.233752], [-3.575009, 41.233473], [-3.575016, 41.233367], [-3.575019, 41.233313], [-3.575167, 41.232527], [-3.575383, 41.232152], [-3.575479, 41.232109], [-3.575854, 41.231944], [-3.575908, 41.231918], [-3.576199, 41.231775], [-3.576543, 41.231606], [-3.576895, 41.231433], [-3.577315, 41.231227], [-3.57811, 41.230837], [-3.578193, 41.230797], [-3.579117, 41.230108], [-3.57974, 41.228884], [-3.579782, 41.228808], [-3.580029, 41.228464]]]}}, {"type": "Feature", "properties": {"ref": "40223A01209003", "nombre": "Camino (sin nombre en Catastro)", "nombre_catastro": "CAMINO", "tipo": "camino público", "clase": "camino", "municipio": "Santo Tomé del Puerto", "pueblo": "", "area_m2": 1533, "fuente": "Catastro · parcela de dominio público"}, "geometry": {"type": "Polygon", "coordinates": [[[-3.587818, 41.198522], [-3.587794, 41.19852], [-3.587769, 41.198517], [-3.587437, 41.198134], [-3.587418, 41.198112], [-3.586913, 41.19756], [-3.586881, 41.197524], [-3.586586, 41.197197], [-3.586479, 41.197091], [-3.586371, 41.196979], [-3.586277, 41.196876], [-3.586203, 41.196806], [-3.586164, 41.196769], [-3.586124, 41.196726], [-3.586081, 41.19668], [-3.58605, 41.196644], [-3.585994, 41.196579], [-3.585947, 41.196525], [-3.585927, 41.196501], [-3.585868, 41.196447], [-3.585811, 41.196387], [-3.585741, 41.196324], [-3.585647, 41.196233], [-3.58554, 41.196129], [-3.585527, 41.196116], [-3.585484, 41.19607], [-3.585431, 41.196025], [-3.585429, 41.196024], [-3.585344, 41.195946], [-3.585324, 41.195932], [-3.585269, 41.195893], [-3.585206, 41.195847], [-3.585193, 41.195837], [-3.585093, 41.195766], [-3.584968, 41.195679], [-3.584875, 41.195615], [-3.584855, 41.1956], [-3.584821, 41.195573], [-3.584743, 41.195518], [-3.584725, 41.195506], [-3.584648, 41.195451], [-3.584569, 41.19539], [-3.584552, 41.195376], [-3.584527, 41.195354], [-3.584491, 41.195323], [-3.584482, 41.195315], [-3.584424, 41.195264], [-3.584369, 41.195212], [-3.584281, 41.195148], [-3.584273, 41.195142], [-3.584197, 41.195087], [-3.584191, 41.195083], [-3.584098, 41.195019], [-3.584019, 41.194966], [-3.584002, 41.194956], [-3.58401, 41.194943], [-3.584018, 41.19493], [-3.584043, 41.194946], [-3.584112, 41.194992], [-3.584122, 41.194999], [-3.584179, 41.195038], [-3.584215, 41.195063], [-3.584264, 41.195098], [-3.584297, 41.195122], [-3.584396, 41.195194], [-3.584452, 41.195247], [-3.58449, 41.19528], [-3.584518, 41.195305], [-3.584595, 41.195372], [-3.584673, 41.195432], [-3.584708, 41.195456], [-3.58475, 41.195486], [-3.584819, 41.195534], [-3.584846, 41.195554], [-3.5849, 41.195596], [-3.584983, 41.195653], [-3.584992, 41.195659], [-3.585117, 41.195746], [-3.585218, 41.195817], [-3.585294, 41.195874], [-3.58537, 41.195928], [-3.585458, 41.196008], [-3.585512, 41.196053], [-3.585539, 41.196082], [-3.585569, 41.196113], [-3.585632, 41.196174], [-3.585676, 41.196217], [-3.585748, 41.196286], [-3.585769, 41.196307], [-3.585839, 41.19637], [-3.585865, 41.196397], [-3.585897, 41.19643], [-3.585956, 41.196486], [-3.585972, 41.196504], [-3.586024, 41.196565], [-3.58607, 41.196618], [-3.586111, 41.196665], [-3.586165, 41.196723], [-3.586193, 41.196753], [-3.586222, 41.196781], [-3.586306, 41.19686], [-3.586333, 41.19689], [-3.5864, 41.196963], [-3.586482, 41.197049], [-3.586507, 41.197075], [-3.586615, 41.197181], [-3.586627, 41.197195], [-3.586836, 41.197426], [-3.586923, 41.197523], [-3.586943, 41.197544], [-3.587013, 41.197621], [-3.58712, 41.197739], [-3.587233, 41.197862], [-3.587466, 41.198118], [-3.587565, 41.198232], [-3.587818, 41.198522]]]}}, {"type": "Feature", "properties": {"ref": "40223A01209008", "nombre": "Camino (sin nombre en Catastro)", "nombre_catastro": "CAMINO", "tipo": "camino público", "clase": "camino", "municipio": "Santo Tomé del Puerto", "pueblo": "", "area_m2": 2691, "fuente": "Catastro · parcela de dominio público"}, "geometry": {"type": "Polygon", "coordinates": [[[-3.582601, 41.193813], [-3.582622, 41.193817], [-3.582657, 41.193819], [-3.582676, 41.193818], [-3.582687, 41.193816], [-3.582695, 41.193813], [-3.582702, 41.193809], [-3.582708, 41.193805], [-3.582713, 41.193801], [-3.582719, 41.193796], [-3.582724, 41.193791], [-3.582731, 41.193784], [-3.582745, 41.193767], [-3.582771, 41.19373], [-3.582729, 41.193938], [-3.582677, 41.193934], [-3.582644, 41.193938], [-3.582623, 41.193947], [-3.582608, 41.193958], [-3.582595, 41.193971], [-3.582584, 41.193986], [-3.582573, 41.194005], [-3.582564, 41.194026], [-3.582556, 41.19405], [-3.58255, 41.194075], [-3.582545, 41.194101], [-3.582542, 41.194128], [-3.58254, 41.194156], [-3.582539, 41.194184], [-3.582538, 41.194213], [-3.582539, 41.194241], [-3.582541, 41.19427], [-3.582544, 41.194297], [-3.582548, 41.194324], [-3.582553, 41.19435], [-3.582561, 41.194376], [-3.582574, 41.194406], [-3.582592, 41.19444], [-3.582619, 41.194485], [-3.58261, 41.194528], [-3.582597, 41.194593], [-3.582569, 41.194517], [-3.582541, 41.19446], [-3.582518, 41.194418], [-3.582501, 41.194384], [-3.582495, 41.19437], [-3.582488, 41.194355], [-3.582479, 41.194327], [-3.582472, 41.1943], [-3.582466, 41.194273], [-3.582463, 41.194248], [-3.582461, 41.194225], [-3.58246, 41.194203], [-3.582461, 41.19418], [-3.582462, 41.194154], [-3.582465, 41.194126], [-3.582468, 41.194099], [-3.582473, 41.194073], [-3.582479, 41.194048], [-3.582488, 41.194024], [-3.582498, 41.194001], [-3.582512, 41.193977], [-3.582531, 41.193951], [-3.582555, 41.193923], [-3.582589, 41.193891], [-3.582437, 41.193846], [-3.582418, 41.193841], [-3.58234, 41.193819], [-3.582214, 41.193783], [-3.582208, 41.193781], [-3.582197, 41.193778], [-3.582054, 41.193739], [-3.582, 41.193724], [-3.581816, 41.19366], [-3.581727, 41.193626], [-3.581716, 41.19362], [-3.581702, 41.193611], [-3.581596, 41.193551], [-3.581515, 41.193466], [-3.581408, 41.193353], [-3.581294, 41.193239], [-3.581201, 41.193135], [-3.581112, 41.193041], [-3.581014, 41.192938], [-3.580963, 41.192907], [-3.580892, 41.192866], [-3.580853, 41.192839], [-3.580815, 41.192804], [-3.580793, 41.192778], [-3.580778, 41.192731], [-3.58073, 41.19263], [-3.580722, 41.192618], [-3.580582, 41.192413], [-3.580654, 41.192385], [-3.580721, 41.19236], [-3.580807, 41.192514], [-3.58082, 41.192537], [-3.580845, 41.192575], [-3.580959, 41.19274], [-3.58105, 41.192858], [-3.581066, 41.192879], [-3.581167, 41.192995], [-3.581261, 41.193086], [-3.581338, 41.193153], [-3.581357, 41.193169], [-3.581462, 41.193269], [-3.5816, 41.193427], [-3.581751, 41.193548], [-3.581795, 41.193573], [-3.581869, 41.193616], [-3.582004, 41.193672], [-3.58211, 41.193703], [-3.582211, 41.193728], [-3.582307, 41.193752], [-3.582395, 41.193775], [-3.582601, 41.193813]]]}}, {"type": "Feature", "properties": {"ref": "40223A01209012", "nombre": "Camino (sin nombre en Catastro)", "nombre_catastro": "CAMINO", "tipo": "camino público", "clase": "camino", "municipio": "Santo Tomé del Puerto", "pueblo": "", "area_m2": 488, "fuente": "Catastro · parcela de dominio público"}, "geometry": {"type": "Polygon", "coordinates": [[[-3.591922, 41.192099], [-3.591916, 41.192118], [-3.591913, 41.192128], [-3.591835, 41.192159], [-3.591563, 41.192254], [-3.591475, 41.19228], [-3.591368, 41.192309], [-3.591264, 41.192335], [-3.591163, 41.192357], [-3.591069, 41.192372], [-3.591026, 41.192378], [-3.59099, 41.192384], [-3.590882, 41.192396], [-3.590723, 41.19241], [-3.590687, 41.192414], [-3.590619, 41.192421], [-3.590597, 41.192424], [-3.590499, 41.192438], [-3.590432, 41.192446], [-3.590391, 41.192451], [-3.590257, 41.192464], [-3.590152, 41.192474], [-3.590057, 41.192481], [-3.589964, 41.192488], [-3.589881, 41.192493], [-3.589667, 41.192503], [-3.58966, 41.192475], [-3.589804, 41.192473], [-3.59001, 41.192462], [-3.590174, 41.192453], [-3.590188, 41.192452], [-3.590318, 41.192438], [-3.590445, 41.192425], [-3.590466, 41.192423], [-3.590643, 41.192396], [-3.590709, 41.192389], [-3.590925, 41.192366], [-3.590981, 41.19236], [-3.59111, 41.192345], [-3.591142, 41.192338], [-3.591279, 41.192306], [-3.591356, 41.192287], [-3.591373, 41.192283], [-3.59154, 41.192235], [-3.591564, 41.192229], [-3.591723, 41.192175], [-3.591922, 41.192099]]]}}, {"type": "Feature", "properties": {"ref": "40223A01209013", "nombre": "Camino (sin nombre en Catastro)", "nombre_catastro": "CAMINO", "tipo": "camino público", "clase": "camino", "municipio": "Santo Tomé del Puerto", "pueblo": "", "area_m2": 431, "fuente": "Catastro · parcela de dominio público"}, "geometry": {"type": "Polygon", "coordinates": [[[-3.583614, 41.194666], [-3.583641, 41.194687], [-3.583634, 41.194698], [-3.583628, 41.19471], [-3.583601, 41.194689], [-3.583562, 41.194658], [-3.583504, 41.194612], [-3.583448, 41.194565], [-3.58343, 41.19454], [-3.583398, 41.194515], [-3.583344, 41.194465], [-3.583339, 41.19446], [-3.583275, 41.194409], [-3.583215, 41.194363], [-3.583171, 41.194321], [-3.583141, 41.194295], [-3.583093, 41.194256], [-3.583039, 41.194218], [-3.582997, 41.194183], [-3.582977, 41.194155], [-3.582962, 41.194118], [-3.58295, 41.194064], [-3.582856, 41.193947], [-3.58286, 41.193922], [-3.582866, 41.193895], [-3.582886, 41.193917], [-3.582891, 41.193923], [-3.582898, 41.193921], [-3.582986, 41.193901], [-3.582972, 41.193918], [-3.582963, 41.19394], [-3.582962, 41.193964], [-3.582967, 41.193994], [-3.582964, 41.194003], [-3.583008, 41.194051], [-3.583009, 41.194118], [-3.583013, 41.194134], [-3.583025, 41.194152], [-3.583041, 41.194169], [-3.583072, 41.194192], [-3.583096, 41.194211], [-3.583173, 41.194279], [-3.583236, 41.194327], [-3.583284, 41.194365], [-3.583323, 41.194404], [-3.583395, 41.194458], [-3.58346, 41.194521], [-3.583489, 41.194557], [-3.583504, 41.194577], [-3.583614, 41.194666]]]}}, {"type": "Feature", "properties": {"ref": "40223A01209014", "nombre": "Camino (sin nombre en Catastro)", "nombre_catastro": "CAMINO", "tipo": "camino público", "clase": "camino", "municipio": "Santo Tomé del Puerto", "pueblo": "", "area_m2": 8694, "fuente": "Catastro · parcela de dominio público"}, "geometry": {"type": "Polygon", "coordinates": [[[-3.590582, 41.196164], [-3.590585, 41.196222], [-3.590576, 41.196373], [-3.590553, 41.196535], [-3.59054, 41.19668], [-3.590525, 41.196794], [-3.590516, 41.196937], [-3.590514, 41.197069], [-3.590518, 41.197196], [-3.590516, 41.197304], [-3.590503, 41.197421], [-3.590497, 41.197463], [-3.59049, 41.197581], [-3.590477, 41.197706], [-3.590469, 41.197829], [-3.590458, 41.198005], [-3.590441, 41.198212], [-3.590435, 41.198358], [-3.590425, 41.198495], [-3.590413, 41.198585], [-3.590403, 41.198643], [-3.59039, 41.19869], [-3.590383, 41.198725], [-3.590365, 41.198747], [-3.590342, 41.198766], [-3.590318, 41.198778], [-3.590218, 41.198786], [-3.59011, 41.198794], [-3.590216, 41.19882], [-3.590278, 41.198836], [-3.589889, 41.19882], [-3.589602, 41.198819], [-3.589351, 41.198814], [-3.589179, 41.1988], [-3.589019, 41.198788], [-3.588877, 41.198766], [-3.588717, 41.19874], [-3.588566, 41.198715], [-3.588455, 41.198691], [-3.588412, 41.198682], [-3.587997, 41.198672], [-3.588002, 41.198622], [-3.587986, 41.198621], [-3.587969, 41.19862], [-3.587964, 41.198665], [-3.587789, 41.198628], [-3.587657, 41.1986], [-3.587561, 41.198579], [-3.587509, 41.198574], [-3.58744, 41.198567], [-3.587314, 41.198554], [-3.58718, 41.19854], [-3.587017, 41.198524], [-3.586787, 41.1985], [-3.586536, 41.198474], [-3.586358, 41.198455], [-3.586281, 41.198448], [-3.586267, 41.198446], [-3.586183, 41.198437], [-3.586014, 41.198418], [-3.585853, 41.198401], [-3.585655, 41.198379], [-3.585456, 41.198357], [-3.585281, 41.198338], [-3.58514, 41.198323], [-3.58507, 41.198316], [-3.584851, 41.198293], [-3.58464, 41.198272], [-3.584453, 41.198252], [-3.584353, 41.198242], [-3.584238, 41.198231], [-3.583973, 41.198206], [-3.583628, 41.198176], [-3.583452, 41.198169], [-3.583262, 41.198167], [-3.582946, 41.198161], [-3.582747, 41.198153], [-3.582537, 41.198163], [-3.582403, 41.198168], [-3.582322, 41.198172], [-3.582197, 41.198173], [-3.582203, 41.198148], [-3.582209, 41.198124], [-3.582278, 41.198132], [-3.582316, 41.198129], [-3.582348, 41.198121], [-3.58237, 41.198108], [-3.582379, 41.198102], [-3.582403, 41.198102], [-3.582429, 41.198102], [-3.582443, 41.198102], [-3.582718, 41.198107], [-3.583131, 41.198108], [-3.583531, 41.198118], [-3.583845, 41.19814], [-3.584376, 41.198187], [-3.584473, 41.198194], [-3.584712, 41.19821], [-3.584883, 41.198221], [-3.584918, 41.198223], [-3.585066, 41.198238], [-3.585246, 41.198255], [-3.585391, 41.198269], [-3.58554, 41.198283], [-3.585836, 41.198311], [-3.585841, 41.198312], [-3.586294, 41.198358], [-3.587042, 41.198435], [-3.587769, 41.198517], [-3.587794, 41.19852], [-3.587818, 41.198522], [-3.587892, 41.198531], [-3.587978, 41.198539], [-3.588194, 41.19856], [-3.588604, 41.1986], [-3.588773, 41.198616], [-3.588906, 41.198629], [-3.589012, 41.198639], [-3.589051, 41.198643], [-3.589126, 41.198651], [-3.589323, 41.198672], [-3.589479, 41.198688], [-3.589684, 41.19871], [-3.58991, 41.198733], [-3.589969, 41.198733], [-3.590055, 41.198731], [-3.590194, 41.198728], [-3.590238, 41.198727], [-3.590297, 41.19872], [-3.590342, 41.198694], [-3.590371, 41.19866], [-3.590384, 41.198583], [-3.590393, 41.198305], [-3.590413, 41.198029], [-3.590417, 41.197986], [-3.590446, 41.197488], [-3.590449, 41.197432], [-3.590455, 41.197306], [-3.590457, 41.197245], [-3.59046, 41.197196], [-3.590467, 41.197027], [-3.590482, 41.196794], [-3.590487, 41.196711], [-3.590488, 41.196686], [-3.590498, 41.19654], [-3.5905, 41.196519], [-3.590502, 41.196471], [-3.590504, 41.196425], [-3.590507, 41.196404], [-3.590525, 41.196301], [-3.590531, 41.196264], [-3.590553, 41.196117], [-3.590545, 41.196047], [-3.59053, 41.195913], [-3.590522, 41.195877], [-3.590508, 41.195857], [-3.590488, 41.19584], [-3.59047, 41.195831], [-3.590429, 41.195819], [-3.590366, 41.195794], [-3.590289, 41.195756], [-3.590215, 41.195712], [-3.590163, 41.195668], [-3.590108, 41.195612], [-3.590091, 41.195591], [-3.590077, 41.195571], [-3.590032, 41.19551], [-3.59001, 41.195466], [-3.589993, 41.195406], [-3.589989, 41.195375], [-3.589987, 41.195358], [-3.589955, 41.195242], [-3.589919, 41.19513], [-3.589908, 41.195096], [-3.589869, 41.194908], [-3.589853, 41.194831], [-3.589844, 41.194792], [-3.589836, 41.19475], [-3.589816, 41.194647], [-3.5898, 41.194571], [-3.589803, 41.194525], [-3.589807, 41.194489], [-3.589818, 41.194445], [-3.589849, 41.194391], [-3.589875, 41.194352], [-3.589897, 41.194327], [-3.589929, 41.1943], [-3.59, 41.194251], [-3.590061, 41.194213], [-3.590147, 41.194164], [-3.590273, 41.194096], [-3.590279, 41.194111], [-3.590286, 41.19413], [-3.590197, 41.194181], [-3.590134, 41.194217], [-3.590077, 41.194256], [-3.590017, 41.194297], [-3.589967, 41.194335], [-3.589921, 41.194375], [-3.58989, 41.194408], [-3.589874, 41.194438], [-3.589862, 41.194462], [-3.589853, 41.194505], [-3.58985, 41.194548], [-3.589858, 41.194605], [-3.58987, 41.194679], [-3.58989, 41.194789], [-3.589908, 41.194872], [-3.589912, 41.194893], [-3.589924, 41.194955], [-3.589949, 41.195052], [-3.589988, 41.195209], [-3.590021, 41.195341], [-3.590031, 41.195389], [-3.590053, 41.195428], [-3.590063, 41.195456], [-3.590093, 41.195515], [-3.590117, 41.195554], [-3.590152, 41.195598], [-3.590165, 41.195612], [-3.590201, 41.195641], [-3.590256, 41.195678], [-3.590321, 41.195718], [-3.590387, 41.195759], [-3.590439, 41.195786], [-3.590486, 41.195808], [-3.590516, 41.195824], [-3.59054, 41.195851], [-3.59056, 41.195885], [-3.590566, 41.195933], [-3.590578, 41.196084], [-3.590582, 41.196164]]]}}, {"type": "Feature", "properties": {"ref": "40223A01309007", "nombre": "Camino (sin nombre en Catastro)", "nombre_catastro": "CAMINO", "tipo": "camino público", "clase": "camino", "municipio": "Santo Tomé del Puerto", "pueblo": "", "area_m2": 294, "fuente": "Catastro · parcela de dominio público"}, "geometry": {"type": "Polygon", "coordinates": [[[-3.592637, 41.191509], [-3.592557, 41.191572], [-3.592515, 41.191613], [-3.592479, 41.191653], [-3.592449, 41.191688], [-3.59242, 41.191726], [-3.592402, 41.191753], [-3.59237, 41.191807], [-3.592334, 41.191855], [-3.592313, 41.191879], [-3.592274, 41.19192], [-3.59223, 41.191959], [-3.592178, 41.191996], [-3.592118, 41.192032], [-3.592065, 41.192061], [-3.59201, 41.192085], [-3.591968, 41.192104], [-3.591959, 41.192098], [-3.591963, 41.192087], [-3.591969, 41.192069], [-3.592037, 41.192038], [-3.592081, 41.192013], [-3.59213, 41.191982], [-3.592174, 41.191949], [-3.592212, 41.191917], [-3.592265, 41.191866], [-3.592321, 41.191804], [-3.592361, 41.191752], [-3.592397, 41.191701], [-3.592437, 41.191649], [-3.592497, 41.191582], [-3.592543, 41.191539], [-3.592637, 41.191509]]]}}, {"type": "Feature", "properties": {"ref": "40223A01509013", "nombre": "Camino (sin nombre en Catastro)", "nombre_catastro": "CAMINO", "tipo": "camino público", "clase": "camino", "municipio": "Santo Tomé del Puerto", "pueblo": "", "area_m2": 8421, "fuente": "Catastro · parcela de dominio público"}, "geometry": {"type": "Polygon", "coordinates": [[[-3.586283, 41.191965], [-3.58621, 41.191965], [-3.586143, 41.191965], [-3.58595, 41.191878], [-3.58581, 41.191819], [-3.585671, 41.191739], [-3.585571, 41.19165], [-3.585519, 41.191551], [-3.585458, 41.191402], [-3.58544, 41.191273], [-3.585371, 41.19066], [-3.585312, 41.190191], [-3.58526, 41.189916], [-3.585212, 41.189852], [-3.585138, 41.189495], [-3.585072, 41.189055], [-3.585001, 41.188535], [-3.584967, 41.188224], [-3.584965, 41.188038], [-3.584974, 41.18786], [-3.58499, 41.187557], [-3.585018, 41.187238], [-3.58507, 41.186833], [-3.585131, 41.186358], [-3.585175, 41.18589], [-3.58522, 41.185321], [-3.585245, 41.184995], [-3.585277, 41.185138], [-3.585307, 41.185272], [-3.585367, 41.185384], [-3.585396, 41.185452], [-3.585424, 41.185528], [-3.585451, 41.185606], [-3.585466, 41.185684], [-3.585481, 41.185757], [-3.585477, 41.185836], [-3.585475, 41.18588], [-3.585461, 41.185929], [-3.585445, 41.185975], [-3.585408, 41.18606], [-3.585333, 41.186201], [-3.58521, 41.186404], [-3.585154, 41.186839], [-3.585101, 41.187243], [-3.585086, 41.187417], [-3.58508, 41.187484], [-3.585073, 41.18756], [-3.585068, 41.18766], [-3.585057, 41.187862], [-3.585057, 41.187869], [-3.585049, 41.188039], [-3.585051, 41.188222], [-3.585069, 41.188388], [-3.585084, 41.188529], [-3.585101, 41.188651], [-3.585127, 41.188839], [-3.585672, 41.189744], [-3.585565, 41.189784], [-3.585472, 41.18982], [-3.585196, 41.189321], [-3.58522, 41.189486], [-3.585292, 41.189831], [-3.58531, 41.189855], [-3.585323, 41.189871], [-3.585329, 41.18988], [-3.585341, 41.189895], [-3.585342, 41.189903], [-3.585345, 41.189919], [-3.585358, 41.189984], [-3.585395, 41.190184], [-3.585398, 41.190208], [-3.585418, 41.190368], [-3.585454, 41.190654], [-3.585484, 41.190923], [-3.585516, 41.191202], [-3.585523, 41.191267], [-3.58554, 41.191389], [-3.585597, 41.19153], [-3.585643, 41.191617], [-3.585659, 41.191631], [-3.585729, 41.191693], [-3.585856, 41.191767], [-3.585986, 41.191821], [-3.585992, 41.191824], [-3.586045, 41.19185], [-3.586125, 41.191888], [-3.586283, 41.191965]]]}}, {"type": "Feature", "properties": {"ref": "40223A00209010", "nombre": "Camino (sin nombre en Catastro)", "nombre_catastro": "CAMINO", "tipo": "camino público", "clase": "camino", "municipio": "Santo Tomé del Puerto", "pueblo": "", "area_m2": 4124, "fuente": "Catastro · parcela de dominio público"}, "geometry": {"type": "Polygon", "coordinates": [[[-3.582747, 41.198153], [-3.582678, 41.198174], [-3.582629, 41.198191], [-3.582588, 41.198205], [-3.582566, 41.198222], [-3.582544, 41.198252], [-3.58251, 41.198291], [-3.582477, 41.19832], [-3.582443, 41.198351], [-3.582382, 41.198381], [-3.582365, 41.198389], [-3.58235, 41.198397], [-3.58232, 41.198422], [-3.582282, 41.198466], [-3.582226, 41.19864], [-3.582164, 41.198947], [-3.582126, 41.199149], [-3.582107, 41.199252], [-3.582108, 41.19938], [-3.582131, 41.19953], [-3.582159, 41.199581], [-3.58218, 41.199629], [-3.582201, 41.199698], [-3.582122, 41.199805], [-3.5821, 41.199834], [-3.582062, 41.199931], [-3.581981, 41.200087], [-3.581934, 41.200183], [-3.581895, 41.200315], [-3.581875, 41.200417], [-3.581824, 41.200675], [-3.581808, 41.20077], [-3.581766, 41.201014], [-3.581759, 41.201053], [-3.581673, 41.201437], [-3.581557, 41.201955], [-3.581527, 41.202119], [-3.581436, 41.202608], [-3.581382, 41.202899], [-3.581366, 41.202984], [-3.581343, 41.203105], [-3.581318, 41.203234], [-3.581294, 41.203361], [-3.581262, 41.203529], [-3.581244, 41.20364], [-3.581223, 41.203769], [-3.581188, 41.203988], [-3.581182, 41.204024], [-3.581095, 41.204655], [-3.581081, 41.204738], [-3.581038, 41.204986], [-3.581021, 41.205084], [-3.581021, 41.20517], [-3.580992, 41.205172], [-3.580962, 41.205174], [-3.580961, 41.205081], [-3.581036, 41.20465], [-3.581122, 41.204019], [-3.581203, 41.203523], [-3.581323, 41.202892], [-3.581498, 41.201948], [-3.5817, 41.201047], [-3.581765, 41.200669], [-3.581836, 41.200307], [-3.581877, 41.20017], [-3.581925, 41.200071], [-3.582005, 41.199916], [-3.582048, 41.19981], [-3.58206, 41.199779], [-3.582137, 41.19969], [-3.582122, 41.199641], [-3.582103, 41.199596], [-3.582073, 41.199541], [-3.582048, 41.199383], [-3.582047, 41.199249], [-3.582105, 41.198942], [-3.582168, 41.198631], [-3.582227, 41.198448], [-3.582273, 41.198394], [-3.582335, 41.198341], [-3.582386, 41.198305], [-3.58242, 41.198279], [-3.582447, 41.198254], [-3.582458, 41.198231], [-3.582458, 41.19822], [-3.582437, 41.198194], [-3.582403, 41.198168], [-3.582537, 41.198163], [-3.582747, 41.198153]]]}}, {"type": "Feature", "properties": {"ref": "40223A00209011", "nombre": "Camino (sin nombre en Catastro)", "nombre_catastro": "CAMINO", "tipo": "camino público", "clase": "camino", "municipio": "Santo Tomé del Puerto", "pueblo": "", "area_m2": 6310, "fuente": "Catastro · parcela de dominio público"}, "geometry": {"type": "Polygon", "coordinates": [[[-3.581531, 41.198101], [-3.581587, 41.198152], [-3.581588, 41.198281], [-3.581556, 41.198424], [-3.581481, 41.198896], [-3.581399, 41.199267], [-3.581321, 41.199579], [-3.581318, 41.199593], [-3.581321, 41.199608], [-3.581351, 41.199765], [-3.58137, 41.199946], [-3.581301, 41.200358], [-3.581215, 41.200812], [-3.581112, 41.201377], [-3.581015, 41.201887], [-3.580871, 41.202533], [-3.580756, 41.203108], [-3.580688, 41.203524], [-3.580613, 41.203834], [-3.580469, 41.204319], [-3.580413, 41.204556], [-3.580392, 41.204731], [-3.580371, 41.204921], [-3.580317, 41.205096], [-3.580272, 41.205213], [-3.580217, 41.205382], [-3.580205, 41.205573], [-3.580204, 41.205608], [-3.580177, 41.205638], [-3.580152, 41.205666], [-3.580128, 41.205691], [-3.580142, 41.205592], [-3.580146, 41.205569], [-3.580151, 41.205481], [-3.580158, 41.205375], [-3.580198, 41.205252], [-3.580215, 41.205202], [-3.580259, 41.205085], [-3.58026, 41.205081], [-3.580238, 41.205057], [-3.580236, 41.205052], [-3.580223, 41.205022], [-3.580215, 41.20499], [-3.580211, 41.204934], [-3.580215, 41.204882], [-3.580219, 41.204838], [-3.580224, 41.204772], [-3.580226, 41.204741], [-3.580242, 41.204632], [-3.580266, 41.204501], [-3.580299, 41.204388], [-3.580274, 41.204344], [-3.580226, 41.204251], [-3.580202, 41.204181], [-3.580166, 41.204076], [-3.580152, 41.204009], [-3.580133, 41.203903], [-3.580128, 41.203883], [-3.580214, 41.20386], [-3.580312, 41.20384], [-3.580398, 41.203824], [-3.580464, 41.203817], [-3.58051, 41.20381], [-3.580558, 41.203809], [-3.580622, 41.203547], [-3.580629, 41.203518], [-3.580675, 41.203236], [-3.580694, 41.203121], [-3.580697, 41.203102], [-3.580735, 41.202915], [-3.58076, 41.202788], [-3.580795, 41.202612], [-3.580812, 41.202526], [-3.580858, 41.202321], [-3.58089, 41.202178], [-3.580934, 41.201979], [-3.580956, 41.20188], [-3.581009, 41.201603], [-3.581034, 41.201475], [-3.581053, 41.201371], [-3.581071, 41.201275], [-3.581138, 41.200905], [-3.581156, 41.200806], [-3.581177, 41.200698], [-3.581221, 41.200464], [-3.581242, 41.200352], [-3.581252, 41.200294], [-3.581301, 41.199999], [-3.58131, 41.199945], [-3.581292, 41.19977], [-3.581261, 41.199612], [-3.581257, 41.199592], [-3.58126, 41.19958], [-3.58134, 41.199259], [-3.581385, 41.199058], [-3.581422, 41.198889], [-3.58146, 41.198652], [-3.581482, 41.198404], [-3.581483, 41.198394], [-3.581486, 41.19837], [-3.581489, 41.198354], [-3.581489, 41.198352], [-3.58151, 41.198247], [-3.581522, 41.198184], [-3.581522, 41.198163], [-3.581523, 41.19815], [-3.581526, 41.198131], [-3.581531, 41.198101]]]}}, {"type": "Feature", "properties": {"ref": "40223A00209012", "nombre": "Camino (sin nombre en Catastro)", "nombre_catastro": "CAMINO", "tipo": "camino público", "clase": "camino", "municipio": "Santo Tomé del Puerto", "pueblo": "", "area_m2": 117, "fuente": "Catastro · parcela de dominio público"}, "geometry": {"type": "Polygon", "coordinates": [[[-3.576637, 41.196713], [-3.576665, 41.196736], [-3.576658, 41.196741], [-3.57665, 41.196748], [-3.576615, 41.196719], [-3.576609, 41.196714], [-3.576572, 41.196677], [-3.576562, 41.196665], [-3.576534, 41.196632], [-3.576507, 41.196596], [-3.576485, 41.196566], [-3.576476, 41.19655], [-3.576427, 41.19646], [-3.576407, 41.196421], [-3.576364, 41.19634], [-3.576346, 41.196311], [-3.576316, 41.196264], [-3.576295, 41.196244], [-3.576278, 41.196232], [-3.576262, 41.196223], [-3.576275, 41.196218], [-3.576259, 41.196202], [-3.576262, 41.1962], [-3.576278, 41.196211], [-3.5763, 41.196227], [-3.576325, 41.19625], [-3.576344, 41.196271], [-3.576394, 41.196357], [-3.576436, 41.196437], [-3.57646, 41.196483], [-3.5765, 41.196552], [-3.576541, 41.196608], [-3.57659, 41.196664], [-3.576594, 41.196668], [-3.576637, 41.196713]]]}}, {"type": "Feature", "properties": {"ref": "40223A00309002", "nombre": "Camino (sin nombre en Catastro)", "nombre_catastro": "CAMINO", "tipo": "camino público", "clase": "camino", "municipio": "Santo Tomé del Puerto", "pueblo": "", "area_m2": 2827, "fuente": "Catastro · parcela de dominio público"}, "geometry": {"type": "Polygon", "coordinates": [[[-3.570246, 41.200496], [-3.570281, 41.200499], [-3.5702, 41.200677], [-3.570137, 41.200806], [-3.570042, 41.201001], [-3.569987, 41.201078], [-3.569874, 41.201232], [-3.569832, 41.201278], [-3.569638, 41.201489], [-3.569609, 41.20152], [-3.569507, 41.201627], [-3.569377, 41.201759], [-3.569135, 41.202003], [-3.569089, 41.202046], [-3.56878, 41.202336], [-3.568615, 41.202467], [-3.568558, 41.202512], [-3.568291, 41.202649], [-3.568072, 41.20276], [-3.567886, 41.202869], [-3.567603, 41.203034], [-3.567542, 41.203067], [-3.567116, 41.203295], [-3.567093, 41.203305], [-3.567064, 41.20331], [-3.567041, 41.203313], [-3.567046, 41.203285], [-3.567055, 41.203235], [-3.567542, 41.202969], [-3.5676, 41.202936], [-3.568002, 41.202708], [-3.568226, 41.202599], [-3.568406, 41.202512], [-3.568416, 41.202506], [-3.568551, 41.202421], [-3.568613, 41.202381], [-3.56864, 41.202357], [-3.568716, 41.202288], [-3.568779, 41.202233], [-3.56884, 41.202178], [-3.568888, 41.202135], [-3.568921, 41.202105], [-3.568976, 41.202056], [-3.569044, 41.201994], [-3.569129, 41.201917], [-3.569198, 41.201856], [-3.569275, 41.201785], [-3.569328, 41.201738], [-3.569341, 41.201725], [-3.569492, 41.201565], [-3.56959, 41.201462], [-3.569628, 41.201423], [-3.569689, 41.201361], [-3.569757, 41.201282], [-3.569825, 41.201205], [-3.569863, 41.201148], [-3.569977, 41.20098], [-3.570005, 41.200922], [-3.570128, 41.200669], [-3.570133, 41.200659], [-3.570207, 41.200494], [-3.570246, 41.200496]]]}}, {"type": "Feature", "properties": {"ref": "40223A00209001", "nombre": "Camino Cerezo Abajo-Rosuero", "nombre_catastro": "CAMINO CEREZO ABAJO-ROSUERO", "tipo": "camino público", "clase": "camino", "municipio": "Santo Tomé del Puerto", "pueblo": "", "area_m2": 3926, "fuente": "Catastro · parcela de dominio público"}, "geometry": {"type": "Polygon", "coordinates": [[[-3.576749, 41.208803], [-3.576717, 41.208787], [-3.576689, 41.208773], [-3.576683, 41.20877], [-3.576663, 41.208738], [-3.576629, 41.20866], [-3.576617, 41.208613], [-3.576611, 41.208568], [-3.576607, 41.208543], [-3.576602, 41.208432], [-3.576617, 41.208309], [-3.576637, 41.208128], [-3.576632, 41.208007], [-3.576626, 41.207977], [-3.576605, 41.207932], [-3.576579, 41.20788], [-3.576561, 41.20782], [-3.576551, 41.207772], [-3.576531, 41.207731], [-3.57648, 41.207664], [-3.576376, 41.207546], [-3.576191, 41.207336], [-3.576023, 41.207153], [-3.575796, 41.20692], [-3.575628, 41.206754], [-3.57551, 41.206637], [-3.575388, 41.20651], [-3.575275, 41.206393], [-3.575206, 41.206332], [-3.575052, 41.206201], [-3.574892, 41.206065], [-3.574811, 41.205989], [-3.574739, 41.205916], [-3.574693, 41.205871], [-3.574648, 41.205843], [-3.574535, 41.20578], [-3.574458, 41.205735], [-3.574364, 41.205666], [-3.574218, 41.205551], [-3.574068, 41.205448], [-3.573955, 41.205381], [-3.573895, 41.205343], [-3.573853, 41.205312], [-3.573799, 41.205264], [-3.57368, 41.205168], [-3.573612, 41.205117], [-3.573541, 41.205063], [-3.573383, 41.204947], [-3.573221, 41.204836], [-3.573086, 41.204753], [-3.572977, 41.204694], [-3.572802, 41.204609], [-3.572772, 41.204597], [-3.572649, 41.204547], [-3.572507, 41.204499], [-3.572392, 41.204474], [-3.572315, 41.204463], [-3.572292, 41.204445], [-3.572231, 41.204361], [-3.572172, 41.204274], [-3.572131, 41.204209], [-3.572089, 41.204154], [-3.572046, 41.204102], [-3.572005, 41.204047], [-3.571959, 41.20398], [-3.571911, 41.203889], [-3.57188, 41.203815], [-3.571866, 41.203782], [-3.571836, 41.203711], [-3.571802, 41.2036], [-3.571775, 41.203508], [-3.571767, 41.203471], [-3.571746, 41.203381], [-3.571738, 41.203354], [-3.571723, 41.2033], [-3.571704, 41.203257], [-3.571687, 41.203216], [-3.571658, 41.203152], [-3.571636, 41.203101], [-3.571601, 41.203022], [-3.571592, 41.202994], [-3.571563, 41.202902], [-3.571549, 41.202857], [-3.571531, 41.202799], [-3.571503, 41.202694], [-3.571487, 41.202618], [-3.571463, 41.202534], [-3.57144, 41.202472], [-3.571419, 41.202396], [-3.571411, 41.202333], [-3.571412, 41.202301], [-3.571416, 41.202217], [-3.571412, 41.202147], [-3.57141, 41.202104], [-3.571391, 41.202018], [-3.571372, 41.201958], [-3.571346, 41.201904], [-3.57134, 41.201892], [-3.57129, 41.201799], [-3.571228, 41.201666], [-3.57121, 41.201624], [-3.571174, 41.201538], [-3.571127, 41.201434], [-3.571107, 41.201396], [-3.571068, 41.201321], [-3.570981, 41.201183], [-3.570965, 41.201159], [-3.570918, 41.201089], [-3.570859, 41.201016], [-3.570748, 41.20088], [-3.570683, 41.200801], [-3.570553, 41.200647], [-3.570458, 41.200536], [-3.570446, 41.200522], [-3.57033, 41.200406], [-3.570343, 41.200378], [-3.570356, 41.20035], [-3.570477, 41.200508], [-3.570714, 41.200786], [-3.570857, 41.200961], [-3.570871, 41.200979], [-3.570926, 41.201044], [-3.570982, 41.201115], [-3.571032, 41.201192], [-3.571082, 41.20127], [-3.57113, 41.201358], [-3.571155, 41.201415], [-3.571162, 41.201431], [-3.571195, 41.201512], [-3.571211, 41.201558], [-3.57122, 41.201582], [-3.571247, 41.201643], [-3.571263, 41.201678], [-3.571273, 41.201701], [-3.571305, 41.201765], [-3.571329, 41.201811], [-3.571357, 41.201855], [-3.571364, 41.201869], [-3.571385, 41.201915], [-3.571401, 41.201949], [-3.571405, 41.201959], [-3.571422, 41.202015], [-3.571431, 41.202061], [-3.571433, 41.202074], [-3.571441, 41.202134], [-3.571442, 41.202149], [-3.571445, 41.202191], [-3.571444, 41.202252], [-3.571445, 41.202277], [-3.571445, 41.202343], [-3.571451, 41.202392], [-3.571452, 41.202404], [-3.571463, 41.202438], [-3.571474, 41.202481], [-3.571503, 41.20255], [-3.571517, 41.202606], [-3.571536, 41.202684], [-3.57154, 41.202702], [-3.571566, 41.202808], [-3.571599, 41.202909], [-3.571611, 41.202946], [-3.571639, 41.203028], [-3.571666, 41.203093], [-3.571674, 41.203111], [-3.571696, 41.203159], [-3.571737, 41.20323], [-3.571751, 41.203262], [-3.571761, 41.203286], [-3.571778, 41.203341], [-3.571793, 41.203414], [-3.5718, 41.203439], [-3.571817, 41.203502], [-3.571824, 41.203533], [-3.571849, 41.203617], [-3.571855, 41.203638], [-3.571893, 41.203745], [-3.571912, 41.203792], [-3.571929, 41.203836], [-3.571951, 41.203883], [-3.571975, 41.203933], [-3.572, 41.20398], [-3.572038, 41.204036], [-3.572056, 41.204058], [-3.572074, 41.204076], [-3.572094, 41.204098], [-3.572148, 41.204163], [-3.572177, 41.204207], [-3.572187, 41.204221], [-3.57221, 41.204263], [-3.572238, 41.204304], [-3.572259, 41.204339], [-3.572284, 41.204368], [-3.572297, 41.204384], [-3.572333, 41.204418], [-3.572349, 41.204432], [-3.572389, 41.204438], [-3.572432, 41.204445], [-3.572474, 41.204453], [-3.572512, 41.20446], [-3.572577, 41.204475], [-3.572647, 41.204498], [-3.572711, 41.204523], [-3.572797, 41.204558], [-3.572853, 41.204582], [-3.572918, 41.204614], [-3.572966, 41.204639], [-3.573033, 41.204673], [-3.573121, 41.20472], [-3.573182, 41.204758], [-3.573266, 41.204811], [-3.573344, 41.20486], [-3.573421, 41.204916], [-3.573512, 41.204984], [-3.573615, 41.20506], [-3.573726, 41.205149], [-3.573837, 41.205241], [-3.573886, 41.205278], [-3.573937, 41.205314], [-3.573979, 41.205338], [-3.574031, 41.205373], [-3.574113, 41.205428], [-3.574227, 41.205507], [-3.574361, 41.205608], [-3.574497, 41.205707], [-3.574566, 41.205751], [-3.574609, 41.205771], [-3.574656, 41.205792], [-3.574691, 41.205812], [-3.574722, 41.20584], [-3.574747, 41.205861], [-3.574796, 41.205911], [-3.574874, 41.205988], [-3.574961, 41.20607], [-3.575155, 41.206234], [-3.575372, 41.206429], [-3.575535, 41.206603], [-3.575719, 41.206784], [-3.575882, 41.206951], [-3.576079, 41.207159], [-3.576209, 41.207302], [-3.576273, 41.207375], [-3.576337, 41.207445], [-3.576387, 41.207504], [-3.576435, 41.207562], [-3.57649, 41.207622], [-3.576543, 41.207683], [-3.576566, 41.207723], [-3.576585, 41.207757], [-3.576594, 41.207787], [-3.576599, 41.207819], [-3.576609, 41.207855], [-3.576622, 41.207886], [-3.576635, 41.207912], [-3.576645, 41.207928], [-3.576658, 41.207949], [-3.576664, 41.207979], [-3.576667, 41.20802], [-3.576668, 41.208078], [-3.576659, 41.208179], [-3.576651, 41.208256], [-3.576645, 41.208293], [-3.576634, 41.208342], [-3.576626, 41.208399], [-3.576622, 41.208447], [-3.576625, 41.208505], [-3.576629, 41.208546], [-3.576636, 41.208579], [-3.576644, 41.208615], [-3.576653, 41.208637], [-3.576666, 41.208672], [-3.576683, 41.208705], [-3.576696, 41.20873], [-3.576718, 41.208758], [-3.57674, 41.208786], [-3.576749, 41.208803]]]}}, {"type": "Feature", "properties": {"ref": "40223A00209003", "nombre": "Camino Cerezo Abajo-Rosuero", "nombre_catastro": "CAMINO CEREZO ABAJO-ROSUERO", "tipo": "camino público", "clase": "camino", "municipio": "Santo Tomé del Puerto", "pueblo": "", "area_m2": 4448, "fuente": "Catastro · parcela de dominio público"}, "geometry": {"type": "Polygon", "coordinates": [[[-3.578772, 41.206532], [-3.578848, 41.206625], [-3.578835, 41.206635], [-3.578833, 41.206637], [-3.578816, 41.20665], [-3.578792, 41.206626], [-3.578744, 41.206567], [-3.578707, 41.206521], [-3.57864, 41.206432], [-3.578585, 41.20636], [-3.578514, 41.206287], [-3.578483, 41.206254], [-3.578443, 41.206221], [-3.578365, 41.206157], [-3.578328, 41.206127], [-3.578298, 41.206097], [-3.578232, 41.20603], [-3.578137, 41.205933], [-3.578073, 41.205868], [-3.578059, 41.20585], [-3.577987, 41.205762], [-3.577968, 41.205739], [-3.577911, 41.205644], [-3.577881, 41.205596], [-3.577735, 41.20538], [-3.577699, 41.205324], [-3.577631, 41.20522], [-3.577523, 41.205101], [-3.577517, 41.205095], [-3.577444, 41.205017], [-3.577376, 41.204951], [-3.57735, 41.204926], [-3.57727, 41.204818], [-3.577255, 41.204792], [-3.577211, 41.20472], [-3.577176, 41.204638], [-3.577172, 41.204622], [-3.577141, 41.204516], [-3.577089, 41.20438], [-3.577068, 41.204339], [-3.577015, 41.204234], [-3.576942, 41.204125], [-3.576893, 41.204064], [-3.576855, 41.204017], [-3.57685, 41.204011], [-3.576754, 41.203899], [-3.576738, 41.203881], [-3.576614, 41.203756], [-3.576505, 41.203621], [-3.576487, 41.203571], [-3.576461, 41.203499], [-3.57641, 41.20339], [-3.576394, 41.203356], [-3.576327, 41.20325], [-3.576275, 41.203151], [-3.576196, 41.203], [-3.576194, 41.202993], [-3.576149, 41.202885], [-3.576124, 41.202824], [-3.576022, 41.202638], [-3.575951, 41.202508], [-3.575938, 41.202484], [-3.575847, 41.202312], [-3.57576, 41.20215], [-3.5757, 41.202036], [-3.575637, 41.201937], [-3.575557, 41.201813], [-3.57555, 41.2018], [-3.575439, 41.201666], [-3.575417, 41.201639], [-3.575374, 41.201591], [-3.575326, 41.201538], [-3.57521, 41.201407], [-3.575128, 41.201271], [-3.575082, 41.201186], [-3.575049, 41.201076], [-3.575024, 41.201027], [-3.574989, 41.200957], [-3.574956, 41.20089], [-3.574893, 41.200761], [-3.574877, 41.200728], [-3.57484, 41.200665], [-3.574775, 41.20055], [-3.574736, 41.200484], [-3.574713, 41.20044], [-3.574664, 41.200348], [-3.574614, 41.200253], [-3.574566, 41.200162], [-3.574495, 41.200043], [-3.574427, 41.19993], [-3.574377, 41.199846], [-3.574346, 41.199799], [-3.57426, 41.199666], [-3.574182, 41.199546], [-3.574115, 41.199433], [-3.574033, 41.199298], [-3.573942, 41.199164], [-3.57389, 41.199087], [-3.573864, 41.199049], [-3.57376, 41.198896], [-3.573725, 41.198845], [-3.57368, 41.198776], [-3.573615, 41.198678], [-3.573511, 41.19851], [-3.573442, 41.198398], [-3.57343, 41.198379], [-3.573336, 41.198246], [-3.57325, 41.198124], [-3.573187, 41.198047], [-3.573145, 41.197997], [-3.573093, 41.197944], [-3.573085, 41.197936], [-3.572977, 41.197834], [-3.572886, 41.197748], [-3.572908, 41.197738], [-3.572927, 41.197729], [-3.573015, 41.197811], [-3.573184, 41.197976], [-3.573292, 41.198106], [-3.573473, 41.198363], [-3.573658, 41.198663], [-3.573768, 41.198828], [-3.573823, 41.198909], [-3.573932, 41.199071], [-3.573983, 41.199146], [-3.574076, 41.199282], [-3.574226, 41.199531], [-3.574229, 41.199536], [-3.57442, 41.199831], [-3.574476, 41.199925], [-3.574548, 41.200045], [-3.57461, 41.200148], [-3.574631, 41.200189], [-3.574709, 41.200336], [-3.57478, 41.20047], [-3.574817, 41.200534], [-3.574921, 41.200715], [-3.574939, 41.200751], [-3.575034, 41.200944], [-3.575078, 41.201033], [-3.575095, 41.201066], [-3.575127, 41.201175], [-3.575171, 41.201257], [-3.575215, 41.201328], [-3.575252, 41.20139], [-3.575445, 41.201607], [-3.575457, 41.201619], [-3.575569, 41.201756], [-3.575591, 41.201783], [-3.575672, 41.20191], [-3.575743, 41.202021], [-3.57579, 41.202108], [-3.575888, 41.202292], [-3.575934, 41.202379], [-3.575984, 41.202473], [-3.575995, 41.202495], [-3.576021, 41.202541], [-3.576055, 41.202605], [-3.57609, 41.202668], [-3.576163, 41.202801], [-3.576169, 41.202812], [-3.576203, 41.202894], [-3.576241, 41.202988], [-3.576304, 41.203108], [-3.576368, 41.203231], [-3.57637, 41.203235], [-3.576438, 41.203342], [-3.576507, 41.203488], [-3.57652, 41.203524], [-3.576549, 41.203606], [-3.576606, 41.203676], [-3.576654, 41.203736], [-3.576777, 41.20386], [-3.576875, 41.203974], [-3.576895, 41.203997], [-3.576984, 41.204107], [-3.577059, 41.204219], [-3.577134, 41.204369], [-3.577137, 41.204377], [-3.577187, 41.204507], [-3.577222, 41.204628], [-3.577256, 41.204707], [-3.577313, 41.204802], [-3.57739, 41.204906], [-3.577465, 41.204979], [-3.577482, 41.204995], [-3.577562, 41.205081], [-3.577672, 41.205201], [-3.577778, 41.205364], [-3.577924, 41.20558], [-3.578011, 41.205722], [-3.578113, 41.205848], [-3.578202, 41.205939], [-3.578365, 41.206104], [-3.578499, 41.206214], [-3.57852, 41.206231], [-3.578625, 41.20634], [-3.578748, 41.206502], [-3.578772, 41.206532]]]}}, {"type": "Feature", "properties": {"ref": "40223A00109003", "nombre": "Camino de Aldealapena", "nombre_catastro": "CAMINO DE ALDEALAPENA", "tipo": "camino público", "clase": "camino", "municipio": "Santo Tomé del Puerto", "pueblo": "", "area_m2": 5075, "fuente": "Catastro · parcela de dominio público"}, "geometry": {"type": "Polygon", "coordinates": [[[-3.60672, 41.200738], [-3.60679, 41.200768], [-3.606788, 41.200773], [-3.606785, 41.200778], [-3.606782, 41.200783], [-3.606777, 41.200793], [-3.606776, 41.200795], [-3.606699, 41.20076], [-3.606654, 41.200729], [-3.606607, 41.200694], [-3.60659, 41.200685], [-3.606535, 41.20068], [-3.606378, 41.200675], [-3.606277, 41.200672], [-3.606223, 41.200676], [-3.606214, 41.200676], [-3.60615, 41.200681], [-3.60605, 41.20067], [-3.605982, 41.200656], [-3.605932, 41.200647], [-3.605868, 41.200646], [-3.60578, 41.200655], [-3.605696, 41.200674], [-3.605618, 41.200694], [-3.605603, 41.200697], [-3.605514, 41.200714], [-3.605446, 41.200731], [-3.605403, 41.200734], [-3.605394, 41.200735], [-3.605359, 41.200737], [-3.605296, 41.200723], [-3.605246, 41.200701], [-3.605207, 41.200685], [-3.605196, 41.200681], [-3.605172, 41.200672], [-3.60507, 41.200624], [-3.604982, 41.20057], [-3.604959, 41.200558], [-3.604944, 41.200549], [-3.604865, 41.200506], [-3.604827, 41.200491], [-3.604815, 41.200487], [-3.604788, 41.200476], [-3.604722, 41.200466], [-3.604607, 41.200452], [-3.604595, 41.200452], [-3.60459, 41.200452], [-3.604498, 41.20045], [-3.604392, 41.200448], [-3.604286, 41.200446], [-3.604205, 41.200441], [-3.603959, 41.200424], [-3.603888, 41.200414], [-3.603694, 41.200388], [-3.603579, 41.200373], [-3.603558, 41.200368], [-3.603496, 41.200353], [-3.603427, 41.200337], [-3.603422, 41.200336], [-3.603365, 41.200309], [-3.603358, 41.200305], [-3.603273, 41.200211], [-3.603174, 41.200253], [-3.603025, 41.200317], [-3.602961, 41.200344], [-3.602888, 41.200375], [-3.602883, 41.200377], [-3.60271, 41.200449], [-3.602705, 41.200452], [-3.602608, 41.200498], [-3.602557, 41.200522], [-3.602368, 41.200613], [-3.602273, 41.200651], [-3.602134, 41.200706], [-3.602035, 41.200707], [-3.601982, 41.200707], [-3.601846, 41.200697], [-3.601771, 41.200691], [-3.601669, 41.200691], [-3.601565, 41.200692], [-3.601391, 41.200721], [-3.601207, 41.200766], [-3.601163, 41.200777], [-3.601132, 41.200786], [-3.600863, 41.200869], [-3.600702, 41.200903], [-3.600542, 41.200938], [-3.600336, 41.20099], [-3.600205, 41.201025], [-3.600125, 41.201046], [-3.600091, 41.20106], [-3.59991, 41.20113], [-3.599764, 41.201177], [-3.599728, 41.201174], [-3.599552, 41.201161], [-3.599412, 41.201135], [-3.599311, 41.201112], [-3.599276, 41.201104], [-3.599142, 41.201057], [-3.599022, 41.200998], [-3.598999, 41.200987], [-3.598869, 41.200902], [-3.598737, 41.200823], [-3.59871, 41.200807], [-3.598585, 41.200749], [-3.598541, 41.200735], [-3.598477, 41.200715], [-3.598352, 41.200689], [-3.598345, 41.200687], [-3.598157, 41.200657], [-3.597981, 41.200658], [-3.597968, 41.200657], [-3.597846, 41.200646], [-3.59776, 41.200622], [-3.597736, 41.200616], [-3.597603, 41.200559], [-3.59749, 41.200499], [-3.597479, 41.200494], [-3.59738, 41.200451], [-3.597358, 41.200442], [-3.597229, 41.200419], [-3.597077, 41.200403], [-3.597015, 41.200411], [-3.596954, 41.200418], [-3.596804, 41.200435], [-3.596624, 41.200453], [-3.596495, 41.200465], [-3.596364, 41.200476], [-3.596306, 41.200482], [-3.596235, 41.200489], [-3.596036, 41.20049], [-3.595903, 41.200484], [-3.595864, 41.200482], [-3.595785, 41.200478], [-3.595691, 41.200471], [-3.595485, 41.200447], [-3.595323, 41.200409], [-3.59521, 41.200362], [-3.595128, 41.20031], [-3.595075, 41.200263], [-3.595029, 41.200242], [-3.594988, 41.200243], [-3.594959, 41.200247], [-3.594814, 41.200269], [-3.594683, 41.200247], [-3.594589, 41.200205], [-3.594517, 41.200148], [-3.593897, 41.199952], [-3.593437, 41.199827], [-3.592659, 41.199435], [-3.592141, 41.199266], [-3.591664, 41.199124], [-3.591203, 41.198982], [-3.590861, 41.198886], [-3.590636, 41.198847], [-3.590309, 41.198814], [-3.590228, 41.198805], [-3.59011, 41.198794], [-3.590218, 41.198786], [-3.590318, 41.198778], [-3.590644, 41.198812], [-3.590875, 41.198851], [-3.591221, 41.198948], [-3.591682, 41.19909], [-3.592159, 41.199232], [-3.592682, 41.199404], [-3.593453, 41.199793], [-3.593914, 41.199918], [-3.594545, 41.200117], [-3.594619, 41.200177], [-3.594701, 41.200213], [-3.594814, 41.200232], [-3.594929, 41.200215], [-3.594983, 41.200207], [-3.595041, 41.200206], [-3.595107, 41.200235], [-3.595162, 41.200284], [-3.595237, 41.200333], [-3.595341, 41.200376], [-3.595498, 41.200412], [-3.595641, 41.200436], [-3.595862, 41.200453], [-3.595912, 41.200457], [-3.596014, 41.200466], [-3.596088, 41.200466], [-3.596213, 41.200458], [-3.59633, 41.200451], [-3.596339, 41.20045], [-3.596487, 41.200436], [-3.596613, 41.200418], [-3.59676, 41.200396], [-3.596877, 41.200384], [-3.596994, 41.200377], [-3.597013, 41.200377], [-3.597057, 41.200377], [-3.597082, 41.200377], [-3.597236, 41.200393], [-3.597371, 41.200416], [-3.597405, 41.200431], [-3.597502, 41.200473], [-3.59751, 41.200476], [-3.597622, 41.200536], [-3.597751, 41.200591], [-3.597778, 41.200598], [-3.597854, 41.200619], [-3.59797, 41.20063], [-3.597983, 41.200631], [-3.59816, 41.20063], [-3.59818, 41.200633], [-3.598353, 41.200661], [-3.598373, 41.200665], [-3.598488, 41.200689], [-3.598557, 41.200711], [-3.598601, 41.200725], [-3.59873, 41.200785], [-3.598752, 41.200798], [-3.598891, 41.200881], [-3.599021, 41.200965], [-3.599034, 41.200972], [-3.59916, 41.201033], [-3.599289, 41.201079], [-3.599323, 41.201086], [-3.599421, 41.201109], [-3.599558, 41.201134], [-3.599736, 41.201148], [-3.599758, 41.201149], [-3.599895, 41.201106], [-3.600111, 41.201022], [-3.600121, 41.201019], [-3.600218, 41.200993], [-3.600324, 41.200964], [-3.600358, 41.200956], [-3.600531, 41.200912], [-3.60072, 41.200871], [-3.600851, 41.200843], [-3.601086, 41.200771], [-3.601151, 41.200751], [-3.601223, 41.200734], [-3.601381, 41.200695], [-3.601561, 41.200665], [-3.601686, 41.200664], [-3.601772, 41.200664], [-3.601857, 41.20067], [-3.601984, 41.20068], [-3.602054, 41.20068], [-3.602125, 41.200679], [-3.602291, 41.200613], [-3.60235, 41.20059], [-3.602531, 41.200503], [-3.602621, 41.20046], [-3.602686, 41.200428], [-3.602944, 41.200321], [-3.603279, 41.200172], [-3.60329, 41.200183], [-3.603304, 41.200197], [-3.603383, 41.200286], [-3.603437, 41.200311], [-3.603566, 41.200342], [-3.603587, 41.200347], [-3.6037, 41.200362], [-3.603891, 41.200387], [-3.603964, 41.200397], [-3.604208, 41.200414], [-3.604288, 41.200419], [-3.604395, 41.200421], [-3.604499, 41.200423], [-3.604596, 41.200425], [-3.60461, 41.200425], [-3.604728, 41.20044], [-3.6048, 41.200451], [-3.604832, 41.200463], [-3.604884, 41.200483], [-3.604965, 41.200528], [-3.605004, 41.200549], [-3.605091, 41.200602], [-3.60519, 41.200648], [-3.605212, 41.200657], [-3.605264, 41.200677], [-3.605311, 41.200698], [-3.605363, 41.20071], [-3.6054, 41.200707], [-3.605439, 41.200705], [-3.605504, 41.200688], [-3.605608, 41.200668], [-3.605685, 41.200648], [-3.605773, 41.200628], [-3.605866, 41.200619], [-3.605936, 41.20062], [-3.60599, 41.200629], [-3.606058, 41.200643], [-3.606151, 41.200653], [-3.60622, 41.200649], [-3.606276, 41.200645], [-3.606379, 41.200648], [-3.606538, 41.200653], [-3.606604, 41.200659], [-3.60663, 41.200673], [-3.606679, 41.20071], [-3.60672, 41.200738]]]}}, {"type": "Feature", "properties": {"ref": "40223A00409003", "nombre": "Camino de Calleja de Enmedio", "nombre_catastro": "CAMINO DE CALLEJA DE ENMEDIO", "tipo": "camino público", "clase": "camino", "municipio": "Santo Tomé del Puerto", "pueblo": "", "area_m2": 2772, "fuente": "Catastro · parcela de dominio público"}, "geometry": {"type": "Polygon", "coordinates": [[[-3.569391, 41.197552], [-3.569417, 41.197601], [-3.569406, 41.197602], [-3.569395, 41.197603], [-3.569362, 41.197536], [-3.569329, 41.197454], [-3.56929, 41.197364], [-3.569243, 41.197252], [-3.569223, 41.197189], [-3.569196, 41.197107], [-3.569177, 41.197047], [-3.569176, 41.197044], [-3.569146, 41.196984], [-3.569108, 41.19692], [-3.569081, 41.19689], [-3.569067, 41.196875], [-3.569, 41.196792], [-3.56893, 41.196707], [-3.568846, 41.196641], [-3.56874, 41.196575], [-3.568605, 41.196492], [-3.568538, 41.196453], [-3.568487, 41.196423], [-3.56843, 41.19639], [-3.568325, 41.19633], [-3.568264, 41.196297], [-3.568213, 41.196262], [-3.568156, 41.196217], [-3.568138, 41.196203], [-3.568076, 41.19612], [-3.567989, 41.196003], [-3.567941, 41.195931], [-3.567893, 41.19586], [-3.56787, 41.195803], [-3.567877, 41.195787], [-3.567884, 41.195774], [-3.567935, 41.195705], [-3.567943, 41.195658], [-3.567946, 41.195643], [-3.567948, 41.195546], [-3.567945, 41.195509], [-3.567937, 41.195424], [-3.567917, 41.195333], [-3.567912, 41.195284], [-3.567908, 41.195256], [-3.567907, 41.195232], [-3.567906, 41.195188], [-3.567904, 41.195141], [-3.567902, 41.195107], [-3.567899, 41.195086], [-3.567889, 41.19501], [-3.567878, 41.19497], [-3.56786, 41.194907], [-3.567851, 41.194865], [-3.567839, 41.194804], [-3.567821, 41.19473], [-3.567802, 41.19465], [-3.567785, 41.194571], [-3.56777, 41.194519], [-3.567748, 41.194477], [-3.567692, 41.194415], [-3.567602, 41.194338], [-3.567539, 41.194293], [-3.567483, 41.194253], [-3.567468, 41.194246], [-3.567371, 41.194197], [-3.56721, 41.194125], [-3.567157, 41.194102], [-3.56709, 41.194074], [-3.566951, 41.194015], [-3.566787, 41.193938], [-3.566684, 41.193889], [-3.566638, 41.193867], [-3.566488, 41.193788], [-3.566342, 41.193711], [-3.566325, 41.193701], [-3.566236, 41.193649], [-3.566144, 41.193592], [-3.566065, 41.193536], [-3.565985, 41.193486], [-3.565898, 41.193426], [-3.565814, 41.193363], [-3.565738, 41.193302], [-3.565662, 41.193239], [-3.565571, 41.19316], [-3.565499, 41.193088], [-3.565433, 41.193024], [-3.56538, 41.192967], [-3.565301, 41.192876], [-3.565247, 41.192805], [-3.56522, 41.192759], [-3.565209, 41.192739], [-3.565163, 41.192669], [-3.565106, 41.192569], [-3.565022, 41.192412], [-3.564956, 41.192274], [-3.564891, 41.192162], [-3.564807, 41.192019], [-3.564741, 41.191921], [-3.564709, 41.191882], [-3.564639, 41.191796], [-3.564573, 41.191724], [-3.564453, 41.191612], [-3.564491, 41.191626], [-3.56453, 41.19164], [-3.564608, 41.191714], [-3.564687, 41.191804], [-3.564753, 41.191886], [-3.564813, 41.191968], [-3.564859, 41.192043], [-3.564954, 41.1922], [-3.564981, 41.192251], [-3.565048, 41.192382], [-3.565125, 41.192536], [-3.565154, 41.192585], [-3.565194, 41.192655], [-3.565269, 41.192773], [-3.565324, 41.19285], [-3.565387, 41.19293], [-3.565463, 41.193011], [-3.565542, 41.193091], [-3.565616, 41.193155], [-3.565676, 41.193214], [-3.56569, 41.193228], [-3.565765, 41.193287], [-3.565872, 41.19337], [-3.565897, 41.193389], [-3.566035, 41.193482], [-3.566104, 41.193533], [-3.566181, 41.193579], [-3.566248, 41.193621], [-3.56635, 41.19368], [-3.566461, 41.193742], [-3.566628, 41.193831], [-3.566791, 41.193908], [-3.566934, 41.193975], [-3.567216, 41.194093], [-3.567357, 41.194149], [-3.567469, 41.194206], [-3.567504, 41.194224], [-3.567616, 41.194311], [-3.567719, 41.19439], [-3.567777, 41.19445], [-3.567784, 41.194456], [-3.567812, 41.194502], [-3.567816, 41.19452], [-3.567855, 41.19469], [-3.567876, 41.194768], [-3.567933, 41.194987], [-3.567964, 41.195213], [-3.567978, 41.195401], [-3.567998, 41.195553], [-3.568001, 41.195598], [-3.567989, 41.195661], [-3.567979, 41.19574], [-3.567964, 41.195803], [-3.567968, 41.195821], [-3.567977, 41.195862], [-3.567988, 41.195888], [-3.56802, 41.195938], [-3.568082, 41.196027], [-3.568105, 41.196065], [-3.56814, 41.196122], [-3.568174, 41.196182], [-3.568196, 41.196204], [-3.568229, 41.196236], [-3.568253, 41.19625], [-3.568298, 41.196278], [-3.568341, 41.196302], [-3.568364, 41.196314], [-3.568424, 41.196342], [-3.568461, 41.196365], [-3.568518, 41.1964], [-3.568598, 41.196446], [-3.568768, 41.196561], [-3.568824, 41.196596], [-3.568904, 41.196651], [-3.568938, 41.196679], [-3.568956, 41.196699], [-3.568968, 41.196711], [-3.569005, 41.196756], [-3.569017, 41.19677], [-3.569087, 41.196854], [-3.569115, 41.196888], [-3.569117, 41.196891], [-3.569195, 41.196984], [-3.569207, 41.197007], [-3.569221, 41.197036], [-3.569227, 41.197072], [-3.56923, 41.197086], [-3.569242, 41.197135], [-3.569244, 41.19714], [-3.569252, 41.197169], [-3.569259, 41.197192], [-3.569283, 41.197262], [-3.569303, 41.197321], [-3.569312, 41.197349], [-3.569314, 41.197356], [-3.56932, 41.197374], [-3.569326, 41.19739], [-3.569329, 41.1974], [-3.569331, 41.197404], [-3.569348, 41.197449], [-3.569359, 41.197478], [-3.569362, 41.197484], [-3.569374, 41.197514], [-3.569384, 41.197538], [-3.569391, 41.197552]]]}}, {"type": "Feature", "properties": {"ref": "40223A00109010", "nombre": "Camino de Cerezo de Abajo", "nombre_catastro": "CAMINO DE CEREZO DE ABAJO", "tipo": "camino público", "clase": "camino", "municipio": "Santo Tomé del Puerto", "pueblo": "", "area_m2": 2450, "fuente": "Catastro · parcela de dominio público"}, "geometry": {"type": "Polygon", "coordinates": [[[-3.589495, 41.205873], [-3.589476, 41.205862], [-3.589451, 41.205847], [-3.589308, 41.205533], [-3.58916, 41.205098], [-3.58901, 41.204434], [-3.58889, 41.20382], [-3.58883, 41.203456], [-3.588829, 41.203316], [-3.588841, 41.203142], [-3.588854, 41.203024], [-3.588867, 41.202847], [-3.588874, 41.202645], [-3.588873, 41.202517], [-3.58887, 41.202467], [-3.588866, 41.202391], [-3.588862, 41.202284], [-3.588855, 41.202185], [-3.58884, 41.202108], [-3.588815, 41.202004], [-3.588791, 41.201893], [-3.588761, 41.201783], [-3.588724, 41.201668], [-3.588673, 41.201515], [-3.588568, 41.20125], [-3.588207, 41.200477], [-3.588041, 41.200122], [-3.587848, 41.19971], [-3.587861, 41.199585], [-3.587927, 41.198992], [-3.587964, 41.198665], [-3.587969, 41.19862], [-3.587986, 41.198621], [-3.588002, 41.198622], [-3.587997, 41.198672], [-3.587884, 41.199707], [-3.587911, 41.199765], [-3.588088, 41.200141], [-3.588171, 41.200319], [-3.588241, 41.200468], [-3.588243, 41.200473], [-3.588602, 41.201242], [-3.588708, 41.201508], [-3.588759, 41.201662], [-3.588795, 41.201777], [-3.588826, 41.201888], [-3.58885, 41.201999], [-3.588875, 41.202104], [-3.588891, 41.202183], [-3.588897, 41.202283], [-3.588901, 41.20239], [-3.588906, 41.202478], [-3.588906, 41.202481], [-3.588908, 41.202516], [-3.588909, 41.202593], [-3.588909, 41.202645], [-3.588902, 41.202848], [-3.588889, 41.203026], [-3.588876, 41.203144], [-3.588864, 41.203316], [-3.588866, 41.203455], [-3.588925, 41.203816], [-3.589046, 41.204429], [-3.589195, 41.205093], [-3.589342, 41.205525], [-3.589495, 41.205873]]]}}, {"type": "Feature", "properties": {"ref": "40223A00409005", "nombre": "Camino de la Reguera", "nombre_catastro": "CAMINO DE LA REGUERA", "tipo": "camino público", "clase": "camino", "municipio": "Santo Tomé del Puerto", "pueblo": "", "area_m2": 667, "fuente": "Catastro · parcela de dominio público"}, "geometry": {"type": "Polygon", "coordinates": [[[-3.567725, 41.195746], [-3.567884, 41.195774], [-3.567877, 41.195787], [-3.56787, 41.195803], [-3.567787, 41.195796], [-3.567624, 41.195757], [-3.56745, 41.195707], [-3.567196, 41.195617], [-3.567105, 41.195581], [-3.567092, 41.195576], [-3.567032, 41.195544], [-3.566994, 41.19552], [-3.566938, 41.195492], [-3.566867, 41.195455], [-3.566791, 41.195424], [-3.566692, 41.195372], [-3.566636, 41.195343], [-3.56654, 41.195294], [-3.566438, 41.195244], [-3.566326, 41.195187], [-3.566227, 41.195142], [-3.566149, 41.195107], [-3.565997, 41.195041], [-3.565851, 41.194978], [-3.56576, 41.19494], [-3.565691, 41.1949], [-3.565704, 41.194886], [-3.565716, 41.194872], [-3.56586, 41.19495], [-3.565926, 41.194982], [-3.566024, 41.195026], [-3.566095, 41.195052], [-3.566244, 41.195117], [-3.566317, 41.19515], [-3.566371, 41.195174], [-3.566514, 41.195246], [-3.566652, 41.195317], [-3.566705, 41.195347], [-3.566755, 41.195377], [-3.566805, 41.195401], [-3.566823, 41.195413], [-3.566891, 41.195441], [-3.566952, 41.195466], [-3.567013, 41.195501], [-3.567081, 41.195537], [-3.567139, 41.195563], [-3.567266, 41.195608], [-3.567347, 41.195638], [-3.567404, 41.195662], [-3.567444, 41.195674], [-3.56748, 41.19568], [-3.567568, 41.195706], [-3.567662, 41.195731], [-3.567725, 41.195746]]]}}, {"type": "Feature", "properties": {"ref": "40223A00409002", "nombre": "Camino de los Navazos", "nombre_catastro": "CAMINO DE LOS NAVAZOS", "tipo": "camino público", "clase": "camino", "municipio": "Santo Tomé del Puerto", "pueblo": "", "area_m2": 7830, "fuente": "Catastro · parcela de dominio público"}, "geometry": {"type": "Polygon", "coordinates": [[[-3.57271, 41.190321], [-3.572726, 41.190335], [-3.572552, 41.19041], [-3.572504, 41.190428], [-3.572397, 41.190467], [-3.572358, 41.190481], [-3.57227, 41.190513], [-3.572121, 41.19056], [-3.572016, 41.190598], [-3.571971, 41.190615], [-3.571932, 41.190629], [-3.571857, 41.190663], [-3.571794, 41.190689], [-3.571743, 41.19071], [-3.571694, 41.190726], [-3.57167, 41.190734], [-3.571599, 41.190752], [-3.571524, 41.190767], [-3.571458, 41.190779], [-3.571377, 41.1908], [-3.571327, 41.190814], [-3.571283, 41.190826], [-3.57121, 41.190849], [-3.571128, 41.190874], [-3.571097, 41.190881], [-3.571032, 41.190898], [-3.57096, 41.190922], [-3.570908, 41.190938], [-3.5709, 41.190941], [-3.570842, 41.190953], [-3.570775, 41.19097], [-3.570659, 41.191002], [-3.570534, 41.191031], [-3.570411, 41.191062], [-3.570296, 41.191087], [-3.570256, 41.191098], [-3.570235, 41.191104], [-3.570219, 41.191109], [-3.570034, 41.19116], [-3.570024, 41.191163], [-3.569878, 41.191205], [-3.569755, 41.191243], [-3.569649, 41.191277], [-3.569543, 41.191303], [-3.569464, 41.191322], [-3.569395, 41.191337], [-3.569274, 41.191363], [-3.569158, 41.191385], [-3.569096, 41.191402], [-3.569084, 41.191405], [-3.569, 41.191434], [-3.568989, 41.191438], [-3.568918, 41.19147], [-3.568895, 41.19148], [-3.568836, 41.191508], [-3.568805, 41.19152], [-3.568756, 41.19154], [-3.568743, 41.191545], [-3.568647, 41.19158], [-3.568543, 41.191622], [-3.568434, 41.191658], [-3.56832, 41.19169], [-3.568236, 41.191716], [-3.568169, 41.191737], [-3.568151, 41.191742], [-3.568125, 41.191748], [-3.568113, 41.191751], [-3.568084, 41.191757], [-3.568067, 41.191759], [-3.568046, 41.191759], [-3.568029, 41.191756], [-3.56801, 41.191752], [-3.567992, 41.191752], [-3.567969, 41.191755], [-3.567926, 41.191769], [-3.567859, 41.191795], [-3.567793, 41.191826], [-3.567742, 41.191868], [-3.567699, 41.191906], [-3.567659, 41.191939], [-3.56758, 41.191974], [-3.567494, 41.192005], [-3.567407, 41.192027], [-3.567339, 41.192046], [-3.567238, 41.192055], [-3.567111, 41.192061], [-3.566979, 41.192062], [-3.566819, 41.192067], [-3.566709, 41.192068], [-3.566573, 41.192062], [-3.566525, 41.192057], [-3.566431, 41.19204], [-3.566326, 41.192018], [-3.566185, 41.191986], [-3.566065, 41.191961], [-3.565981, 41.191945], [-3.565967, 41.191942], [-3.565881, 41.191915], [-3.565792, 41.191883], [-3.565708, 41.191858], [-3.565669, 41.191853], [-3.56563, 41.191848], [-3.565579, 41.191838], [-3.565519, 41.191824], [-3.565464, 41.191816], [-3.565427, 41.191815], [-3.565366, 41.191818], [-3.565291, 41.191825], [-3.565195, 41.19183], [-3.565138, 41.19183], [-3.565061, 41.191821], [-3.564976, 41.191805], [-3.564887, 41.191781], [-3.564832, 41.191756], [-3.564747, 41.19172], [-3.564663, 41.191687], [-3.564599, 41.191662], [-3.564564, 41.191646], [-3.56453, 41.19164], [-3.564491, 41.191626], [-3.564453, 41.191612], [-3.564441, 41.191608], [-3.564336, 41.191584], [-3.564269, 41.191576], [-3.564241, 41.191576], [-3.56419, 41.191576], [-3.564113, 41.191581], [-3.564085, 41.191586], [-3.564034, 41.191596], [-3.563964, 41.191607], [-3.563941, 41.191616], [-3.563917, 41.191624], [-3.563801, 41.191668], [-3.563793, 41.191671], [-3.563732, 41.191694], [-3.563675, 41.191711], [-3.563653, 41.191716], [-3.563581, 41.191734], [-3.563528, 41.191752], [-3.563492, 41.191769], [-3.563417, 41.19181], [-3.563337, 41.191851], [-3.563272, 41.191889], [-3.563197, 41.191923], [-3.563187, 41.191925], [-3.56317, 41.19193], [-3.563124, 41.191942], [-3.563073, 41.191948], [-3.563015, 41.191954], [-3.562963, 41.191952], [-3.562917, 41.191948], [-3.56286, 41.191939], [-3.562787, 41.191925], [-3.562769, 41.191921], [-3.562714, 41.191911], [-3.56258, 41.191894], [-3.562485, 41.191881], [-3.562455, 41.191877], [-3.562332, 41.191852], [-3.562236, 41.191832], [-3.562198, 41.19183], [-3.562187, 41.191831], [-3.562152, 41.191836], [-3.562091, 41.191854], [-3.56208, 41.191857], [-3.562009, 41.191881], [-3.561891, 41.191899], [-3.561764, 41.191907], [-3.561598, 41.191909], [-3.561583, 41.19191], [-3.561417, 41.191922], [-3.561291, 41.191936], [-3.561176, 41.191954], [-3.561112, 41.191962], [-3.560907, 41.191987], [-3.560753, 41.191994], [-3.560561, 41.192], [-3.560407, 41.192001], [-3.560243, 41.192004], [-3.560045, 41.191994], [-3.559679, 41.192027], [-3.55961, 41.192036], [-3.559407, 41.192063], [-3.559039, 41.192131], [-3.558705, 41.192199], [-3.558489, 41.192243], [-3.558365, 41.192291], [-3.558337, 41.192312], [-3.558303, 41.192341], [-3.558205, 41.192378], [-3.557893, 41.192497], [-3.557875, 41.192483], [-3.55785, 41.192464], [-3.557922, 41.192447], [-3.558068, 41.192386], [-3.558292, 41.192282], [-3.558315, 41.19227], [-3.558424, 41.192224], [-3.558537, 41.192187], [-3.558623, 41.192163], [-3.558721, 41.192143], [-3.55877, 41.192136], [-3.558819, 41.192128], [-3.558884, 41.192116], [-3.559024, 41.192092], [-3.559182, 41.192064], [-3.559235, 41.192054], [-3.559365, 41.192031], [-3.559592, 41.191982], [-3.559628, 41.191973], [-3.559656, 41.191967], [-3.559734, 41.191954], [-3.559785, 41.191948], [-3.559823, 41.191944], [-3.559888, 41.191939], [-3.560013, 41.191931], [-3.560118, 41.191924], [-3.560204, 41.191921], [-3.560434, 41.19192], [-3.560567, 41.191917], [-3.560606, 41.191916], [-3.560757, 41.191918], [-3.560848, 41.191919], [-3.5609, 41.19192], [-3.560993, 41.191912], [-3.561099, 41.191899], [-3.561126, 41.191896], [-3.561201, 41.191879], [-3.561437, 41.191847], [-3.561539, 41.191837], [-3.561618, 41.191831], [-3.561635, 41.191829], [-3.561763, 41.191823], [-3.561941, 41.191815], [-3.56204, 41.191812], [-3.562079, 41.191804], [-3.56213, 41.191788], [-3.562158, 41.191775], [-3.562186, 41.191752], [-3.562216, 41.191742], [-3.562253, 41.191737], [-3.562301, 41.191743], [-3.562352, 41.19176], [-3.562383, 41.191771], [-3.56247, 41.191791], [-3.562539, 41.191808], [-3.562572, 41.191817], [-3.562662, 41.191835], [-3.562783, 41.191859], [-3.562866, 41.191875], [-3.562903, 41.191882], [-3.562983, 41.191888], [-3.563049, 41.191885], [-3.563109, 41.191875], [-3.563172, 41.191854], [-3.563213, 41.191832], [-3.563252, 41.191806], [-3.563301, 41.191776], [-3.563365, 41.191741], [-3.563428, 41.191714], [-3.563511, 41.19168], [-3.563591, 41.191655], [-3.563677, 41.191638], [-3.563685, 41.191636], [-3.563725, 41.191627], [-3.563839, 41.191596], [-3.563949, 41.191569], [-3.564029, 41.19155], [-3.564124, 41.191533], [-3.564179, 41.191523], [-3.564214, 41.19152], [-3.564246, 41.191521], [-3.564298, 41.191526], [-3.564356, 41.191534], [-3.564381, 41.191538], [-3.564399, 41.191541], [-3.564408, 41.191542], [-3.564422, 41.191546], [-3.564468, 41.191557], [-3.564525, 41.191576], [-3.564557, 41.191586], [-3.56458, 41.191594], [-3.564642, 41.191616], [-3.5647, 41.191639], [-3.564753, 41.191661], [-3.56481, 41.191687], [-3.564857, 41.191707], [-3.564895, 41.191719], [-3.564952, 41.191735], [-3.565044, 41.191748], [-3.565127, 41.191754], [-3.56518, 41.191757], [-3.565337, 41.191756], [-3.565408, 41.191758], [-3.565481, 41.191768], [-3.565555, 41.191777], [-3.565621, 41.191791], [-3.565671, 41.1918], [-3.565693, 41.191807], [-3.565721, 41.191814], [-3.565758, 41.191826], [-3.565804, 41.191843], [-3.565953, 41.191893], [-3.56607, 41.191921], [-3.566093, 41.191926], [-3.566215, 41.191952], [-3.566359, 41.191978], [-3.566475, 41.191996], [-3.566566, 41.192005], [-3.566648, 41.192012], [-3.566702, 41.192012], [-3.566834, 41.192009], [-3.566893, 41.192005], [-3.566945, 41.191998], [-3.567006, 41.191993], [-3.567076, 41.191989], [-3.56712, 41.191993], [-3.567213, 41.191992], [-3.567277, 41.191983], [-3.567332, 41.19197], [-3.567407, 41.191949], [-3.567506, 41.191915], [-3.567585, 41.19188], [-3.567641, 41.191846], [-3.567731, 41.191785], [-3.567793, 41.19175], [-3.567864, 41.191709], [-3.56793, 41.191678], [-3.567946, 41.191691], [-3.567984, 41.19171], [-3.568025, 41.191721], [-3.568053, 41.19172], [-3.568096, 41.191714], [-3.568164, 41.191693], [-3.568227, 41.191676], [-3.568324, 41.191648], [-3.568424, 41.191613], [-3.568518, 41.191578], [-3.56857, 41.191559], [-3.568682, 41.191516], [-3.5688, 41.19146], [-3.568878, 41.191428], [-3.568963, 41.191401], [-3.569044, 41.191379], [-3.569148, 41.191355], [-3.569266, 41.191329], [-3.569343, 41.191314], [-3.569434, 41.191292], [-3.569505, 41.191271], [-3.569522, 41.191264], [-3.569565, 41.191247], [-3.56964, 41.191223], [-3.569783, 41.19118], [-3.570015, 41.191109], [-3.570169, 41.191066], [-3.57034, 41.191022], [-3.570504, 41.190985], [-3.570637, 41.190956], [-3.570747, 41.190938], [-3.570763, 41.190934], [-3.570847, 41.190915], [-3.570948, 41.190887], [-3.571027, 41.190866], [-3.571045, 41.190861], [-3.571123, 41.190841], [-3.571238, 41.190806], [-3.571305, 41.190786], [-3.571343, 41.190783], [-3.571386, 41.190775], [-3.571434, 41.190766], [-3.571485, 41.190755], [-3.571504, 41.190751], [-3.571543, 41.190743], [-3.571602, 41.190727], [-3.571659, 41.190708], [-3.571703, 41.190693], [-3.571747, 41.190677], [-3.571777, 41.190666], [-3.571846, 41.19064], [-3.571912, 41.190613], [-3.571924, 41.190605], [-3.571961, 41.190594], [-3.572022, 41.190576], [-3.572141, 41.190539], [-3.572246, 41.190501], [-3.572377, 41.19045], [-3.572514, 41.190389], [-3.572693, 41.190307], [-3.57271, 41.190321]]]}}, {"type": "Feature", "properties": {"ref": "40223A01509001", "nombre": "Camino de Rades A Somosierra", "nombre_catastro": "CAMINO DE RADES A SOMOSIERRA", "tipo": "camino público", "clase": "camino", "municipio": "Santo Tomé del Puerto", "pueblo": "", "area_m2": 25178, "fuente": "Catastro · parcela de dominio público"}, "geometry": {"type": "Polygon", "coordinates": [[[-3.593905, 41.180821], [-3.593915, 41.180832], [-3.593887, 41.180839], [-3.593856, 41.180847], [-3.593849, 41.18082], [-3.593827, 41.180783], [-3.593793, 41.180745], [-3.59372, 41.180678], [-3.593671, 41.18064], [-3.593616, 41.180599], [-3.593599, 41.180597], [-3.593579, 41.180602], [-3.593561, 41.180614], [-3.59355, 41.180627], [-3.593529, 41.180601], [-3.593511, 41.180584], [-3.593475, 41.180551], [-3.593426, 41.180519], [-3.593363, 41.180488], [-3.59331, 41.180469], [-3.593235, 41.180443], [-3.593136, 41.180412], [-3.593106, 41.180403], [-3.593071, 41.180392], [-3.593027, 41.180378], [-3.592966, 41.18036], [-3.592963, 41.180359], [-3.592897, 41.180339], [-3.592833, 41.180319], [-3.592758, 41.180297], [-3.592549, 41.180242], [-3.592532, 41.180237], [-3.592475, 41.180212], [-3.592445, 41.180199], [-3.592412, 41.180186], [-3.592328, 41.180153], [-3.592278, 41.180134], [-3.592263, 41.180129], [-3.592084, 41.180071], [-3.592014, 41.180049], [-3.591907, 41.180006], [-3.591837, 41.179979], [-3.591558, 41.179868], [-3.591545, 41.179863], [-3.591451, 41.179829], [-3.591366, 41.179798], [-3.591211, 41.17975], [-3.591156, 41.179738], [-3.591107, 41.179739], [-3.591085, 41.179739], [-3.590993, 41.179736], [-3.590882, 41.179732], [-3.590833, 41.179711], [-3.590778, 41.179687], [-3.590688, 41.179675], [-3.590524, 41.179635], [-3.590317, 41.179585], [-3.590052, 41.179566], [-3.589687, 41.179514], [-3.589507, 41.179479], [-3.58946, 41.17947], [-3.589347, 41.179451], [-3.589196, 41.179444], [-3.589037, 41.179445], [-3.588871, 41.179451], [-3.588763, 41.179468], [-3.588642, 41.179489], [-3.588543, 41.179517], [-3.58853, 41.179519], [-3.588473, 41.179527], [-3.588247, 41.179566], [-3.587805, 41.179653], [-3.587539, 41.179723], [-3.587412, 41.179761], [-3.587248, 41.179809], [-3.587643, 41.180048], [-3.587683, 41.180073], [-3.587985, 41.180262], [-3.588015, 41.18028], [-3.58805, 41.180302], [-3.588204, 41.180398], [-3.588305, 41.180462], [-3.588727, 41.180733], [-3.588837, 41.180788], [-3.588873, 41.180809], [-3.588908, 41.180836], [-3.588927, 41.180857], [-3.588958, 41.180891], [-3.58908, 41.180974], [-3.58933, 41.181145], [-3.589476, 41.181244], [-3.589508, 41.181263], [-3.589806, 41.181433], [-3.590218, 41.181654], [-3.590282, 41.181688], [-3.590289, 41.181692], [-3.590588, 41.181835], [-3.590709, 41.181889], [-3.590732, 41.181901], [-3.590981, 41.182006], [-3.590986, 41.182008], [-3.59104, 41.182052], [-3.591094, 41.18209], [-3.591159, 41.18212], [-3.591216, 41.182144], [-3.591277, 41.182161], [-3.591305, 41.182169], [-3.591396, 41.18219], [-3.591493, 41.182217], [-3.591616, 41.182262], [-3.591621, 41.182264], [-3.591812, 41.182321], [-3.591978, 41.182358], [-3.592021, 41.182368], [-3.592147, 41.182393], [-3.592174, 41.182396], [-3.592287, 41.182407], [-3.592339, 41.182405], [-3.592426, 41.182402], [-3.59246, 41.182399], [-3.592535, 41.182392], [-3.592548, 41.182391], [-3.592762, 41.182328], [-3.592837, 41.182302], [-3.59286, 41.182291], [-3.592888, 41.182279], [-3.592945, 41.182254], [-3.593017, 41.18222], [-3.59307, 41.182193], [-3.593106, 41.182173], [-3.59316, 41.182153], [-3.59322, 41.182135], [-3.593271, 41.182127], [-3.59328, 41.182133], [-3.593325, 41.18214], [-3.593391, 41.182139], [-3.593471, 41.182126], [-3.593507, 41.182115], [-3.593577, 41.182094], [-3.593678, 41.182046], [-3.593681, 41.182045], [-3.593798, 41.181969], [-3.593835, 41.182053], [-3.593775, 41.182076], [-3.593738, 41.182089], [-3.593697, 41.182111], [-3.593657, 41.18213], [-3.59353, 41.182182], [-3.593403, 41.182206], [-3.593303, 41.182237], [-3.593215, 41.182274], [-3.593177, 41.18229], [-3.593117, 41.182324], [-3.593071, 41.182349], [-3.593037, 41.182374], [-3.593002, 41.182401], [-3.592946, 41.182453], [-3.592926, 41.182474], [-3.592888, 41.182515], [-3.592844, 41.182576], [-3.592837, 41.182587], [-3.592777, 41.182701], [-3.592767, 41.18272], [-3.592753, 41.182789], [-3.592744, 41.182867], [-3.592741, 41.182889], [-3.592715, 41.182891], [-3.59268, 41.182895], [-3.592544, 41.182837], [-3.592532, 41.182832], [-3.592469, 41.182806], [-3.592318, 41.182734], [-3.592245, 41.182699], [-3.592193, 41.182673], [-3.592147, 41.182648], [-3.592111, 41.182628], [-3.592057, 41.182597], [-3.592041, 41.182587], [-3.591982, 41.182548], [-3.591948, 41.182522], [-3.591921, 41.182502], [-3.591871, 41.182461], [-3.591836, 41.182437], [-3.591795, 41.182415], [-3.591755, 41.182396], [-3.591718, 41.18238], [-3.591705, 41.182375], [-3.591672, 41.182364], [-3.591617, 41.182349], [-3.591551, 41.182334], [-3.591535, 41.182331], [-3.591483, 41.182323], [-3.591437, 41.182311], [-3.59139, 41.182297], [-3.591324, 41.182274], [-3.59126, 41.182247], [-3.591205, 41.182233], [-3.591154, 41.18223], [-3.591046, 41.182245], [-3.590937, 41.18227], [-3.590829, 41.182296], [-3.590674, 41.182331], [-3.590427, 41.182369], [-3.590402, 41.182355], [-3.59038, 41.182343], [-3.590431, 41.18217], [-3.59046, 41.182105], [-3.590483, 41.18205], [-3.590503, 41.18199], [-3.590508, 41.181967], [-3.590506, 41.18194], [-3.5905, 41.181914], [-3.59049, 41.181894], [-3.590471, 41.181877], [-3.590443, 41.181857], [-3.59041, 41.181831], [-3.590319, 41.18178], [-3.590165, 41.181695], [-3.590138, 41.181679], [-3.589906, 41.181542], [-3.589771, 41.181469], [-3.589629, 41.181399], [-3.589574, 41.181371], [-3.589505, 41.181333], [-3.589429, 41.181285], [-3.589334, 41.18123], [-3.589183, 41.181148], [-3.589097, 41.181106], [-3.589048, 41.181087], [-3.589003, 41.181075], [-3.588963, 41.18106], [-3.588932, 41.181047], [-3.588889, 41.181024], [-3.588833, 41.180983], [-3.588793, 41.180948], [-3.588763, 41.180917], [-3.588743, 41.180889], [-3.588713, 41.180853], [-3.588682, 41.18082], [-3.588644, 41.180788], [-3.588603, 41.180756], [-3.588562, 41.180732], [-3.588517, 41.180713], [-3.588469, 41.18069], [-3.588415, 41.180658], [-3.588334, 41.180612], [-3.588264, 41.180569], [-3.588208, 41.180531], [-3.588135, 41.180478], [-3.588059, 41.180423], [-3.587982, 41.180364], [-3.587913, 41.180312], [-3.587861, 41.180276], [-3.587842, 41.180264], [-3.587821, 41.180256], [-3.587849, 41.180235], [-3.587816, 41.180214], [-3.587778, 41.180191], [-3.587746, 41.18024], [-3.587714, 41.180224], [-3.587697, 41.180204], [-3.587668, 41.180178], [-3.587636, 41.180145], [-3.58757, 41.180094], [-3.587487, 41.180028], [-3.587406, 41.179964], [-3.58725, 41.179871], [-3.587124, 41.179826], [-3.586959, 41.179748], [-3.586846, 41.179697], [-3.58671, 41.17964], [-3.586622, 41.179604], [-3.586586, 41.179589], [-3.58649, 41.179548], [-3.586432, 41.179528], [-3.586386, 41.179509], [-3.58633, 41.179495], [-3.58629, 41.179489], [-3.586262, 41.179485], [-3.586204, 41.179478], [-3.586112, 41.179452], [-3.586017, 41.179415], [-3.585951, 41.179391], [-3.585914, 41.179377], [-3.585818, 41.179337], [-3.58576, 41.179311], [-3.585672, 41.179264], [-3.585593, 41.179217], [-3.585505, 41.179165], [-3.585452, 41.179132], [-3.585413, 41.179103], [-3.585359, 41.17906], [-3.585335, 41.179048], [-3.585332, 41.179044], [-3.58527, 41.178988], [-3.585252, 41.178971], [-3.585227, 41.178941], [-3.585199, 41.178901], [-3.585189, 41.178886], [-3.585172, 41.178856], [-3.585134, 41.178809], [-3.585106, 41.178786], [-3.585078, 41.178767], [-3.585041, 41.178744], [-3.584984, 41.178713], [-3.584712, 41.178571], [-3.584605, 41.178521], [-3.584553, 41.178495], [-3.584444, 41.178435], [-3.584253, 41.178354], [-3.584145, 41.178296], [-3.583981, 41.178218], [-3.583818, 41.178132], [-3.583699, 41.178064], [-3.583597, 41.178008], [-3.58317, 41.177763], [-3.583169, 41.177745], [-3.58317, 41.177724], [-3.583172, 41.177695], [-3.583173, 41.177669], [-3.583174, 41.177653], [-3.583431, 41.17778], [-3.583549, 41.177844], [-3.583772, 41.177978], [-3.583895, 41.17805], [-3.583914, 41.178061], [-3.583972, 41.178091], [-3.584037, 41.178124], [-3.584143, 41.178168], [-3.584195, 41.178187], [-3.584206, 41.178191], [-3.584231, 41.1782], [-3.584269, 41.178219], [-3.584315, 41.178243], [-3.584452, 41.178312], [-3.584551, 41.178364], [-3.584777, 41.178482], [-3.584811, 41.178499], [-3.585009, 41.1786], [-3.585154, 41.178678], [-3.585178, 41.178691], [-3.585268, 41.178742], [-3.585369, 41.178817], [-3.585449, 41.178877], [-3.585503, 41.178911], [-3.585567, 41.17894], [-3.58565, 41.178979], [-3.58575, 41.179035], [-3.585842, 41.179093], [-3.585923, 41.17914], [-3.585944, 41.179151], [-3.586004, 41.179185], [-3.586138, 41.179253], [-3.586156, 41.17926], [-3.586232, 41.17929], [-3.586256, 41.179311], [-3.586275, 41.179329], [-3.586452, 41.179405], [-3.586489, 41.179421], [-3.586613, 41.179473], [-3.586646, 41.179486], [-3.586811, 41.17956], [-3.586901, 41.1796], [-3.586919, 41.179599], [-3.586953, 41.179627], [-3.586969, 41.179621], [-3.587082, 41.179687], [-3.587143, 41.179718], [-3.587178, 41.179738], [-3.587302, 41.179729], [-3.587328, 41.179725], [-3.587353, 41.179722], [-3.587511, 41.179689], [-3.587525, 41.179686], [-3.587637, 41.179663], [-3.587673, 41.179655], [-3.587746, 41.179638], [-3.587872, 41.179612], [-3.588009, 41.179579], [-3.588088, 41.17956], [-3.58814, 41.179548], [-3.588272, 41.179515], [-3.588335, 41.1795], [-3.588388, 41.179488], [-3.588472, 41.179472], [-3.588558, 41.179457], [-3.588629, 41.179446], [-3.588678, 41.179439], [-3.588725, 41.179435], [-3.588763, 41.179422], [-3.5888, 41.179416], [-3.588875, 41.179412], [-3.588936, 41.179398], [-3.588987, 41.179386], [-3.589042, 41.179368], [-3.589121, 41.179338], [-3.589236, 41.179299], [-3.589282, 41.179278], [-3.589293, 41.179273], [-3.589357, 41.179238], [-3.589412, 41.17922], [-3.589492, 41.179198], [-3.589571, 41.179185], [-3.589654, 41.179176], [-3.589738, 41.17917], [-3.589794, 41.17917], [-3.589865, 41.179172], [-3.58993, 41.179183], [-3.589985, 41.179175], [-3.590215, 41.179174], [-3.590325, 41.179178], [-3.590371, 41.179188], [-3.590405, 41.179198], [-3.590451, 41.179215], [-3.590546, 41.179252], [-3.590666, 41.179304], [-3.590737, 41.179325], [-3.590787, 41.179329], [-3.590943, 41.179329], [-3.590981, 41.179333], [-3.591037, 41.179348], [-3.591122, 41.179369], [-3.591182, 41.179403], [-3.591246, 41.179511], [-3.591343, 41.179636], [-3.591415, 41.179708], [-3.591532, 41.179806], [-3.591765, 41.179906], [-3.591837, 41.179937], [-3.592141, 41.180048], [-3.592282, 41.180099], [-3.592292, 41.180103], [-3.592479, 41.180173], [-3.592609, 41.180222], [-3.592671, 41.180238], [-3.592882, 41.180295], [-3.592936, 41.180309], [-3.593174, 41.180389], [-3.593198, 41.180397], [-3.593315, 41.180432], [-3.593576, 41.180488], [-3.593676, 41.180497], [-3.593734, 41.180579], [-3.593738, 41.180584], [-3.5938, 41.180686], [-3.593826, 41.180729], [-3.593905, 41.180821]]]}}, {"type": "Feature", "properties": {"ref": "40223A01509006", "nombre": "Camino de Rades A Villarejo", "nombre_catastro": "CAMINO DE RADES A VILLAREJO", "tipo": "camino público", "clase": "camino", "municipio": "Santo Tomé del Puerto", "pueblo": "", "area_m2": 5727, "fuente": "Catastro · parcela de dominio público"}, "geometry": {"type": "Polygon", "coordinates": [[[-3.592741, 41.182889], [-3.592739, 41.182901], [-3.592736, 41.182912], [-3.592724, 41.182957], [-3.592634, 41.183118], [-3.592325, 41.183441], [-3.591708, 41.184134], [-3.59146, 41.18445], [-3.591367, 41.184554], [-3.59128, 41.184657], [-3.591004, 41.185038], [-3.590937, 41.1852], [-3.590893, 41.185276], [-3.590843, 41.18535], [-3.590811, 41.185382], [-3.590781, 41.185408], [-3.590713, 41.185472], [-3.590643, 41.185528], [-3.590609, 41.185554], [-3.590489, 41.185643], [-3.590238, 41.18582], [-3.590214, 41.185837], [-3.590066, 41.185943], [-3.589991, 41.186006], [-3.58994, 41.18605], [-3.589914, 41.186078], [-3.589887, 41.186109], [-3.589843, 41.186158], [-3.589822, 41.186174], [-3.589797, 41.186191], [-3.589747, 41.186223], [-3.589688, 41.186257], [-3.589623, 41.186306], [-3.589605, 41.186324], [-3.589532, 41.186407], [-3.589496, 41.186448], [-3.58946, 41.186488], [-3.589392, 41.186564], [-3.589387, 41.186571], [-3.589308, 41.186668], [-3.589212, 41.186807], [-3.589195, 41.186832], [-3.589127, 41.186948], [-3.589056, 41.187138], [-3.589024, 41.187228], [-3.588952, 41.187393], [-3.588851, 41.18756], [-3.58877, 41.187662], [-3.588712, 41.187718], [-3.588667, 41.187759], [-3.588554, 41.187852], [-3.588436, 41.187949], [-3.588275, 41.188077], [-3.588016, 41.18827], [-3.587781, 41.188429], [-3.587701, 41.188483], [-3.587523, 41.188607], [-3.587508, 41.188584], [-3.587495, 41.188564], [-3.587464, 41.188516], [-3.587577, 41.188439], [-3.58793, 41.188209], [-3.588209, 41.188005], [-3.588369, 41.187889], [-3.58848, 41.187801], [-3.588574, 41.187725], [-3.588769, 41.187535], [-3.588869, 41.187362], [-3.588937, 41.187213], [-3.588976, 41.187106], [-3.589029, 41.186929], [-3.589105, 41.186785], [-3.589182, 41.186663], [-3.589243, 41.186572], [-3.589259, 41.186552], [-3.589328, 41.18647], [-3.589403, 41.186385], [-3.589488, 41.186299], [-3.589497, 41.18629], [-3.58959, 41.186198], [-3.589681, 41.186113], [-3.589768, 41.186036], [-3.589838, 41.185981], [-3.589855, 41.185967], [-3.589978, 41.18588], [-3.590055, 41.185832], [-3.590114, 41.185797], [-3.59018, 41.185759], [-3.590363, 41.185655], [-3.590368, 41.185651], [-3.590381, 41.185642], [-3.590434, 41.185605], [-3.590578, 41.185513], [-3.5906, 41.185497], [-3.590666, 41.185442], [-3.590734, 41.185375], [-3.590761, 41.185352], [-3.590794, 41.185312], [-3.590821, 41.185261], [-3.590879, 41.185167], [-3.590951, 41.185015], [-3.591235, 41.184628], [-3.591384, 41.184459], [-3.59167, 41.184094], [-3.592278, 41.183414], [-3.592583, 41.183095], [-3.592667, 41.182944], [-3.59268, 41.182895], [-3.592715, 41.182891], [-3.592741, 41.182889]]]}}, {"type": "Feature", "properties": {"ref": "40223A01509007", "nombre": "Camino de Rades A Villarejo", "nombre_catastro": "CAMINO DE RADES A VILLAREJO", "tipo": "camino público", "clase": "camino", "municipio": "Santo Tomé del Puerto", "pueblo": "", "area_m2": 900, "fuente": "Catastro · parcela de dominio público"}, "geometry": {"type": "Polygon", "coordinates": [[[-3.586779, 41.189125], [-3.586787, 41.18914], [-3.586329, 41.18944], [-3.58602, 41.189634], [-3.585974, 41.189664], [-3.585891, 41.189706], [-3.585778, 41.189761], [-3.58574, 41.189777], [-3.585701, 41.189792], [-3.585596, 41.189835], [-3.585453, 41.189886], [-3.585345, 41.189919], [-3.585342, 41.189903], [-3.585341, 41.189895], [-3.585329, 41.18988], [-3.585323, 41.189871], [-3.585417, 41.189839], [-3.585421, 41.189838], [-3.585472, 41.18982], [-3.585565, 41.189784], [-3.585672, 41.189744], [-3.585747, 41.189713], [-3.585854, 41.189661], [-3.585952, 41.189606], [-3.586295, 41.189392], [-3.586767, 41.189079], [-3.586779, 41.189125]]]}}, {"type": "Feature", "properties": {"ref": "40223A00209004", "nombre": "Camino de Rosuero", "nombre_catastro": "CAMINO DE ROSUERO", "tipo": "camino público", "clase": "camino", "municipio": "Santo Tomé del Puerto", "pueblo": "", "area_m2": 2863, "fuente": "Catastro · parcela de dominio público"}, "geometry": {"type": "Polygon", "coordinates": [[[-3.581486, 41.19837], [-3.581483, 41.198394], [-3.581482, 41.198404], [-3.581319, 41.19843], [-3.580946, 41.198488], [-3.58089, 41.198497], [-3.580676, 41.19848], [-3.580472, 41.198463], [-3.580389, 41.198457], [-3.58021, 41.19845], [-3.580016, 41.19843], [-3.579907, 41.198415], [-3.579816, 41.198403], [-3.579654, 41.198378], [-3.579603, 41.198373], [-3.579512, 41.198364], [-3.579341, 41.198351], [-3.579261, 41.198342], [-3.579219, 41.198337], [-3.579102, 41.198324], [-3.579018, 41.198314], [-3.578708, 41.198285], [-3.578494, 41.198259], [-3.578429, 41.198249], [-3.578374, 41.19824], [-3.578282, 41.198225], [-3.578137, 41.198198], [-3.577977, 41.198154], [-3.577931, 41.19814], [-3.577852, 41.198115], [-3.577744, 41.198089], [-3.577675, 41.198072], [-3.577603, 41.198062], [-3.577532, 41.198055], [-3.577526, 41.198055], [-3.577437, 41.19805], [-3.57734, 41.198054], [-3.57726, 41.198057], [-3.577147, 41.198072], [-3.577042, 41.198089], [-3.576981, 41.198104], [-3.576945, 41.198107], [-3.576892, 41.198112], [-3.576749, 41.19812], [-3.576671, 41.198116], [-3.576642, 41.198113], [-3.576552, 41.198107], [-3.57644, 41.198089], [-3.576385, 41.198079], [-3.576341, 41.198071], [-3.576246, 41.198049], [-3.576132, 41.198021], [-3.576108, 41.198015], [-3.575977, 41.197978], [-3.575879, 41.197956], [-3.575855, 41.197952], [-3.575709, 41.197924], [-3.575638, 41.197916], [-3.575589, 41.19791], [-3.5755, 41.197904], [-3.575422, 41.197905], [-3.575411, 41.197905], [-3.575325, 41.19791], [-3.575244, 41.197917], [-3.575079, 41.197937], [-3.574934, 41.197961], [-3.574863, 41.197971], [-3.574856, 41.197971], [-3.574793, 41.197971], [-3.574742, 41.197965], [-3.574708, 41.197957], [-3.574329, 41.197868], [-3.574072, 41.197818], [-3.573847, 41.197775], [-3.573697, 41.197756], [-3.573568, 41.197753], [-3.573341, 41.197733], [-3.573172, 41.197706], [-3.573053, 41.197671], [-3.573082, 41.197658], [-3.573105, 41.197648], [-3.573186, 41.197672], [-3.573349, 41.197697], [-3.573572, 41.197717], [-3.573702, 41.19772], [-3.573717, 41.197722], [-3.573857, 41.19774], [-3.573874, 41.197743], [-3.574084, 41.197783], [-3.574101, 41.197786], [-3.574342, 41.197833], [-3.574464, 41.197862], [-3.574516, 41.197874], [-3.574658, 41.197907], [-3.574722, 41.197923], [-3.574753, 41.19793], [-3.574796, 41.197935], [-3.574859, 41.197934], [-3.574925, 41.197925], [-3.574973, 41.197917], [-3.575071, 41.197901], [-3.575237, 41.197882], [-3.57532, 41.197874], [-3.575409, 41.197869], [-3.575502, 41.197868], [-3.575595, 41.197875], [-3.575718, 41.197889], [-3.575846, 41.197913], [-3.575891, 41.197921], [-3.575992, 41.197944], [-3.576147, 41.197987], [-3.57626, 41.198015], [-3.576353, 41.198036], [-3.576409, 41.198046], [-3.57645, 41.198054], [-3.576559, 41.198071], [-3.576621, 41.198076], [-3.576675, 41.19808], [-3.576749, 41.198084], [-3.576853, 41.198078], [-3.576888, 41.198076], [-3.576971, 41.198069], [-3.57703, 41.198054], [-3.577138, 41.198037], [-3.577254, 41.198021], [-3.577338, 41.198018], [-3.577438, 41.198014], [-3.577536, 41.198019], [-3.57761, 41.198026], [-3.577688, 41.198037], [-3.577776, 41.198062], [-3.577893, 41.198095], [-3.57799, 41.19813], [-3.578046, 41.198146], [-3.578115, 41.198167], [-3.578195, 41.198185], [-3.578282, 41.198198], [-3.578339, 41.198202], [-3.578376, 41.198205], [-3.578393, 41.198206], [-3.578421, 41.198207], [-3.578496, 41.198211], [-3.578576, 41.198218], [-3.5787, 41.198231], [-3.578801, 41.198245], [-3.578845, 41.198252], [-3.578989, 41.198275], [-3.579109, 41.198288], [-3.57915, 41.198293], [-3.579226, 41.198301], [-3.579347, 41.198315], [-3.579517, 41.198328], [-3.579661, 41.198343], [-3.579677, 41.198345], [-3.579825, 41.198367], [-3.579922, 41.198381], [-3.580023, 41.198394], [-3.580215, 41.198414], [-3.580391, 41.19842], [-3.580596, 41.198437], [-3.580888, 41.19846], [-3.581084, 41.198433], [-3.581223, 41.198413], [-3.581247, 41.19841], [-3.581275, 41.198406], [-3.581288, 41.198404], [-3.581304, 41.198401], [-3.581361, 41.198391], [-3.581486, 41.19837]]]}}, {"type": "Feature", "properties": {"ref": "40223A00309004", "nombre": "Camino de Rosuero A Riaza", "nombre_catastro": "CAMINO DE ROSUERO A RIAZA", "tipo": "camino público", "clase": "camino", "municipio": "Santo Tomé del Puerto", "pueblo": "", "area_m2": 1224, "fuente": "Catastro · parcela de dominio público"}, "geometry": {"type": "Polygon", "coordinates": [[[-3.559701, 41.198444], [-3.559729, 41.198446], [-3.559667, 41.198502], [-3.559622, 41.198534], [-3.559554, 41.198547], [-3.559235, 41.198567], [-3.558767, 41.198591], [-3.558676, 41.198617], [-3.558515, 41.198677], [-3.558341, 41.198744], [-3.558232, 41.198778], [-3.558066, 41.198828], [-3.558015, 41.198884], [-3.557993, 41.19895], [-3.557963, 41.198993], [-3.55788, 41.199023], [-3.557763, 41.199075], [-3.55769, 41.199086], [-3.557608, 41.199096], [-3.557562, 41.199107], [-3.557519, 41.199128], [-3.5575, 41.199165], [-3.557498, 41.199177], [-3.557493, 41.199213], [-3.557492, 41.199216], [-3.557487, 41.199257], [-3.557466, 41.199289], [-3.557412, 41.199386], [-3.557358, 41.199464], [-3.557278, 41.199592], [-3.557192, 41.199691], [-3.557121, 41.199747], [-3.557105, 41.199757], [-3.557093, 41.199766], [-3.557067, 41.199784], [-3.557087, 41.199722], [-3.557154, 41.199668], [-3.557236, 41.199574], [-3.557316, 41.199448], [-3.557369, 41.19937], [-3.557423, 41.199274], [-3.557441, 41.199247], [-3.557445, 41.199212], [-3.557448, 41.199192], [-3.557452, 41.199167], [-3.557453, 41.199156], [-3.55748, 41.199104], [-3.557542, 41.199074], [-3.557597, 41.199061], [-3.557681, 41.19905], [-3.557746, 41.199041], [-3.557859, 41.198991], [-3.557928, 41.198966], [-3.557948, 41.198937], [-3.55797, 41.198869], [-3.558035, 41.198798], [-3.558214, 41.198744], [-3.558321, 41.198711], [-3.558493, 41.198645], [-3.558623, 41.198597], [-3.558656, 41.198584], [-3.558756, 41.198555], [-3.558937, 41.198541], [-3.55923, 41.198523], [-3.559544, 41.198502], [-3.559592, 41.198493], [-3.559624, 41.198471], [-3.559659, 41.19844], [-3.559701, 41.198444]]]}}, {"type": "Feature", "properties": {"ref": "40223A00109002", "nombre": "Camino de Sepulveda", "nombre_catastro": "CAMINO DE SEPULVEDA", "tipo": "camino público", "clase": "camino", "municipio": "Santo Tomé del Puerto", "pueblo": "", "area_m2": 5102, "fuente": "Catastro · parcela de dominio público"}, "geometry": {"type": "Polygon", "coordinates": [[[-3.602216, 41.205673], [-3.602258, 41.205698], [-3.602245, 41.205706], [-3.602239, 41.205709], [-3.602235, 41.205712], [-3.602219, 41.205721], [-3.602187, 41.205701], [-3.602136, 41.205671], [-3.602114, 41.205657], [-3.602018, 41.205586], [-3.601935, 41.205541], [-3.601905, 41.205527], [-3.601874, 41.205513], [-3.601774, 41.205475], [-3.601715, 41.205454], [-3.601695, 41.205448], [-3.601602, 41.205399], [-3.601543, 41.205368], [-3.601511, 41.205352], [-3.601442, 41.205303], [-3.601356, 41.205241], [-3.601241, 41.205162], [-3.601079, 41.205056], [-3.601031, 41.205029], [-3.60093, 41.204973], [-3.600801, 41.204906], [-3.600713, 41.204861], [-3.600697, 41.204853], [-3.600682, 41.204846], [-3.600668, 41.204838], [-3.600535, 41.204771], [-3.60038, 41.204699], [-3.600285, 41.204656], [-3.600186, 41.204608], [-3.600104, 41.204575], [-3.599991, 41.204521], [-3.599894, 41.204472], [-3.599725, 41.204387], [-3.599567, 41.204305], [-3.599453, 41.204237], [-3.599328, 41.204167], [-3.59924, 41.204124], [-3.599179, 41.204089], [-3.599121, 41.204055], [-3.599089, 41.204033], [-3.599051, 41.204008], [-3.599005, 41.203981], [-3.598935, 41.203947], [-3.598866, 41.203909], [-3.598799, 41.203863], [-3.59875, 41.203829], [-3.598684, 41.203794], [-3.598615, 41.203765], [-3.5985, 41.203697], [-3.59843, 41.203658], [-3.598348, 41.203595], [-3.598244, 41.203494], [-3.598148, 41.20338], [-3.598078, 41.203295], [-3.597901, 41.203103], [-3.597692, 41.202899], [-3.597567, 41.202795], [-3.597458, 41.202725], [-3.597362, 41.202646], [-3.597252, 41.20254], [-3.59718, 41.202479], [-3.597069, 41.202402], [-3.59697, 41.202334], [-3.596842, 41.202255], [-3.596669, 41.202176], [-3.596588, 41.202136], [-3.596479, 41.202102], [-3.596346, 41.202036], [-3.596256, 41.201998], [-3.596196, 41.201956], [-3.596049, 41.201864], [-3.595875, 41.201763], [-3.595775, 41.20171], [-3.595661, 41.201654], [-3.595474, 41.20156], [-3.595226, 41.201448], [-3.595068, 41.201386], [-3.594897, 41.201318], [-3.594781, 41.20127], [-3.594675, 41.201218], [-3.594574, 41.201156], [-3.594376, 41.201023], [-3.594233, 41.200908], [-3.594143, 41.200836], [-3.594047, 41.200769], [-3.593889, 41.200669], [-3.593738, 41.200585], [-3.593652, 41.200537], [-3.593523, 41.200468], [-3.593412, 41.200417], [-3.593199, 41.200339], [-3.592995, 41.200275], [-3.592773, 41.200194], [-3.592573, 41.200109], [-3.592357, 41.200012], [-3.592197, 41.199948], [-3.592082, 41.199894], [-3.592013, 41.199862], [-3.591848, 41.199782], [-3.591596, 41.199649], [-3.591436, 41.199561], [-3.591069, 41.199361], [-3.591028, 41.199336], [-3.590753, 41.199172], [-3.590587, 41.199062], [-3.590416, 41.198936], [-3.590339, 41.198874], [-3.590278, 41.198836], [-3.590216, 41.19882], [-3.59011, 41.198794], [-3.590228, 41.198805], [-3.590309, 41.198814], [-3.59045, 41.19891], [-3.590619, 41.199035], [-3.590784, 41.199144], [-3.591098, 41.199332], [-3.591464, 41.199532], [-3.591624, 41.19962], [-3.591874, 41.199752], [-3.592038, 41.199832], [-3.592221, 41.199916], [-3.592381, 41.199981], [-3.592597, 41.200077], [-3.592795, 41.200162], [-3.593014, 41.200242], [-3.593219, 41.200306], [-3.593435, 41.200385], [-3.593549, 41.200437], [-3.593679, 41.200508], [-3.593766, 41.200556], [-3.593919, 41.20064], [-3.594078, 41.200742], [-3.594177, 41.20081], [-3.594268, 41.200883], [-3.59441, 41.200997], [-3.594605, 41.201129], [-3.594703, 41.201188], [-3.594805, 41.201239], [-3.594919, 41.201287], [-3.59509, 41.201354], [-3.595249, 41.201416], [-3.5955, 41.20153], [-3.595687, 41.201624], [-3.595801, 41.20168], [-3.595904, 41.201734], [-3.596079, 41.201836], [-3.596228, 41.201929], [-3.596285, 41.201968], [-3.596371, 41.202006], [-3.596501, 41.20207], [-3.59661, 41.202104], [-3.596695, 41.202146], [-3.59687, 41.202225], [-3.597001, 41.202306], [-3.597101, 41.202376], [-3.597214, 41.202454], [-3.597288, 41.202517], [-3.597398, 41.202622], [-3.597492, 41.202699], [-3.5976, 41.202769], [-3.597728, 41.202875], [-3.59794, 41.203082], [-3.598118, 41.203275], [-3.598188, 41.20336], [-3.598283, 41.203474], [-3.598384, 41.203571], [-3.598462, 41.203631], [-3.598529, 41.203669], [-3.598642, 41.203735], [-3.598709, 41.203764], [-3.598779, 41.2038], [-3.598831, 41.203836], [-3.598896, 41.203881], [-3.598962, 41.203918], [-3.599032, 41.203952], [-3.599082, 41.20398], [-3.599121, 41.204006], [-3.599152, 41.204027], [-3.599208, 41.204061], [-3.599267, 41.204094], [-3.599356, 41.204137], [-3.599482, 41.204209], [-3.599595, 41.204276], [-3.599752, 41.204357], [-3.59992, 41.204442], [-3.600017, 41.20449], [-3.600129, 41.204544], [-3.60021, 41.204577], [-3.60031, 41.204625], [-3.600405, 41.204668], [-3.600561, 41.204741], [-3.600694, 41.204808], [-3.600827, 41.204876], [-3.600958, 41.204943], [-3.601109, 41.205027], [-3.601273, 41.205135], [-3.601389, 41.205215], [-3.601475, 41.205277], [-3.601541, 41.205323], [-3.60163, 41.20537], [-3.601719, 41.205416], [-3.601795, 41.205442], [-3.601897, 41.205482], [-3.601961, 41.20551], [-3.602049, 41.205558], [-3.602145, 41.20563], [-3.602216, 41.205673]]]}}, {"type": "Feature", "properties": {"ref": "40223A00309005", "nombre": "Camino de Servicio", "nombre_catastro": "CAMINO DE SERVICIO", "tipo": "camino público", "clase": "camino", "municipio": "Santo Tomé del Puerto", "pueblo": "", "area_m2": 421, "fuente": "Catastro · parcela de dominio público"}, "geometry": {"type": "Polygon", "coordinates": [[[-3.565504, 41.199657], [-3.565564, 41.199697], [-3.565554, 41.199707], [-3.565543, 41.199718], [-3.565507, 41.199692], [-3.565467, 41.19967], [-3.565431, 41.199652], [-3.565379, 41.199634], [-3.565328, 41.199607], [-3.565319, 41.199602], [-3.565282, 41.199584], [-3.565242, 41.199562], [-3.565215, 41.199545], [-3.565189, 41.199529], [-3.565164, 41.199518], [-3.565135, 41.199505], [-3.565106, 41.1995], [-3.565091, 41.199498], [-3.565087, 41.199497], [-3.565065, 41.199493], [-3.565026, 41.199481], [-3.56499, 41.199463], [-3.564959, 41.199446], [-3.564922, 41.19942], [-3.564894, 41.199399], [-3.564878, 41.199383], [-3.564859, 41.199361], [-3.564834, 41.199333], [-3.564796, 41.199297], [-3.564762, 41.199264], [-3.564731, 41.199239], [-3.5647, 41.199214], [-3.564677, 41.199193], [-3.564655, 41.199169], [-3.56463, 41.199142], [-3.564603, 41.199097], [-3.564577, 41.199054], [-3.564615, 41.199049], [-3.564642, 41.199046], [-3.564676, 41.199102], [-3.5647, 41.199136], [-3.564727, 41.199166], [-3.564754, 41.199195], [-3.564789, 41.19923], [-3.564817, 41.199252], [-3.564832, 41.199265], [-3.564859, 41.199295], [-3.564902, 41.199338], [-3.564929, 41.199361], [-3.564945, 41.199375], [-3.564974, 41.199404], [-3.565016, 41.199434], [-3.565049, 41.199455], [-3.565068, 41.199463], [-3.565105, 41.199469], [-3.565116, 41.199471], [-3.565135, 41.199476], [-3.56518, 41.1995], [-3.565228, 41.199527], [-3.565268, 41.19955], [-3.565305, 41.199568], [-3.565344, 41.199583], [-3.56536, 41.19959], [-3.565408, 41.19961], [-3.565461, 41.199634], [-3.565504, 41.199657]]]}}, {"type": "Feature", "properties": {"ref": "40223A00209009", "nombre": "Camino de Servidumbre", "nombre_catastro": "CAMINO DE SERVIDUMBRE", "tipo": "camino público", "clase": "camino", "municipio": "Santo Tomé del Puerto", "pueblo": "", "area_m2": 1714, "fuente": "Catastro · parcela de dominio público"}, "geometry": {"type": "Polygon", "coordinates": [[[-3.586172, 41.202388], [-3.585905, 41.202271], [-3.585795, 41.202215], [-3.585774, 41.202204], [-3.585513, 41.20207], [-3.585426, 41.202007], [-3.585284, 41.201905], [-3.585094, 41.201776], [-3.584989, 41.201695], [-3.584951, 41.201662], [-3.584896, 41.201615], [-3.584819, 41.201546], [-3.584794, 41.201526], [-3.584708, 41.201459], [-3.58455, 41.20134], [-3.584481, 41.201295], [-3.584416, 41.201253], [-3.584328, 41.201196], [-3.584179, 41.201112], [-3.584148, 41.201096], [-3.584058, 41.201053], [-3.583935, 41.200984], [-3.583857, 41.200936], [-3.583852, 41.200933], [-3.583786, 41.200887], [-3.583646, 41.200787], [-3.583513, 41.200692], [-3.583487, 41.200676], [-3.583446, 41.20065], [-3.583401, 41.200622], [-3.583327, 41.200578], [-3.583268, 41.20054], [-3.583208, 41.200499], [-3.583162, 41.200468], [-3.58314, 41.200451], [-3.583119, 41.200434], [-3.58306, 41.200381], [-3.583014, 41.200336], [-3.582965, 41.200282], [-3.582935, 41.200243], [-3.582929, 41.200236], [-3.582878, 41.200153], [-3.582853, 41.200107], [-3.582824, 41.200046], [-3.5828, 41.199989], [-3.582782, 41.199939], [-3.582763, 41.199882], [-3.582742, 41.199822], [-3.582716, 41.19975], [-3.582676, 41.199639], [-3.582652, 41.199572], [-3.582617, 41.199454], [-3.582585, 41.199332], [-3.582549, 41.199187], [-3.58235, 41.198397], [-3.582365, 41.198389], [-3.582382, 41.198381], [-3.582386, 41.198396], [-3.582412, 41.198501], [-3.582437, 41.198597], [-3.582487, 41.198798], [-3.58253, 41.198967], [-3.582573, 41.199137], [-3.582584, 41.199182], [-3.582616, 41.199309], [-3.58262, 41.199327], [-3.582652, 41.199449], [-3.582657, 41.199466], [-3.58267, 41.199508], [-3.582687, 41.199565], [-3.58271, 41.199632], [-3.58275, 41.199743], [-3.582776, 41.199815], [-3.582797, 41.199875], [-3.582816, 41.199932], [-3.582834, 41.199981], [-3.582858, 41.200038], [-3.582886, 41.200097], [-3.582911, 41.200142], [-3.582952, 41.200209], [-3.582961, 41.200223], [-3.582995, 41.200267], [-3.583043, 41.20032], [-3.583088, 41.200364], [-3.583145, 41.200416], [-3.583187, 41.200448], [-3.583193, 41.200452], [-3.583232, 41.200479], [-3.583292, 41.20052], [-3.58335, 41.200557], [-3.583424, 41.200601], [-3.583469, 41.200629], [-3.583536, 41.200672], [-3.583548, 41.200681], [-3.583671, 41.200767], [-3.58381, 41.200868], [-3.58388, 41.200915], [-3.583913, 41.200936], [-3.583957, 41.200963], [-3.584079, 41.201031], [-3.5842, 41.201089], [-3.58435, 41.201175], [-3.58444, 41.201232], [-3.584535, 41.201294], [-3.584574, 41.20132], [-3.584734, 41.20144], [-3.584845, 41.201528], [-3.584876, 41.201555], [-3.584923, 41.201597], [-3.584998, 41.201661], [-3.585016, 41.201676], [-3.585118, 41.201756], [-3.585249, 41.201846], [-3.585308, 41.201885], [-3.585484, 41.202011], [-3.585536, 41.202049], [-3.585868, 41.20222], [-3.585924, 41.202248], [-3.586166, 41.202358], [-3.586169, 41.202372], [-3.586172, 41.202388]]]}}, {"type": "Feature", "properties": {"ref": "40223A01009004", "nombre": "Camino de Tayuela", "nombre_catastro": "CAMINO DE TAYUELA", "tipo": "camino público", "clase": "camino", "municipio": "Santo Tomé del Puerto", "pueblo": "", "area_m2": 2407, "fuente": "Catastro · parcela de dominio público"}, "geometry": {"type": "Polygon", "coordinates": [[[-3.557736, 41.192353], [-3.55785, 41.192464], [-3.557831, 41.192469], [-3.557804, 41.192475], [-3.557639, 41.192315], [-3.55752, 41.192227], [-3.557443, 41.192166], [-3.557358, 41.192101], [-3.557301, 41.192057], [-3.557254, 41.19203], [-3.557197, 41.192001], [-3.55714, 41.191968], [-3.557049, 41.191912], [-3.55697, 41.191862], [-3.556934, 41.191828], [-3.556879, 41.191782], [-3.556795, 41.191717], [-3.556715, 41.191659], [-3.556651, 41.191617], [-3.556609, 41.191589], [-3.556546, 41.19155], [-3.556489, 41.191505], [-3.556426, 41.191454], [-3.556366, 41.191396], [-3.556275, 41.19132], [-3.556191, 41.191244], [-3.556098, 41.191164], [-3.555986, 41.19107], [-3.555898, 41.190996], [-3.555835, 41.190942], [-3.555757, 41.190873], [-3.555701, 41.190822], [-3.555643, 41.19076], [-3.555588, 41.190704], [-3.555541, 41.190651], [-3.555493, 41.190593], [-3.555437, 41.190522], [-3.555355, 41.190408], [-3.555294, 41.190327], [-3.555225, 41.190236], [-3.555136, 41.190135], [-3.555087, 41.190081], [-3.55503, 41.190023], [-3.554983, 41.189983], [-3.554931, 41.18994], [-3.554877, 41.189901], [-3.55481, 41.18986], [-3.554754, 41.189822], [-3.554682, 41.189765], [-3.554581, 41.189676], [-3.554502, 41.1896], [-3.554431, 41.189528], [-3.554385, 41.189472], [-3.554344, 41.189415], [-3.554304, 41.189353], [-3.554265, 41.189289], [-3.554237, 41.189234], [-3.554201, 41.189158], [-3.55416, 41.189071], [-3.55413, 41.189013], [-3.5541, 41.188963], [-3.554066, 41.188914], [-3.554042, 41.188881], [-3.55402, 41.188852], [-3.553994, 41.188822], [-3.55395, 41.188778], [-3.553906, 41.188737], [-3.553839, 41.188686], [-3.553807, 41.188662], [-3.553749, 41.188608], [-3.553732, 41.188593], [-3.553683, 41.188539], [-3.553656, 41.188512], [-3.553621, 41.18848], [-3.553591, 41.188455], [-3.553567, 41.188436], [-3.553551, 41.188424], [-3.553534, 41.188413], [-3.553498, 41.188397], [-3.553467, 41.188382], [-3.553441, 41.188366], [-3.553422, 41.188353], [-3.553405, 41.188337], [-3.553391, 41.188317], [-3.553355, 41.18825], [-3.553233, 41.188055], [-3.553138, 41.187923], [-3.5531, 41.18787], [-3.553063, 41.187824], [-3.552972, 41.18776], [-3.552895, 41.187704], [-3.552814, 41.187639], [-3.552729, 41.187564], [-3.552673, 41.187512], [-3.552617, 41.187455], [-3.552542, 41.18738], [-3.552454, 41.187296], [-3.552344, 41.187194], [-3.55226, 41.18712], [-3.552195, 41.187067], [-3.552137, 41.187019], [-3.552059, 41.186958], [-3.551955, 41.186885], [-3.552003, 41.186882], [-3.552084, 41.186939], [-3.552163, 41.187], [-3.552221, 41.187049], [-3.552287, 41.187102], [-3.552371, 41.187177], [-3.552481, 41.187279], [-3.55257, 41.187364], [-3.552645, 41.187439], [-3.552701, 41.187495], [-3.552756, 41.187546], [-3.552841, 41.18762], [-3.55292, 41.187685], [-3.552997, 41.18774], [-3.553091, 41.187807], [-3.553131, 41.187857], [-3.553169, 41.18791], [-3.553265, 41.188043], [-3.553387, 41.188239], [-3.553424, 41.188306], [-3.553435, 41.188322], [-3.553448, 41.188334], [-3.553464, 41.188345], [-3.553488, 41.18836], [-3.553516, 41.188374], [-3.553555, 41.188391], [-3.553575, 41.188404], [-3.553593, 41.188417], [-3.553617, 41.188437], [-3.553648, 41.188462], [-3.553684, 41.188495], [-3.553712, 41.188523], [-3.553761, 41.188577], [-3.553771, 41.188587], [-3.553834, 41.188644], [-3.553863, 41.188668], [-3.55393, 41.188723], [-3.553979, 41.188762], [-3.554023, 41.188807], [-3.55405, 41.188837], [-3.554073, 41.188867], [-3.554098, 41.188901], [-3.554132, 41.188951], [-3.554163, 41.189002], [-3.554193, 41.189062], [-3.554234, 41.189149], [-3.55427, 41.189224], [-3.554298, 41.189278], [-3.554336, 41.189341], [-3.554376, 41.189402], [-3.554416, 41.189458], [-3.55446, 41.189512], [-3.55453, 41.189584], [-3.554609, 41.189659], [-3.554708, 41.189747], [-3.554779, 41.189802], [-3.554833, 41.189839], [-3.554901, 41.189881], [-3.554957, 41.189921], [-3.555009, 41.189965], [-3.555058, 41.190006], [-3.555116, 41.190066], [-3.555166, 41.19012], [-3.555255, 41.190222], [-3.555325, 41.190313], [-3.555387, 41.190395], [-3.555468, 41.190509], [-3.555524, 41.190579], [-3.555571, 41.190637], [-3.555618, 41.190689], [-3.555672, 41.190745], [-3.555729, 41.190805], [-3.555784, 41.190856], [-3.555862, 41.190924], [-3.555925, 41.190978], [-3.556013, 41.191052], [-3.556125, 41.191146], [-3.556218, 41.191227], [-3.556302, 41.191302], [-3.556393, 41.191379], [-3.556453, 41.191436], [-3.556515, 41.191487], [-3.55657, 41.19153], [-3.556632, 41.191568], [-3.556675, 41.191596], [-3.556739, 41.191639], [-3.55682, 41.191698], [-3.556905, 41.191763], [-3.556961, 41.191811], [-3.556995, 41.191843], [-3.557072, 41.191892], [-3.557162, 41.191947], [-3.557218, 41.191979], [-3.557275, 41.192009], [-3.557324, 41.192037], [-3.557383, 41.192082], [-3.557468, 41.192147], [-3.557545, 41.192208], [-3.557665, 41.192296], [-3.557736, 41.192353]]]}}, {"type": "Feature", "properties": {"ref": "40223A00409001", "nombre": "Camino de Tayuela", "nombre_catastro": "CAMINO DE TAYUELA", "tipo": "camino público", "clase": "camino", "municipio": "Santo Tomé del Puerto", "pueblo": "", "area_m2": 7852, "fuente": "Catastro · parcela de dominio público"}, "geometry": {"type": "Polygon", "coordinates": [[[-3.567918, 41.19733], [-3.567952, 41.197338], [-3.567943, 41.197355], [-3.567933, 41.197374], [-3.567882, 41.197364], [-3.567787, 41.197345], [-3.567702, 41.197325], [-3.567623, 41.1973], [-3.5676, 41.197286], [-3.567593, 41.197281], [-3.567564, 41.19726], [-3.567519, 41.197235], [-3.56748, 41.197213], [-3.56738, 41.197147], [-3.567355, 41.197133], [-3.567306, 41.197105], [-3.567174, 41.197031], [-3.567135, 41.197011], [-3.567069, 41.196975], [-3.566984, 41.196926], [-3.566899, 41.196879], [-3.566882, 41.19687], [-3.566737, 41.196783], [-3.566653, 41.196735], [-3.566566, 41.196687], [-3.566557, 41.196682], [-3.566501, 41.196657], [-3.566437, 41.196633], [-3.566376, 41.19661], [-3.566331, 41.196589], [-3.566292, 41.19657], [-3.566235, 41.196545], [-3.565958, 41.196391], [-3.56593, 41.196369], [-3.565938, 41.196347], [-3.565947, 41.196327], [-3.565947, 41.196313], [-3.565942, 41.196294], [-3.565933, 41.196272], [-3.56592, 41.196254], [-3.565895, 41.196231], [-3.565857, 41.196201], [-3.565817, 41.196172], [-3.565778, 41.196149], [-3.5657, 41.196098], [-3.565666, 41.196077], [-3.565619, 41.196046], [-3.5655, 41.195967], [-3.565364, 41.19587], [-3.56522, 41.195762], [-3.565134, 41.195699], [-3.565063, 41.19565], [-3.565001, 41.195592], [-3.564982, 41.195574], [-3.564944, 41.195537], [-3.564861, 41.195463], [-3.564812, 41.195419], [-3.5648, 41.195409], [-3.564743, 41.195349], [-3.564719, 41.195323], [-3.564618, 41.195234], [-3.56444, 41.195118], [-3.564304, 41.195047], [-3.564141, 41.194972], [-3.56397, 41.194922], [-3.56376, 41.194884], [-3.563516, 41.194841], [-3.563238, 41.194803], [-3.563027, 41.194777], [-3.562867, 41.19475], [-3.562697, 41.194691], [-3.562423, 41.1946], [-3.562102, 41.194489], [-3.561826, 41.19442], [-3.56144, 41.194336], [-3.561106, 41.194264], [-3.560746, 41.194172], [-3.560393, 41.194076], [-3.560124, 41.193987], [-3.559995, 41.193924], [-3.559871, 41.193831], [-3.559741, 41.193712], [-3.559688, 41.193646], [-3.559602, 41.193577], [-3.559526, 41.193542], [-3.559396, 41.193478], [-3.559198, 41.193381], [-3.559094, 41.193318], [-3.558981, 41.193234], [-3.558851, 41.193142], [-3.558672, 41.192998], [-3.558576, 41.192918], [-3.55802, 41.192629], [-3.557854, 41.192511], [-3.557828, 41.192492], [-3.557804, 41.192475], [-3.557831, 41.192469], [-3.55785, 41.192464], [-3.557875, 41.192483], [-3.557893, 41.192497], [-3.558043, 41.192609], [-3.558458, 41.192813], [-3.558635, 41.192901], [-3.558716, 41.192967], [-3.558893, 41.19311], [-3.559022, 41.193201], [-3.559133, 41.193284], [-3.559233, 41.193344], [-3.559429, 41.193441], [-3.559558, 41.193504], [-3.559645, 41.193546], [-3.559735, 41.193619], [-3.559789, 41.193686], [-3.559915, 41.193801], [-3.560033, 41.193889], [-3.560152, 41.193947], [-3.560415, 41.194034], [-3.560765, 41.19413], [-3.561123, 41.19422], [-3.561457, 41.194293], [-3.561844, 41.194376], [-3.562124, 41.194447], [-3.562447, 41.194559], [-3.562721, 41.19465], [-3.562886, 41.194707], [-3.563038, 41.194733], [-3.563248, 41.194758], [-3.563529, 41.194796], [-3.563774, 41.19484], [-3.563988, 41.194879], [-3.564168, 41.194931], [-3.564336, 41.19501], [-3.564477, 41.195083], [-3.564792, 41.195312], [-3.564812, 41.195337], [-3.564888, 41.195406], [-3.56491, 41.195426], [-3.564936, 41.19545], [-3.564976, 41.195487], [-3.565023, 41.195529], [-3.565135, 41.195629], [-3.56517, 41.195658], [-3.565176, 41.195663], [-3.565235, 41.195689], [-3.565257, 41.195699], [-3.565306, 41.195718], [-3.56536, 41.195742], [-3.565437, 41.195781], [-3.565459, 41.195797], [-3.565636, 41.195925], [-3.565651, 41.195936], [-3.565797, 41.196055], [-3.565862, 41.196101], [-3.565907, 41.196134], [-3.565958, 41.19617], [-3.565985, 41.19619], [-3.566054, 41.196234], [-3.566138, 41.196288], [-3.566273, 41.19633], [-3.566321, 41.196346], [-3.5664, 41.196372], [-3.566488, 41.196407], [-3.566535, 41.19643], [-3.566562, 41.196447], [-3.566573, 41.196458], [-3.566582, 41.196478], [-3.566592, 41.196495], [-3.56661, 41.196516], [-3.566634, 41.196532], [-3.566665, 41.196549], [-3.566674, 41.196553], [-3.566699, 41.196564], [-3.56671, 41.196572], [-3.566757, 41.196603], [-3.566772, 41.196613], [-3.566792, 41.196625], [-3.566839, 41.196652], [-3.566938, 41.19671], [-3.567243, 41.196887], [-3.567347, 41.196953], [-3.56745, 41.19702], [-3.567486, 41.197044], [-3.567569, 41.197098], [-3.567723, 41.1972], [-3.567752, 41.197219], [-3.567918, 41.19733]]]}}, {"type": "Feature", "properties": {"ref": "40223B10509002", "nombre": "Camino de Val Gadea", "nombre_catastro": "CAMINO DE VAL GADEA", "tipo": "camino público", "clase": "camino", "municipio": "Santo Tomé del Puerto", "pueblo": "", "area_m2": 17136, "fuente": "Catastro · parcela de dominio público"}, "geometry": {"type": "Polygon", "coordinates": [[[-3.61565, 41.19944], [-3.615563, 41.199515], [-3.61524, 41.199472], [-3.615033, 41.199448], [-3.614676, 41.199475], [-3.614406, 41.199505], [-3.614204, 41.199551], [-3.613983, 41.199583], [-3.613726, 41.199638], [-3.613492, 41.199677], [-3.613355, 41.1997], [-3.61307, 41.199754], [-3.61233, 41.199896], [-3.61193, 41.199956], [-3.611621, 41.200009], [-3.61132, 41.200047], [-3.61107, 41.200085], [-3.610899, 41.200126], [-3.610689, 41.200177], [-3.610583, 41.200211], [-3.610151, 41.200266], [-3.609845, 41.200308], [-3.609596, 41.200348], [-3.609287, 41.200423], [-3.609053, 41.200517], [-3.608984, 41.20055], [-3.608828, 41.200625], [-3.608813, 41.200635], [-3.608773, 41.200662], [-3.608505, 41.20086], [-3.608332, 41.201047], [-3.608139, 41.201217], [-3.607918, 41.201341], [-3.607871, 41.201361], [-3.607716, 41.201424], [-3.607579, 41.201522], [-3.607493, 41.20164], [-3.607281, 41.201837], [-3.607174, 41.201958], [-3.607157, 41.201976], [-3.606942, 41.202204], [-3.606828, 41.202379], [-3.60656, 41.202579], [-3.606308, 41.202837], [-3.606126, 41.202989], [-3.606124, 41.202992], [-3.606112, 41.203006], [-3.605864, 41.203291], [-3.605704, 41.203443], [-3.605637, 41.203507], [-3.605516, 41.203621], [-3.605493, 41.203643], [-3.60549, 41.203646], [-3.605476, 41.203659], [-3.605013, 41.204047], [-3.604981, 41.204098], [-3.604923, 41.20419], [-3.604444, 41.204648], [-3.604414, 41.204677], [-3.604302, 41.204784], [-3.604295, 41.20479], [-3.604291, 41.204794], [-3.604278, 41.204807], [-3.604258, 41.204826], [-3.604036, 41.205038], [-3.603936, 41.205134], [-3.603862, 41.205165], [-3.603838, 41.205178], [-3.603825, 41.205195], [-3.603818, 41.205214], [-3.60382, 41.205239], [-3.603835, 41.205264], [-3.603862, 41.205282], [-3.603891, 41.20529], [-3.603958, 41.205295], [-3.604084, 41.205298], [-3.604527, 41.205322], [-3.604765, 41.205334], [-3.604985, 41.205346], [-3.605035, 41.205348], [-3.605557, 41.205376], [-3.605621, 41.205379], [-3.605656, 41.205381], [-3.605699, 41.205384], [-3.605749, 41.205387], [-3.605765, 41.205388], [-3.605997, 41.205402], [-3.606053, 41.205405], [-3.606234, 41.205416], [-3.606341, 41.205422], [-3.606351, 41.205423], [-3.606584, 41.205437], [-3.606622, 41.205439], [-3.606864, 41.205453], [-3.606884, 41.205455], [-3.60699, 41.205461], [-3.607065, 41.205465], [-3.607289, 41.205479], [-3.60744, 41.205498], [-3.607751, 41.205538], [-3.607968, 41.205566], [-3.608042, 41.205575], [-3.60807, 41.205579], [-3.608111, 41.205584], [-3.608275, 41.205605], [-3.608429, 41.205625], [-3.608722, 41.205673], [-3.608745, 41.205677], [-3.609013, 41.205721], [-3.609092, 41.205734], [-3.60925, 41.20576], [-3.609488, 41.205799], [-3.609616, 41.20582], [-3.609742, 41.205841], [-3.609999, 41.205883], [-3.610057, 41.205892], [-3.610103, 41.2059], [-3.610156, 41.205909], [-3.61029, 41.205931], [-3.610318, 41.205935], [-3.610514, 41.205968], [-3.61089, 41.206029], [-3.61119, 41.206297], [-3.611368, 41.206455], [-3.611502, 41.206575], [-3.611736, 41.206784], [-3.611872, 41.206905], [-3.612019, 41.207035], [-3.612173, 41.207172], [-3.612202, 41.207196], [-3.612206, 41.207198], [-3.612124, 41.207268], [-3.612082, 41.20723], [-3.61196, 41.207122], [-3.611928, 41.207094], [-3.611882, 41.207052], [-3.611781, 41.206963], [-3.611645, 41.206842], [-3.611569, 41.206774], [-3.611411, 41.206633], [-3.611277, 41.206514], [-3.611099, 41.206355], [-3.610825, 41.206111], [-3.610489, 41.206056], [-3.610293, 41.206023], [-3.610264, 41.206019], [-3.61013, 41.205997], [-3.609974, 41.205971], [-3.609717, 41.205929], [-3.609463, 41.205887], [-3.609224, 41.205848], [-3.608988, 41.205809], [-3.608697, 41.205761], [-3.608406, 41.205713], [-3.608344, 41.205705], [-3.608255, 41.205694], [-3.608092, 41.205673], [-3.608088, 41.205672], [-3.60805, 41.205668], [-3.607948, 41.205655], [-3.607731, 41.205627], [-3.607421, 41.205587], [-3.607275, 41.205568], [-3.607158, 41.205561], [-3.60698, 41.205551], [-3.606943, 41.205548], [-3.606875, 41.205544], [-3.606575, 41.205526], [-3.606043, 41.205495], [-3.606017, 41.205493], [-3.605987, 41.205491], [-3.605647, 41.205471], [-3.605549, 41.205466], [-3.605247, 41.20545], [-3.605027, 41.205438], [-3.604978, 41.205436], [-3.604977, 41.205436], [-3.604964, 41.205435], [-3.604518, 41.205412], [-3.604076, 41.205388], [-3.60376, 41.205372], [-3.603723, 41.20537], [-3.603715, 41.205369], [-3.603411, 41.205353], [-3.603396, 41.205352], [-3.603334, 41.205355], [-3.603253, 41.205359], [-3.603221, 41.20536], [-3.603247, 41.205349], [-3.603378, 41.205295], [-3.603438, 41.20527], [-3.603831, 41.205106], [-3.603866, 41.205091], [-3.603881, 41.205085], [-3.603897, 41.205069], [-3.603921, 41.205047], [-3.603923, 41.205044], [-3.603957, 41.205011], [-3.603981, 41.204988], [-3.604025, 41.204947], [-3.60404, 41.204933], [-3.604203, 41.204776], [-3.604217, 41.204764], [-3.60424, 41.204741], [-3.604259, 41.204723], [-3.604322, 41.204663], [-3.60434, 41.204646], [-3.604406, 41.204583], [-3.604432, 41.204558], [-3.604493, 41.2045], [-3.604637, 41.204362], [-3.60466, 41.20434], [-3.604796, 41.20421], [-3.604852, 41.204157], [-3.604907, 41.204069], [-3.604943, 41.204011], [-3.60497, 41.203989], [-3.605412, 41.203619], [-3.605414, 41.203617], [-3.605562, 41.203476], [-3.605629, 41.203413], [-3.605775, 41.203275], [-3.605796, 41.203254], [-3.605813, 41.203235], [-3.605963, 41.203063], [-3.605982, 41.20304], [-3.606038, 41.202976], [-3.606057, 41.202954], [-3.606119, 41.202901], [-3.60615, 41.202875], [-3.606244, 41.202797], [-3.606289, 41.20275], [-3.606402, 41.202635], [-3.606444, 41.202592], [-3.606447, 41.202589], [-3.606497, 41.202538], [-3.606575, 41.20248], [-3.606629, 41.202439], [-3.606759, 41.202342], [-3.606792, 41.202292], [-3.606811, 41.202262], [-3.60687, 41.202172], [-3.607083, 41.201946], [-3.607105, 41.201922], [-3.607213, 41.201799], [-3.607267, 41.20175], [-3.60735, 41.201672], [-3.607388, 41.201637], [-3.607408, 41.201619], [-3.607423, 41.201604], [-3.607456, 41.20156], [-3.607477, 41.201532], [-3.607493, 41.201509], [-3.607512, 41.201483], [-3.607539, 41.201464], [-3.607541, 41.201462], [-3.607578, 41.201436], [-3.607621, 41.201405], [-3.607633, 41.201397], [-3.607639, 41.201393], [-3.607648, 41.201386], [-3.607666, 41.201373], [-3.607801, 41.201318], [-3.607856, 41.201295], [-3.60786, 41.201293], [-3.607873, 41.201288], [-3.607887, 41.20128], [-3.607967, 41.201235], [-3.608021, 41.201204], [-3.608082, 41.20117], [-3.608093, 41.20116], [-3.608125, 41.201132], [-3.608194, 41.201071], [-3.608266, 41.201008], [-3.608284, 41.200989], [-3.608343, 41.200925], [-3.608441, 41.200819], [-3.608463, 41.200803], [-3.608628, 41.200681], [-3.608717, 41.200616], [-3.608735, 41.200603], [-3.608777, 41.200575], [-3.609011, 41.200463], [-3.609254, 41.200365], [-3.609264, 41.200363], [-3.609574, 41.200287], [-3.609802, 41.20025], [-3.609829, 41.200246], [-3.609972, 41.200226], [-3.610136, 41.200204], [-3.610489, 41.200159], [-3.610559, 41.20015], [-3.610655, 41.200119], [-3.61066, 41.200117], [-3.610987, 41.200039], [-3.611049, 41.200024], [-3.611086, 41.200018], [-3.611304, 41.199985], [-3.611605, 41.199947], [-3.611913, 41.199894], [-3.612312, 41.199834], [-3.612995, 41.199704], [-3.613047, 41.199694], [-3.613226, 41.199659], [-3.613336, 41.199638], [-3.613345, 41.199637], [-3.613705, 41.199577], [-3.613964, 41.199521], [-3.614184, 41.199489], [-3.614287, 41.199466], [-3.614388, 41.199443], [-3.614665, 41.199412], [-3.615035, 41.199384], [-3.615253, 41.19941], [-3.61553, 41.199446], [-3.615562, 41.199445], [-3.61565, 41.19944]]]}}, {"type": "Feature", "properties": {"ref": "40223A01309001", "nombre": "Camino Dehesas", "nombre_catastro": "CAMINO DEHESAS", "tipo": "camino público", "clase": "camino", "municipio": "Santo Tomé del Puerto", "pueblo": "", "area_m2": 5075, "fuente": "Catastro · parcela de dominio público"}, "geometry": {"type": "Polygon", "coordinates": [[[-3.604538, 41.200395], [-3.604517, 41.200395], [-3.604496, 41.200394], [-3.604481, 41.200185], [-3.604473, 41.200038], [-3.604458, 41.199799], [-3.604451, 41.199674], [-3.604441, 41.199538], [-3.60443, 41.199478], [-3.604424, 41.19946], [-3.604409, 41.199436], [-3.604394, 41.199402], [-3.604389, 41.199379], [-3.604384, 41.199339], [-3.604383, 41.199243], [-3.604376, 41.199152], [-3.60436, 41.199091], [-3.604348, 41.199068], [-3.604329, 41.199041], [-3.604297, 41.199006], [-3.604236, 41.198943], [-3.604161, 41.198866], [-3.604095, 41.198802], [-3.604076, 41.198784], [-3.604021, 41.198728], [-3.603971, 41.198676], [-3.603908, 41.198623], [-3.603851, 41.198566], [-3.603816, 41.198529], [-3.603796, 41.198508], [-3.60373, 41.198433], [-3.603699, 41.198392], [-3.60367, 41.198343], [-3.603622, 41.198264], [-3.603602, 41.198236], [-3.603567, 41.198188], [-3.603513, 41.198125], [-3.603444, 41.198047], [-3.603338, 41.197936], [-3.603226, 41.197829], [-3.603137, 41.197754], [-3.603048, 41.197682], [-3.602978, 41.197635], [-3.60297, 41.197629], [-3.602913, 41.197595], [-3.602873, 41.197573], [-3.602821, 41.197548], [-3.602764, 41.197524], [-3.602679, 41.19749], [-3.602635, 41.19747], [-3.602608, 41.197458], [-3.602511, 41.197414], [-3.602413, 41.197365], [-3.602316, 41.197312], [-3.602251, 41.197279], [-3.602186, 41.197242], [-3.602167, 41.197231], [-3.602027, 41.197146], [-3.601894, 41.197066], [-3.601826, 41.197026], [-3.601747, 41.19698], [-3.601593, 41.196897], [-3.601494, 41.196844], [-3.601438, 41.196811], [-3.601317, 41.196741], [-3.601231, 41.196691], [-3.6012, 41.196672], [-3.601101, 41.196611], [-3.601092, 41.196606], [-3.600955, 41.196527], [-3.600886, 41.196487], [-3.600822, 41.196447], [-3.600736, 41.196393], [-3.600693, 41.196377], [-3.600665, 41.196368], [-3.600565, 41.196355], [-3.600523, 41.196348], [-3.600456, 41.196337], [-3.600362, 41.196325], [-3.600184, 41.196303], [-3.600129, 41.196292], [-3.600036, 41.196274], [-3.599897, 41.196226], [-3.599773, 41.19617], [-3.599763, 41.196165], [-3.599603, 41.196102], [-3.599445, 41.196058], [-3.599418, 41.196055], [-3.599324, 41.196042], [-3.599225, 41.19603], [-3.599141, 41.196028], [-3.599116, 41.196027], [-3.598943, 41.196018], [-3.598867, 41.196005], [-3.598824, 41.195998], [-3.598685, 41.19596], [-3.598618, 41.195942], [-3.598503, 41.195891], [-3.598468, 41.195876], [-3.598334, 41.195788], [-3.598143, 41.19567], [-3.597829, 41.195506], [-3.597528, 41.19536], [-3.597443, 41.195319], [-3.597394, 41.195294], [-3.597234, 41.19521], [-3.59711, 41.195145], [-3.597031, 41.195112], [-3.596786, 41.195008], [-3.596646, 41.194948], [-3.596498, 41.194885], [-3.596491, 41.194882], [-3.596287, 41.19479], [-3.596136, 41.194722], [-3.59613, 41.19472], [-3.595977, 41.194656], [-3.5958, 41.194583], [-3.595748, 41.194561], [-3.595577, 41.194493], [-3.595416, 41.194429], [-3.5954, 41.194424], [-3.595209, 41.194361], [-3.594877, 41.194269], [-3.594821, 41.194255], [-3.594636, 41.194208], [-3.594519, 41.194184], [-3.594441, 41.194169], [-3.594246, 41.194118], [-3.594079, 41.194059], [-3.593902, 41.19399], [-3.593737, 41.193933], [-3.593549, 41.193851], [-3.593414, 41.193783], [-3.593233, 41.1937], [-3.593017, 41.193602], [-3.592704, 41.193462], [-3.59228, 41.193286], [-3.592105, 41.193208], [-3.592061, 41.193181], [-3.59193, 41.193099], [-3.591661, 41.192902], [-3.591589, 41.192849], [-3.591601, 41.19283], [-3.591612, 41.192813], [-3.591958, 41.193076], [-3.592126, 41.193184], [-3.592304, 41.193267], [-3.592616, 41.193391], [-3.592653, 41.193406], [-3.592726, 41.193435], [-3.592872, 41.1935], [-3.593038, 41.193575], [-3.593263, 41.193677], [-3.593437, 41.193756], [-3.593571, 41.193824], [-3.593757, 41.193905], [-3.593921, 41.193962], [-3.594097, 41.194031], [-3.594103, 41.194033], [-3.594262, 41.194088], [-3.594454, 41.194139], [-3.594648, 41.194178], [-3.594828, 41.194223], [-3.594891, 41.194239], [-3.595146, 41.19431], [-3.595225, 41.194332], [-3.595421, 41.194396], [-3.595434, 41.1944], [-3.5956, 41.194467], [-3.595768, 41.194534], [-3.595817, 41.194554], [-3.596026, 41.194641], [-3.596153, 41.194693], [-3.596157, 41.194695], [-3.596239, 41.194732], [-3.596428, 41.194817], [-3.596518, 41.194858], [-3.597001, 41.195063], [-3.597133, 41.195119], [-3.597444, 41.195281], [-3.597466, 41.195293], [-3.597707, 41.195409], [-3.597852, 41.19548], [-3.598168, 41.195645], [-3.598361, 41.195764], [-3.598418, 41.195802], [-3.598493, 41.19585], [-3.598574, 41.195886], [-3.598635, 41.195913], [-3.59872, 41.195936], [-3.598836, 41.195968], [-3.598901, 41.195979], [-3.598949, 41.195987], [-3.599118, 41.195996], [-3.599174, 41.195997], [-3.599229, 41.195998], [-3.599331, 41.196011], [-3.599456, 41.196028], [-3.599498, 41.196039], [-3.599535, 41.19605], [-3.59962, 41.196073], [-3.599701, 41.196106], [-3.599783, 41.196138], [-3.599878, 41.196181], [-3.599917, 41.196198], [-3.599976, 41.196218], [-3.60005, 41.196244], [-3.600135, 41.196261], [-3.600193, 41.196272], [-3.600361, 41.196293], [-3.600463, 41.196306], [-3.600573, 41.196324], [-3.600677, 41.196337], [-3.600758, 41.196366], [-3.600912, 41.196462], [-3.601022, 41.196526], [-3.601127, 41.196586], [-3.601226, 41.196647], [-3.601245, 41.196659], [-3.601342, 41.196717], [-3.601405, 41.196753], [-3.601463, 41.196786], [-3.601467, 41.196789], [-3.601518, 41.196818], [-3.601618, 41.196871], [-3.601685, 41.196908], [-3.601772, 41.196954], [-3.601811, 41.196977], [-3.601867, 41.19701], [-3.601906, 41.197033], [-3.60192, 41.197041], [-3.601972, 41.197073], [-3.602035, 41.19711], [-3.602053, 41.197121], [-3.602087, 41.197141], [-3.602151, 41.19718], [-3.602212, 41.197217], [-3.602257, 41.197242], [-3.602275, 41.197253], [-3.60234, 41.197287], [-3.602422, 41.197331], [-3.602437, 41.197339], [-3.602534, 41.197387], [-3.602629, 41.197431], [-3.602678, 41.197453], [-3.6027, 41.197463], [-3.602783, 41.197497], [-3.602842, 41.197521], [-3.60288, 41.197539], [-3.602896, 41.197547], [-3.602938, 41.19757], [-3.602997, 41.197605], [-3.603008, 41.197613], [-3.603078, 41.197659], [-3.603168, 41.197732], [-3.603258, 41.197808], [-3.603371, 41.197917], [-3.603479, 41.198029], [-3.603548, 41.198107], [-3.603578, 41.198142], [-3.603603, 41.198172], [-3.60366, 41.19825], [-3.603696, 41.198311], [-3.603708, 41.19833], [-3.603737, 41.198378], [-3.603765, 41.198417], [-3.603821, 41.19848], [-3.60383, 41.19849], [-3.603885, 41.198548], [-3.60394, 41.198603], [-3.604004, 41.198656], [-3.604054, 41.198709], [-3.604109, 41.198764], [-3.60414, 41.198794], [-3.604195, 41.198847], [-3.604269, 41.198924], [-3.604331, 41.198988], [-3.604365, 41.199025], [-3.604387, 41.199055], [-3.604394, 41.19907], [-3.6044, 41.199082], [-3.604417, 41.199148], [-3.604425, 41.199241], [-3.604426, 41.199338], [-3.60443, 41.199375], [-3.604435, 41.199394], [-3.604448, 41.199424], [-3.604464, 41.19945], [-3.604471, 41.199472], [-3.604481, 41.199526], [-3.604483, 41.199535], [-3.60449, 41.199629], [-3.604493, 41.199673], [-3.6045, 41.199797], [-3.604515, 41.200036], [-3.604523, 41.200184], [-3.604538, 41.200395]]]}}, {"type": "Feature", "properties": {"ref": "40223A01109002", "nombre": "Camino Mata", "nombre_catastro": "CAMINO MATA", "tipo": "camino público", "clase": "camino", "municipio": "Santo Tomé del Puerto", "pueblo": "", "area_m2": 5529, "fuente": "Catastro · parcela de dominio público"}, "geometry": {"type": "Polygon", "coordinates": [[[-3.581141, 41.182908], [-3.581143, 41.182921], [-3.581015, 41.182929], [-3.580771, 41.182932], [-3.580565, 41.182937], [-3.580321, 41.182934], [-3.580163, 41.18291], [-3.580005, 41.182896], [-3.579787, 41.182891], [-3.579486, 41.182883], [-3.579292, 41.182862], [-3.578842, 41.182827], [-3.578567, 41.182815], [-3.57849, 41.182798], [-3.578422, 41.182785], [-3.578348, 41.182768], [-3.578288, 41.182754], [-3.57823, 41.182738], [-3.578166, 41.182721], [-3.578094, 41.182701], [-3.57804, 41.182685], [-3.577976, 41.182666], [-3.577905, 41.182645], [-3.577836, 41.182622], [-3.577761, 41.182598], [-3.57768, 41.182571], [-3.577617, 41.182549], [-3.57751, 41.182508], [-3.577431, 41.182478], [-3.577338, 41.18244], [-3.577249, 41.182406], [-3.577152, 41.182365], [-3.577064, 41.182327], [-3.577003, 41.1823], [-3.576948, 41.182276], [-3.576917, 41.182263], [-3.576882, 41.182251], [-3.576824, 41.182234], [-3.576751, 41.182211], [-3.576645, 41.182171], [-3.576567, 41.18214], [-3.576488, 41.182109], [-3.576418, 41.182079], [-3.576364, 41.182055], [-3.576317, 41.182033], [-3.576271, 41.182011], [-3.576232, 41.18199], [-3.576187, 41.181967], [-3.576133, 41.181938], [-3.576098, 41.181919], [-3.576062, 41.181898], [-3.576013, 41.181867], [-3.575975, 41.181842], [-3.575939, 41.181823], [-3.575906, 41.181809], [-3.575872, 41.181794], [-3.575838, 41.181783], [-3.575807, 41.181772], [-3.575781, 41.181766], [-3.575743, 41.181756], [-3.575702, 41.181747], [-3.57565, 41.181737], [-3.575598, 41.181731], [-3.575489, 41.181722], [-3.575411, 41.181713], [-3.575349, 41.181706], [-3.575291, 41.181702], [-3.575236, 41.1817], [-3.575174, 41.181701], [-3.575155, 41.181702], [-3.575133, 41.181706], [-3.575114, 41.181711], [-3.575093, 41.181718], [-3.575049, 41.181737], [-3.574988, 41.18175], [-3.574944, 41.181756], [-3.574912, 41.18176], [-3.574868, 41.181762], [-3.574823, 41.181762], [-3.574776, 41.18176], [-3.574747, 41.181757], [-3.574711, 41.181753], [-3.574678, 41.181747], [-3.574642, 41.181741], [-3.574598, 41.18173], [-3.574565, 41.181719], [-3.574502, 41.1817], [-3.574443, 41.181684], [-3.57437, 41.181665], [-3.574295, 41.181648], [-3.574231, 41.18163], [-3.574174, 41.181615], [-3.574113, 41.181597], [-3.574057, 41.181582], [-3.574005, 41.181569], [-3.573955, 41.181558], [-3.573898, 41.181545], [-3.573832, 41.181533], [-3.573739, 41.18152], [-3.573649, 41.181509], [-3.573532, 41.1815], [-3.573419, 41.181489], [-3.573341, 41.181483], [-3.573273, 41.181481], [-3.573221, 41.181476], [-3.573177, 41.181466], [-3.573126, 41.181446], [-3.573068, 41.181418], [-3.572986, 41.181373], [-3.572931, 41.18134], [-3.572886, 41.181311], [-3.572836, 41.181276], [-3.572802, 41.181251], [-3.572781, 41.181235], [-3.572749, 41.181196], [-3.572712, 41.181152], [-3.572654, 41.181078], [-3.572611, 41.181025], [-3.572568, 41.180981], [-3.572524, 41.180941], [-3.572478, 41.180907], [-3.572451, 41.18089], [-3.57243, 41.180881], [-3.572395, 41.180867], [-3.57235, 41.180853], [-3.572329, 41.180848], [-3.572285, 41.180847], [-3.572225, 41.180852], [-3.57215, 41.180855], [-3.572049, 41.180853], [-3.571984, 41.180849], [-3.571905, 41.180844], [-3.57182, 41.180843], [-3.571713, 41.180844], [-3.571637, 41.180845], [-3.571537, 41.180853], [-3.571423, 41.180863], [-3.571342, 41.180873], [-3.57127, 41.180884], [-3.571187, 41.180901], [-3.571092, 41.180917], [-3.570991, 41.180931], [-3.570911, 41.180939], [-3.570789, 41.180952], [-3.570662, 41.180964], [-3.570534, 41.180978], [-3.57036, 41.180991], [-3.570273, 41.180996], [-3.570163, 41.180999], [-3.569952, 41.181005], [-3.569608, 41.181006], [-3.569559, 41.181002], [-3.569535, 41.180999], [-3.569532, 41.180999], [-3.5695, 41.180994], [-3.56944, 41.180986], [-3.569352, 41.180978], [-3.569236, 41.18097], [-3.569165, 41.18097], [-3.569062, 41.180972], [-3.568981, 41.180977], [-3.568907, 41.180984], [-3.568817, 41.180997], [-3.568718, 41.18101], [-3.568612, 41.181025], [-3.56852, 41.181042], [-3.56841, 41.181069], [-3.568325, 41.181091], [-3.568245, 41.181116], [-3.568162, 41.181143], [-3.56806, 41.181162], [-3.567948, 41.181182], [-3.567923, 41.181187], [-3.567814, 41.181203], [-3.567693, 41.181216], [-3.567589, 41.181223], [-3.567549, 41.181223], [-3.567516, 41.181223], [-3.567428, 41.181225], [-3.567302, 41.181226], [-3.567157, 41.181227], [-3.567005, 41.181229], [-3.566864, 41.181235], [-3.566698, 41.181244], [-3.566578, 41.181253], [-3.566548, 41.181256], [-3.566373, 41.181271], [-3.566328, 41.181276], [-3.56621, 41.181289], [-3.566106, 41.181302], [-3.566057, 41.181308], [-3.565981, 41.181319], [-3.565828, 41.181343], [-3.565699, 41.181367], [-3.565601, 41.181384], [-3.565466, 41.18141], [-3.565326, 41.181436], [-3.565248, 41.181451], [-3.565178, 41.181463], [-3.565105, 41.181477], [-3.565051, 41.181487], [-3.564997, 41.1815], [-3.564957, 41.181518], [-3.564924, 41.181537], [-3.564881, 41.181567], [-3.564853, 41.181589], [-3.564827, 41.181616], [-3.564785, 41.181663], [-3.564738, 41.18172], [-3.564686, 41.181772], [-3.564634, 41.181815], [-3.564612, 41.181828], [-3.564585, 41.181845], [-3.564543, 41.181865], [-3.564518, 41.181868], [-3.564471, 41.181874], [-3.564363, 41.181879], [-3.564187, 41.181876], [-3.564141, 41.181871], [-3.564057, 41.181862], [-3.563972, 41.181855], [-3.563761, 41.181841], [-3.563545, 41.181838], [-3.563518, 41.181838], [-3.563387, 41.181842], [-3.563344, 41.181847], [-3.563284, 41.181864], [-3.56324, 41.181882], [-3.563222, 41.181892], [-3.56321, 41.181899], [-3.563153, 41.181936], [-3.563078, 41.181992], [-3.562978, 41.182076], [-3.562963, 41.182087], [-3.562865, 41.182164], [-3.562758, 41.182243], [-3.562733, 41.182257], [-3.562665, 41.182296], [-3.56265, 41.182304], [-3.562546, 41.18236], [-3.562466, 41.182396], [-3.56242, 41.182417], [-3.562319, 41.182458], [-3.562237, 41.182497], [-3.562189, 41.18252], [-3.56206, 41.182588], [-3.561933, 41.182661], [-3.561818, 41.182731], [-3.561755, 41.182772], [-3.561705, 41.182801], [-3.561598, 41.182851], [-3.561575, 41.182863], [-3.561455, 41.182927], [-3.561355, 41.182987], [-3.561248, 41.183054], [-3.561178, 41.183099], [-3.561084, 41.183164], [-3.560931, 41.183255], [-3.560922, 41.183244], [-3.560911, 41.183233], [-3.561059, 41.183145], [-3.561155, 41.183079], [-3.561225, 41.183033], [-3.561333, 41.182966], [-3.561434, 41.182906], [-3.561578, 41.182828], [-3.561685, 41.182779], [-3.561733, 41.182751], [-3.561795, 41.18271], [-3.561911, 41.18264], [-3.562039, 41.182566], [-3.562169, 41.182498], [-3.562301, 41.182435], [-3.562402, 41.182393], [-3.562526, 41.182337], [-3.562629, 41.182282], [-3.562734, 41.182222], [-3.56284, 41.182145], [-3.562952, 41.182057], [-3.563052, 41.181973], [-3.563129, 41.181916], [-3.563188, 41.181878], [-3.563221, 41.181859], [-3.563269, 41.18184], [-3.563335, 41.181821], [-3.563383, 41.181815], [-3.563544, 41.181811], [-3.563763, 41.181814], [-3.563975, 41.181828], [-3.564062, 41.181835], [-3.564146, 41.181844], [-3.56419, 41.181849], [-3.564362, 41.181852], [-3.564466, 41.181847], [-3.56453, 41.181839], [-3.564564, 41.181823], [-3.564609, 41.181795], [-3.564643, 41.181768], [-3.564658, 41.181755], [-3.564708, 41.181704], [-3.564733, 41.181675], [-3.564755, 41.181648], [-3.564798, 41.1816], [-3.564825, 41.181572], [-3.564856, 41.181548], [-3.564901, 41.181517], [-3.564937, 41.181496], [-3.564982, 41.181476], [-3.565041, 41.181461], [-3.565097, 41.181451], [-3.565169, 41.181437], [-3.56524, 41.181424], [-3.565318, 41.18141], [-3.565457, 41.181383], [-3.565592, 41.181358], [-3.565691, 41.181341], [-3.56582, 41.181317], [-3.565956, 41.181295], [-3.565974, 41.181293], [-3.5661, 41.181275], [-3.566205, 41.181262], [-3.566368, 41.181244], [-3.566544, 41.181229], [-3.566695, 41.181217], [-3.566862, 41.181208], [-3.567004, 41.181202], [-3.567157, 41.1812], [-3.567301, 41.181199], [-3.567378, 41.181199], [-3.567427, 41.181198], [-3.567515, 41.181196], [-3.567588, 41.181196], [-3.567606, 41.181195], [-3.567689, 41.181189], [-3.567747, 41.181183], [-3.567808, 41.181176], [-3.567889, 41.181165], [-3.567915, 41.181161], [-3.568004, 41.181144], [-3.568052, 41.181135], [-3.56815, 41.181117], [-3.568191, 41.181104], [-3.568231, 41.181091], [-3.56824, 41.181088], [-3.568313, 41.181066], [-3.568398, 41.181043], [-3.56851, 41.181016], [-3.568604, 41.180998], [-3.568711, 41.180983], [-3.56881, 41.180971], [-3.568902, 41.180957], [-3.568977, 41.18095], [-3.56906, 41.180945], [-3.569164, 41.180943], [-3.569238, 41.180944], [-3.569356, 41.180952], [-3.569445, 41.180959], [-3.569505, 41.180967], [-3.569535, 41.180972], [-3.569541, 41.180973], [-3.569565, 41.180975], [-3.56961, 41.180979], [-3.569951, 41.180978], [-3.570162, 41.180972], [-3.570271, 41.180969], [-3.570357, 41.180964], [-3.57053, 41.180951], [-3.570657, 41.180938], [-3.570785, 41.180925], [-3.570906, 41.180912], [-3.570985, 41.180904], [-3.571085, 41.18089], [-3.571179, 41.180875], [-3.571262, 41.180858], [-3.571336, 41.180846], [-3.571418, 41.180836], [-3.571533, 41.180826], [-3.571635, 41.180818], [-3.571712, 41.180817], [-3.57182, 41.180816], [-3.571906, 41.180817], [-3.571986, 41.180822], [-3.572051, 41.180826], [-3.572149, 41.180828], [-3.572223, 41.180825], [-3.572284, 41.18082], [-3.572334, 41.180821], [-3.572362, 41.180827], [-3.57241, 41.180842], [-3.572448, 41.180857], [-3.572472, 41.180868], [-3.572502, 41.180887], [-3.57255, 41.180923], [-3.572596, 41.180965], [-3.57264, 41.18101], [-3.572685, 41.181063], [-3.572743, 41.181138], [-3.572779, 41.181181], [-3.57281, 41.181218], [-3.572827, 41.181232], [-3.57286, 41.181256], [-3.57291, 41.181291], [-3.572954, 41.181319], [-3.573008, 41.181352], [-3.573088, 41.181396], [-3.573144, 41.181423], [-3.573191, 41.181441], [-3.573228, 41.181449], [-3.573276, 41.181454], [-3.573344, 41.181456], [-3.573423, 41.181462], [-3.573537, 41.181473], [-3.573654, 41.181482], [-3.573745, 41.181493], [-3.57384, 41.181507], [-3.573908, 41.181519], [-3.573965, 41.181532], [-3.574015, 41.181543], [-3.574069, 41.181556], [-3.574125, 41.181572], [-3.574186, 41.18159], [-3.574243, 41.181605], [-3.574306, 41.181622], [-3.574381, 41.181639], [-3.574455, 41.181659], [-3.574515, 41.181675], [-3.574579, 41.181694], [-3.574611, 41.181705], [-3.574651, 41.181715], [-3.574686, 41.181721], [-3.574717, 41.181727], [-3.574753, 41.18173], [-3.57478, 41.181733], [-3.574824, 41.181735], [-3.574867, 41.181735], [-3.574908, 41.181733], [-3.574938, 41.18173], [-3.57498, 41.181724], [-3.575035, 41.181712], [-3.575077, 41.181694], [-3.575101, 41.181685], [-3.575123, 41.18168], [-3.575148, 41.181676], [-3.575172, 41.181674], [-3.575236, 41.181673], [-3.575294, 41.181675], [-3.575353, 41.181679], [-3.575416, 41.181686], [-3.575494, 41.181695], [-3.575602, 41.181705], [-3.575657, 41.18171], [-3.575712, 41.181721], [-3.575754, 41.18173], [-3.575793, 41.18174], [-3.57582, 41.181747], [-3.575853, 41.181758], [-3.575888, 41.18177], [-3.575924, 41.181785], [-3.575958, 41.1818], [-3.575997, 41.18182], [-3.576037, 41.181846], [-3.576085, 41.181877], [-3.57612, 41.181898], [-3.576154, 41.181916], [-3.576208, 41.181945], [-3.576253, 41.181968], [-3.576291, 41.181988], [-3.576336, 41.18201], [-3.576383, 41.182032], [-3.576436, 41.182056], [-3.576505, 41.182085], [-3.576583, 41.182116], [-3.576661, 41.182147], [-3.576766, 41.182187], [-3.576837, 41.182209], [-3.576896, 41.182226], [-3.576934, 41.182238], [-3.576966, 41.182253], [-3.577021, 41.182277], [-3.577082, 41.182304], [-3.57717, 41.182341], [-3.577266, 41.182382], [-3.577355, 41.182416], [-3.577448, 41.182454], [-3.577526, 41.182484], [-3.577632, 41.182524], [-3.577695, 41.182547], [-3.577775, 41.182573], [-3.57785, 41.182597], [-3.577919, 41.18262], [-3.577989, 41.182641], [-3.578053, 41.182659], [-3.578107, 41.182676], [-3.578178, 41.182696], [-3.578242, 41.182713], [-3.578299, 41.182728], [-3.578358, 41.182742], [-3.578432, 41.182759], [-3.5785, 41.182772], [-3.578576, 41.182789], [-3.578845, 41.1828], [-3.579296, 41.182835], [-3.579489, 41.182856], [-3.579788, 41.182863], [-3.580008, 41.182869], [-3.580169, 41.182884], [-3.580325, 41.182907], [-3.580565, 41.18291], [-3.58077, 41.182905], [-3.581013, 41.182902], [-3.581139, 41.182894], [-3.581141, 41.182908]]]}}, {"type": "Feature", "properties": {"ref": "40223A01509004", "nombre": "Camino Mata", "nombre_catastro": "CAMINO MATA", "tipo": "camino público", "clase": "camino", "municipio": "Santo Tomé del Puerto", "pueblo": "", "area_m2": 3064, "fuente": "Catastro · parcela de dominio público"}, "geometry": {"type": "Polygon", "coordinates": [[[-3.590402, 41.182355], [-3.590427, 41.182369], [-3.590343, 41.182461], [-3.590311, 41.182482], [-3.590282, 41.182501], [-3.590202, 41.182564], [-3.59012, 41.18264], [-3.590054, 41.182707], [-3.590049, 41.182707], [-3.589989, 41.182707], [-3.58991, 41.182712], [-3.589826, 41.182723], [-3.589696, 41.182746], [-3.589592, 41.182774], [-3.589476, 41.182807], [-3.589447, 41.182817], [-3.589401, 41.182831], [-3.58927, 41.18288], [-3.589121, 41.182937], [-3.589097, 41.182945], [-3.588971, 41.182988], [-3.588903, 41.18301], [-3.588809, 41.183035], [-3.588783, 41.183038], [-3.588753, 41.183037], [-3.588691, 41.183022], [-3.588638, 41.183009], [-3.588591, 41.182996], [-3.588534, 41.182985], [-3.588479, 41.182975], [-3.58839, 41.182953], [-3.588348, 41.182945], [-3.588328, 41.182943], [-3.588284, 41.182942], [-3.588239, 41.182948], [-3.588096, 41.182975], [-3.588058, 41.182983], [-3.58798, 41.182999], [-3.587873, 41.183027], [-3.587791, 41.183047], [-3.587735, 41.183058], [-3.587668, 41.183069], [-3.58763, 41.183072], [-3.587573, 41.183077], [-3.587466, 41.183078], [-3.587256, 41.183067], [-3.587163, 41.183067], [-3.587106, 41.183071], [-3.586875, 41.183105], [-3.586679, 41.183135], [-3.586313, 41.183159], [-3.585927, 41.18318], [-3.585604, 41.183198], [-3.585462, 41.183202], [-3.585458, 41.183191], [-3.585445, 41.183161], [-3.585434, 41.183137], [-3.585413, 41.18309], [-3.585456, 41.183109], [-3.585483, 41.183119], [-3.585508, 41.183121], [-3.585654, 41.18312], [-3.585958, 41.183118], [-3.586281, 41.183106], [-3.586349, 41.183103], [-3.586668, 41.183082], [-3.586962, 41.183041], [-3.58716, 41.183027], [-3.587489, 41.183025], [-3.587649, 41.183008], [-3.58768, 41.183005], [-3.587791, 41.182987], [-3.587908, 41.182968], [-3.587941, 41.182958], [-3.588125, 41.182904], [-3.588198, 41.182886], [-3.588244, 41.182881], [-3.58826, 41.182879], [-3.588361, 41.182886], [-3.588464, 41.182906], [-3.588502, 41.182913], [-3.588657, 41.182952], [-3.588673, 41.182956], [-3.588736, 41.182968], [-3.588793, 41.182968], [-3.588831, 41.182963], [-3.588936, 41.182926], [-3.588972, 41.182913], [-3.5891, 41.182866], [-3.589284, 41.1828], [-3.589551, 41.182721], [-3.589654, 41.182693], [-3.589803, 41.182653], [-3.589958, 41.182601], [-3.59006, 41.182561], [-3.590148, 41.18251], [-3.590258, 41.182426], [-3.590355, 41.182355], [-3.59038, 41.182343], [-3.590402, 41.182355]]]}}, {"type": "Feature", "properties": {"ref": "40223A01509005", "nombre": "Camino Mata", "nombre_catastro": "CAMINO MATA", "tipo": "camino público", "clase": "camino", "municipio": "Santo Tomé del Puerto", "pueblo": "", "area_m2": 807, "fuente": "Catastro · parcela de dominio público"}, "geometry": {"type": "Polygon", "coordinates": [[[-3.584327, 41.182702], [-3.584203, 41.18268], [-3.584074, 41.182658], [-3.584013, 41.18265], [-3.58395, 41.182646], [-3.583873, 41.182645], [-3.583722, 41.182648], [-3.583676, 41.182651], [-3.58363, 41.182657], [-3.583582, 41.182658], [-3.583533, 41.18266], [-3.58346, 41.182659], [-3.583388, 41.182658], [-3.583318, 41.182654], [-3.583236, 41.182654], [-3.583158, 41.182657], [-3.583091, 41.182661], [-3.583002, 41.182671], [-3.58285, 41.182692], [-3.58272, 41.182715], [-3.582651, 41.182728], [-3.582542, 41.182752], [-3.582406, 41.182781], [-3.582278, 41.182813], [-3.582178, 41.182831], [-3.582068, 41.182843], [-3.581965, 41.182841], [-3.581838, 41.18284], [-3.581736, 41.182837], [-3.581663, 41.182845], [-3.58163, 41.182851], [-3.581591, 41.182866], [-3.581523, 41.182883], [-3.581317, 41.182915], [-3.581223, 41.182916], [-3.58118, 41.182918], [-3.581178, 41.182905], [-3.581177, 41.182892], [-3.581221, 41.182889], [-3.581313, 41.182888], [-3.581515, 41.182856], [-3.581578, 41.182841], [-3.581617, 41.182826], [-3.581657, 41.182818], [-3.581735, 41.18281], [-3.581838, 41.182813], [-3.581966, 41.182814], [-3.582065, 41.182816], [-3.582171, 41.182804], [-3.582269, 41.182787], [-3.582395, 41.182756], [-3.582532, 41.182726], [-3.582641, 41.182702], [-3.582712, 41.182689], [-3.582843, 41.182665], [-3.582996, 41.182645], [-3.583087, 41.182635], [-3.583156, 41.18263], [-3.583235, 41.182627], [-3.583319, 41.182627], [-3.58339, 41.182631], [-3.583461, 41.182632], [-3.583532, 41.182633], [-3.58358, 41.182631], [-3.583626, 41.18263], [-3.583672, 41.182624], [-3.58372, 41.18262], [-3.583873, 41.182618], [-3.583952, 41.182619], [-3.584017, 41.182624], [-3.58408, 41.182631], [-3.584194, 41.182649], [-3.584315, 41.182669], [-3.584321, 41.182685], [-3.584327, 41.182702]]]}}, {"type": "Feature", "properties": {"ref": "40223A00509006", "nombre": "Camino Navazos", "nombre_catastro": "CAMINO NAVAZOS", "tipo": "camino público", "clase": "camino", "municipio": "Santo Tomé del Puerto", "pueblo": "", "area_m2": 6241, "fuente": "Catastro · parcela de dominio público"}, "geometry": {"type": "Polygon", "coordinates": [[[-3.557828, 41.192492], [-3.557854, 41.192511], [-3.557681, 41.192521], [-3.557644, 41.192523], [-3.557609, 41.192527], [-3.557556, 41.192535], [-3.557501, 41.192549], [-3.557454, 41.192561], [-3.557411, 41.192571], [-3.557341, 41.192578], [-3.557244, 41.192576], [-3.557178, 41.192577], [-3.557114, 41.19258], [-3.557042, 41.192582], [-3.556967, 41.192589], [-3.556892, 41.192595], [-3.556801, 41.192604], [-3.556712, 41.192613], [-3.556641, 41.192623], [-3.556525, 41.19264], [-3.556402, 41.192666], [-3.5563, 41.192696], [-3.556148, 41.192756], [-3.556082, 41.192788], [-3.556036, 41.192819], [-3.555983, 41.192877], [-3.55595, 41.192911], [-3.555898, 41.192931], [-3.555851, 41.192931], [-3.555818, 41.192926], [-3.55572, 41.192899], [-3.55565, 41.192874], [-3.555601, 41.192862], [-3.555546, 41.192853], [-3.555496, 41.192854], [-3.55544, 41.192859], [-3.555415, 41.192865], [-3.555385, 41.192879], [-3.555349, 41.192906], [-3.555322, 41.192931], [-3.555307, 41.192948], [-3.555283, 41.192988], [-3.555259, 41.193048], [-3.555234, 41.19311], [-3.555191, 41.19317], [-3.555157, 41.193215], [-3.555103, 41.193267], [-3.555021, 41.193311], [-3.554946, 41.193323], [-3.554835, 41.193323], [-3.554747, 41.1933], [-3.554616, 41.193255], [-3.554445, 41.193157], [-3.554301, 41.193056], [-3.554268, 41.193031], [-3.55424, 41.193032], [-3.554139, 41.193045], [-3.554037, 41.19308], [-3.553919, 41.193096], [-3.553768, 41.193097], [-3.553596, 41.193077], [-3.553464, 41.193049], [-3.553377, 41.193041], [-3.553354, 41.193041], [-3.553332, 41.193042], [-3.553302, 41.193042], [-3.553246, 41.193048], [-3.553177, 41.193091], [-3.55305, 41.193152], [-3.552963, 41.193182], [-3.552849, 41.193223], [-3.552734, 41.193234], [-3.552658, 41.193249], [-3.552534, 41.193274], [-3.552447, 41.193282], [-3.552349, 41.193282], [-3.552226, 41.193273], [-3.552026, 41.193259], [-3.551812, 41.193231], [-3.551542, 41.193174], [-3.551401, 41.193112], [-3.55128, 41.193011], [-3.551185, 41.192912], [-3.551158, 41.192891], [-3.551123, 41.192874], [-3.551087, 41.192862], [-3.551042, 41.192853], [-3.551024, 41.192853], [-3.550997, 41.192858], [-3.550967, 41.192865], [-3.550909, 41.192879], [-3.550785, 41.192905], [-3.550684, 41.192929], [-3.550598, 41.192945], [-3.550499, 41.192965], [-3.550434, 41.192977], [-3.550363, 41.19298], [-3.550183, 41.192978], [-3.550074, 41.192979], [-3.549822, 41.192969], [-3.549592, 41.192946], [-3.549507, 41.192941], [-3.549477, 41.192943], [-3.549432, 41.192956], [-3.549352, 41.192977], [-3.549275, 41.192992], [-3.549144, 41.192993], [-3.54907, 41.192987], [-3.548984, 41.192976], [-3.548925, 41.192962], [-3.548878, 41.192939], [-3.548848, 41.192924], [-3.548823, 41.192908], [-3.548787, 41.192897], [-3.548743, 41.192888], [-3.548706, 41.192886], [-3.548651, 41.192886], [-3.54855, 41.192894], [-3.548493, 41.192908], [-3.548411, 41.192947], [-3.548328, 41.193008], [-3.54824, 41.193101], [-3.548174, 41.193171], [-3.548091, 41.193255], [-3.547992, 41.193347], [-3.547878, 41.193457], [-3.547769, 41.193543], [-3.547638, 41.193599], [-3.547559, 41.193623], [-3.547504, 41.193651], [-3.547464, 41.193683], [-3.547431, 41.193723], [-3.547402, 41.193773], [-3.547372, 41.193859], [-3.547343, 41.193976], [-3.547311, 41.1941], [-3.547262, 41.194192], [-3.547212, 41.194253], [-3.547143, 41.194286], [-3.547094, 41.194287], [-3.54702, 41.194294], [-3.546975, 41.1943], [-3.546931, 41.194315], [-3.546856, 41.194364], [-3.546792, 41.19442], [-3.546742, 41.194472], [-3.546694, 41.194527], [-3.546645, 41.194563], [-3.546556, 41.194605], [-3.546512, 41.194617], [-3.546461, 41.19462], [-3.546417, 41.194613], [-3.546365, 41.194602], [-3.54632, 41.194581], [-3.546268, 41.194548], [-3.546225, 41.194507], [-3.546184, 41.194477], [-3.546124, 41.194427], [-3.546063, 41.194385], [-3.545994, 41.194336], [-3.54588, 41.194267], [-3.545738, 41.194187], [-3.545637, 41.194134], [-3.545564, 41.1941], [-3.545366, 41.194018], [-3.545391, 41.193977], [-3.545594, 41.194061], [-3.545669, 41.194097], [-3.545773, 41.19415], [-3.545916, 41.194231], [-3.546033, 41.194302], [-3.546103, 41.194352], [-3.546166, 41.194395], [-3.546227, 41.194445], [-3.546269, 41.194477], [-3.546311, 41.194517], [-3.546355, 41.194545], [-3.546389, 41.19456], [-3.546431, 41.194569], [-3.546464, 41.194574], [-3.5465, 41.194572], [-3.54653, 41.194565], [-3.546608, 41.194527], [-3.546648, 41.194498], [-3.546693, 41.194446], [-3.546745, 41.194392], [-3.546814, 41.194332], [-3.546899, 41.194277], [-3.546958, 41.194257], [-3.547011, 41.194249], [-3.54709, 41.194242], [-3.547125, 41.194241], [-3.547169, 41.19422], [-3.547209, 41.194172], [-3.547254, 41.194087], [-3.547284, 41.193968], [-3.547314, 41.193849], [-3.547346, 41.193758], [-3.547378, 41.193701], [-3.547417, 41.193655], [-3.547465, 41.193617], [-3.547531, 41.193583], [-3.547612, 41.193558], [-3.547732, 41.193507], [-3.547833, 41.193427], [-3.547946, 41.193319], [-3.548044, 41.193228], [-3.548126, 41.193145], [-3.548191, 41.193075], [-3.548283, 41.192978], [-3.548374, 41.192912], [-3.548468, 41.192867], [-3.548538, 41.19285], [-3.548648, 41.192841], [-3.548709, 41.192841], [-3.548753, 41.192844], [-3.548806, 41.192854], [-3.548855, 41.192869], [-3.548884, 41.192888], [-3.548911, 41.192901], [-3.54895, 41.192921], [-3.548998, 41.192932], [-3.549078, 41.192942], [-3.549146, 41.192947], [-3.549267, 41.192947], [-3.549335, 41.192933], [-3.549412, 41.192913], [-3.549464, 41.192898], [-3.549507, 41.192895], [-3.549598, 41.192901], [-3.549827, 41.192924], [-3.550076, 41.192934], [-3.550183, 41.192933], [-3.550362, 41.192935], [-3.550425, 41.192932], [-3.550485, 41.192921], [-3.550583, 41.192902], [-3.550668, 41.192886], [-3.550768, 41.192862], [-3.550892, 41.192836], [-3.550949, 41.192823], [-3.550981, 41.192815], [-3.551017, 41.192808], [-3.551051, 41.192807], [-3.551108, 41.19282], [-3.551151, 41.192834], [-3.551197, 41.192856], [-3.551231, 41.192884], [-3.551327, 41.192982], [-3.551439, 41.193077], [-3.551565, 41.193132], [-3.551825, 41.193187], [-3.552033, 41.193214], [-3.552232, 41.193228], [-3.552352, 41.193237], [-3.552443, 41.193237], [-3.552523, 41.19323], [-3.552643, 41.193205], [-3.552723, 41.19319], [-3.552832, 41.193179], [-3.552938, 41.193142], [-3.553021, 41.193113], [-3.553142, 41.193055], [-3.553208, 41.193014], [-3.553221, 41.193006], [-3.55324, 41.193004], [-3.553297, 41.192997], [-3.55338, 41.192996], [-3.553475, 41.193004], [-3.553609, 41.193032], [-3.553772, 41.193052], [-3.553913, 41.193051], [-3.554019, 41.193036], [-3.554121, 41.193001], [-3.554235, 41.192987], [-3.554292, 41.192986], [-3.554342, 41.193023], [-3.554483, 41.193122], [-3.554647, 41.193216], [-3.554769, 41.193258], [-3.554845, 41.193278], [-3.55494, 41.193278], [-3.554997, 41.193269], [-3.555061, 41.193234], [-3.555108, 41.193189], [-3.555139, 41.193148], [-3.555178, 41.193093], [-3.555202, 41.193034], [-3.555227, 41.192973], [-3.555255, 41.192925], [-3.555275, 41.192904], [-3.555305, 41.192875], [-3.555348, 41.192843], [-3.55539, 41.192824], [-3.555427, 41.192815], [-3.555492, 41.192808], [-3.555552, 41.192808], [-3.555617, 41.192818], [-3.555672, 41.192832], [-3.555743, 41.192858], [-3.555834, 41.192882], [-3.555856, 41.192886], [-3.555884, 41.192886], [-3.555911, 41.192875], [-3.555935, 41.192851], [-3.555991, 41.192789], [-3.556045, 41.192752], [-3.556118, 41.192717], [-3.556275, 41.192654], [-3.556383, 41.192623], [-3.556511, 41.192596], [-3.55663, 41.192578], [-3.556703, 41.192568], [-3.556884, 41.19255], [-3.55696, 41.192544], [-3.557038, 41.192537], [-3.557111, 41.192534], [-3.557176, 41.192532], [-3.557225, 41.192531], [-3.557245, 41.192531], [-3.557338, 41.192532], [-3.557398, 41.192527], [-3.557435, 41.192518], [-3.557482, 41.192506], [-3.557541, 41.192491], [-3.557599, 41.192483], [-3.557637, 41.192478], [-3.557678, 41.192476], [-3.557804, 41.192475], [-3.557828, 41.192492]]]}}, {"type": "Feature", "properties": {"ref": "40223A00109001", "nombre": "Camino Norte Frailes", "nombre_catastro": "CAMINO NORTE FRAILES", "tipo": "camino público", "clase": "camino", "municipio": "Santo Tomé del Puerto", "pueblo": "", "area_m2": 565, "fuente": "Catastro · parcela de dominio público"}, "geometry": {"type": "Polygon", "coordinates": [[[-3.600697, 41.204853], [-3.600713, 41.204861], [-3.600636, 41.205026], [-3.600593, 41.205129], [-3.600544, 41.205291], [-3.600527, 41.205397], [-3.600512, 41.20552], [-3.600488, 41.205664], [-3.600462, 41.205811], [-3.600426, 41.205957], [-3.600408, 41.206019], [-3.600405, 41.20603], [-3.600389, 41.206089], [-3.600386, 41.206107], [-3.600374, 41.206175], [-3.600375, 41.206183], [-3.60038, 41.206253], [-3.600394, 41.206344], [-3.600411, 41.206414], [-3.600414, 41.206423], [-3.600436, 41.206481], [-3.600447, 41.206508], [-3.600445, 41.206509], [-3.600431, 41.206513], [-3.600414, 41.206519], [-3.600401, 41.206489], [-3.600376, 41.20642], [-3.600359, 41.206348], [-3.600345, 41.206256], [-3.600338, 41.206174], [-3.600354, 41.206085], [-3.60037, 41.206024], [-3.600391, 41.205952], [-3.600427, 41.205807], [-3.600452, 41.205661], [-3.600477, 41.205517], [-3.600491, 41.205395], [-3.600509, 41.205287], [-3.600558, 41.205122], [-3.600602, 41.205017], [-3.600682, 41.204846], [-3.600697, 41.204853]]]}}, {"type": "Feature", "properties": {"ref": "40223A01209001", "nombre": "Camino Rades-Cerezo-Rosuero", "nombre_catastro": "CAMINO RADES-CEREZO-ROSUERO", "tipo": "camino público", "clase": "camino", "municipio": "Santo Tomé del Puerto", "pueblo": "", "area_m2": 944, "fuente": "Catastro · parcela de dominio público"}, "geometry": {"type": "Polygon", "coordinates": [[[-3.592029, 41.191681], [-3.59202, 41.191862], [-3.591997, 41.191969], [-3.591969, 41.192069], [-3.591963, 41.192087], [-3.591959, 41.192098], [-3.591957, 41.192106], [-3.591907, 41.192259], [-3.59189, 41.192299], [-3.59185, 41.192396], [-3.591844, 41.192408], [-3.591809, 41.192474], [-3.591774, 41.192542], [-3.591729, 41.192621], [-3.59171, 41.192654], [-3.591669, 41.192721], [-3.591615, 41.192807], [-3.591612, 41.192813], [-3.591601, 41.19283], [-3.591589, 41.192849], [-3.59156, 41.192894], [-3.591461, 41.193032], [-3.591414, 41.193096], [-3.591397, 41.193121], [-3.591344, 41.193184], [-3.591295, 41.193238], [-3.591256, 41.193281], [-3.591241, 41.193298], [-3.591186, 41.19336], [-3.591184, 41.193362], [-3.591126, 41.193424], [-3.591092, 41.193461], [-3.591063, 41.19349], [-3.591053, 41.193501], [-3.590998, 41.193557], [-3.590944, 41.193611], [-3.590904, 41.193651], [-3.590875, 41.193679], [-3.590793, 41.193751], [-3.590738, 41.1938], [-3.590694, 41.193834], [-3.590566, 41.193934], [-3.590553, 41.193944], [-3.590487, 41.193991], [-3.590435, 41.194028], [-3.590406, 41.194049], [-3.590343, 41.194094], [-3.590286, 41.19413], [-3.590279, 41.194111], [-3.590273, 41.194096], [-3.590321, 41.194073], [-3.590382, 41.194029], [-3.590463, 41.193971], [-3.590541, 41.193915], [-3.590712, 41.193782], [-3.590847, 41.193662], [-3.590915, 41.193595], [-3.591024, 41.193484], [-3.591063, 41.193445], [-3.591156, 41.193344], [-3.591227, 41.193266], [-3.591314, 41.193169], [-3.591366, 41.193107], [-3.591429, 41.193019], [-3.591529, 41.192881], [-3.591583, 41.192796], [-3.591669, 41.192657], [-3.591678, 41.192643], [-3.591741, 41.192531], [-3.591816, 41.192387], [-3.591872, 41.192251], [-3.591913, 41.192128], [-3.591916, 41.192118], [-3.591922, 41.192099], [-3.591933, 41.192067], [-3.591942, 41.192037], [-3.591962, 41.191964], [-3.591984, 41.19186], [-3.591992, 41.191692], [-3.592009, 41.191687], [-3.592029, 41.191681]]]}}, {"type": "Feature", "properties": {"ref": "40223A01209016", "nombre": "Camino Rades-Cerezo-Rosuero", "nombre_catastro": "CAMINO RADES-CEREZO-ROSUERO", "tipo": "camino público", "clase": "camino", "municipio": "Santo Tomé del Puerto", "pueblo": "", "area_m2": 157, "fuente": "Catastro · parcela de dominio público"}, "geometry": {"type": "Polygon", "coordinates": [[[-3.580333, 41.195974], [-3.580352, 41.195988], [-3.580309, 41.196017], [-3.580032, 41.196205], [-3.580007, 41.196192], [-3.579984, 41.196181], [-3.58027, 41.195994], [-3.580317, 41.195963], [-3.580333, 41.195974]]]}}, {"type": "Feature", "properties": {"ref": "40223A01509008", "nombre": "Camino Rades-Cerezo-Rosuero", "nombre_catastro": "CAMINO RADES-CEREZO-ROSUERO", "tipo": "camino público", "clase": "camino", "municipio": "Santo Tomé del Puerto", "pueblo": "", "area_m2": 9941, "fuente": "Catastro · parcela de dominio público"}, "geometry": {"type": "Polygon", "coordinates": [[[-3.596094, 41.182841], [-3.596182, 41.182869], [-3.596092, 41.182872], [-3.596023, 41.182879], [-3.595965, 41.182885], [-3.595882, 41.182897], [-3.595731, 41.182923], [-3.595647, 41.182943], [-3.595566, 41.182964], [-3.595459, 41.183003], [-3.595394, 41.183032], [-3.595331, 41.183066], [-3.595298, 41.183086], [-3.595284, 41.183094], [-3.59522, 41.18314], [-3.595163, 41.183189], [-3.595132, 41.183222], [-3.595126, 41.183231], [-3.595109, 41.183255], [-3.595067, 41.183324], [-3.594976, 41.18347], [-3.59493, 41.183547], [-3.594917, 41.183568], [-3.594869, 41.183645], [-3.594859, 41.183686], [-3.594845, 41.183706], [-3.594804, 41.183739], [-3.594793, 41.183752], [-3.594756, 41.183792], [-3.594732, 41.183817], [-3.594669, 41.18391], [-3.594624, 41.183978], [-3.594605, 41.184], [-3.594567, 41.184062], [-3.59452, 41.184145], [-3.594499, 41.184172], [-3.594468, 41.184222], [-3.594423, 41.184272], [-3.594353, 41.184362], [-3.594309, 41.184422], [-3.594299, 41.184441], [-3.594261, 41.184516], [-3.594249, 41.184534], [-3.594189, 41.18462], [-3.594138, 41.18469], [-3.594155, 41.18471], [-3.594105, 41.184752], [-3.594058, 41.184801], [-3.594004, 41.184866], [-3.593964, 41.184919], [-3.593936, 41.184964], [-3.593872, 41.18507], [-3.593809, 41.185156], [-3.593775, 41.185209], [-3.593739, 41.185251], [-3.593713, 41.185278], [-3.593683, 41.185308], [-3.59365, 41.185343], [-3.593598, 41.185398], [-3.593587, 41.185409], [-3.593537, 41.18546], [-3.593516, 41.185482], [-3.593478, 41.18552], [-3.593438, 41.185568], [-3.593384, 41.18566], [-3.593377, 41.185672], [-3.593335, 41.185745], [-3.593285, 41.185842], [-3.593239, 41.185994], [-3.593201, 41.186084], [-3.593191, 41.186106], [-3.593185, 41.186123], [-3.593129, 41.186269], [-3.593084, 41.186386], [-3.593024, 41.18656], [-3.592992, 41.186685], [-3.59298, 41.186779], [-3.592982, 41.186838], [-3.59299, 41.186903], [-3.592991, 41.186957], [-3.592981, 41.187022], [-3.592951, 41.187127], [-3.592929, 41.187267], [-3.592912, 41.187391], [-3.592891, 41.187502], [-3.592878, 41.187601], [-3.592875, 41.187667], [-3.592873, 41.187706], [-3.592842, 41.187758], [-3.592816, 41.187803], [-3.592766, 41.187892], [-3.592706, 41.187999], [-3.592656, 41.188092], [-3.592596, 41.188202], [-3.592549, 41.188289], [-3.592539, 41.18831], [-3.592485, 41.188425], [-3.592452, 41.188487], [-3.592435, 41.188515], [-3.592367, 41.188626], [-3.592355, 41.188643], [-3.592306, 41.18871], [-3.592284, 41.188735], [-3.592271, 41.18875], [-3.592234, 41.188782], [-3.592202, 41.188796], [-3.592095, 41.188871], [-3.592071, 41.188892], [-3.592038, 41.188926], [-3.592, 41.188975], [-3.591984, 41.189], [-3.591977, 41.18901], [-3.591948, 41.189095], [-3.591932, 41.189188], [-3.591925, 41.189275], [-3.591923, 41.18936], [-3.591923, 41.189417], [-3.591921, 41.189493], [-3.591929, 41.189555], [-3.591942, 41.189625], [-3.591943, 41.189634], [-3.591954, 41.189698], [-3.591957, 41.189754], [-3.591959, 41.189854], [-3.591956, 41.189938], [-3.59195, 41.190025], [-3.591939, 41.190072], [-3.591922, 41.190121], [-3.591911, 41.190147], [-3.591903, 41.190164], [-3.591875, 41.190213], [-3.591859, 41.190231], [-3.591841, 41.190263], [-3.591834, 41.190296], [-3.591833, 41.190347], [-3.591842, 41.190383], [-3.591856, 41.190419], [-3.591883, 41.19048], [-3.591905, 41.190521], [-3.591915, 41.190551], [-3.591932, 41.19061], [-3.591943, 41.190654], [-3.591957, 41.190702], [-3.591971, 41.190745], [-3.591978, 41.190772], [-3.591983, 41.190834], [-3.591984, 41.190845], [-3.591989, 41.190897], [-3.592001, 41.19098], [-3.592014, 41.19103], [-3.592026, 41.191102], [-3.592042, 41.191209], [-3.592047, 41.191293], [-3.592049, 41.191328], [-3.592041, 41.191406], [-3.59204, 41.191419], [-3.592037, 41.191501], [-3.592018, 41.191506], [-3.592002, 41.191511], [-3.592006, 41.191429], [-3.592011, 41.191309], [-3.592, 41.191195], [-3.591986, 41.191113], [-3.591965, 41.191021], [-3.59194, 41.190924], [-3.591919, 41.190863], [-3.59191, 41.190829], [-3.591902, 41.190796], [-3.591892, 41.190759], [-3.591883, 41.190677], [-3.591881, 41.190616], [-3.591864, 41.190567], [-3.591807, 41.190396], [-3.591792, 41.19035], [-3.591791, 41.190278], [-3.591802, 41.190226], [-3.59183, 41.190177], [-3.59186, 41.190123], [-3.591886, 41.190064], [-3.591895, 41.190025], [-3.5919, 41.189992], [-3.591907, 41.189947], [-3.591901, 41.189846], [-3.59189, 41.189719], [-3.591879, 41.189609], [-3.591874, 41.189522], [-3.591872, 41.189456], [-3.591876, 41.189313], [-3.591882, 41.189218], [-3.59189, 41.18916], [-3.5919, 41.189103], [-3.591932, 41.189003], [-3.591957, 41.188951], [-3.591977, 41.188915], [-3.592005, 41.188884], [-3.592032, 41.188856], [-3.592088, 41.188821], [-3.592141, 41.188781], [-3.592183, 41.188743], [-3.592212, 41.188712], [-3.592263, 41.188638], [-3.592325, 41.188544], [-3.59239, 41.188438], [-3.592435, 41.188353], [-3.592482, 41.188256], [-3.592517, 41.188185], [-3.592523, 41.188173], [-3.59257, 41.188104], [-3.592585, 41.188083], [-3.592633, 41.18801], [-3.592656, 41.187975], [-3.59269, 41.187922], [-3.592695, 41.187913], [-3.592718, 41.187871], [-3.592725, 41.187859], [-3.592743, 41.187821], [-3.592752, 41.187801], [-3.592779, 41.187728], [-3.592801, 41.187655], [-3.592805, 41.187644], [-3.592821, 41.187575], [-3.592835, 41.187463], [-3.592837, 41.187442], [-3.592852, 41.18736], [-3.592877, 41.187236], [-3.592894, 41.187141], [-3.592895, 41.187131], [-3.592918, 41.187], [-3.59292, 41.186983], [-3.592929, 41.186914], [-3.592933, 41.186831], [-3.592934, 41.186798], [-3.59293, 41.18677], [-3.592924, 41.18672], [-3.592933, 41.18668], [-3.592943, 41.186644], [-3.592972, 41.186577], [-3.592992, 41.186535], [-3.592998, 41.186517], [-3.592998, 41.186472], [-3.592996, 41.186436], [-3.593003, 41.186401], [-3.593005, 41.18639], [-3.593029, 41.186339], [-3.59305, 41.186287], [-3.593069, 41.186228], [-3.593081, 41.186177], [-3.593093, 41.186121], [-3.593099, 41.186065], [-3.593097, 41.186003], [-3.593088, 41.185946], [-3.593073, 41.185904], [-3.593054, 41.185871], [-3.593035, 41.185848], [-3.592925, 41.185933], [-3.592892, 41.185904], [-3.592997, 41.185822], [-3.593078, 41.18575], [-3.593148, 41.185688], [-3.593239, 41.185595], [-3.593261, 41.185573], [-3.593371, 41.185453], [-3.5934, 41.185418], [-3.593464, 41.185341], [-3.593517, 41.185273], [-3.593548, 41.185232], [-3.593645, 41.185096], [-3.593667, 41.185065], [-3.593709, 41.185001], [-3.59378, 41.184894], [-3.593851, 41.184786], [-3.593905, 41.184704], [-3.593967, 41.184629], [-3.593991, 41.184602], [-3.59404, 41.184545], [-3.594143, 41.184419], [-3.594225, 41.184298], [-3.594297, 41.1842], [-3.594303, 41.184193], [-3.594345, 41.184142], [-3.594396, 41.184087], [-3.594442, 41.184045], [-3.594457, 41.184031], [-3.594493, 41.183991], [-3.594525, 41.183949], [-3.594568, 41.183881], [-3.594625, 41.183802], [-3.594667, 41.183745], [-3.594678, 41.183731], [-3.594711, 41.183687], [-3.594715, 41.183683], [-3.594764, 41.183618], [-3.594816, 41.183549], [-3.594867, 41.183476], [-3.594916, 41.183407], [-3.594955, 41.183341], [-3.594973, 41.183299], [-3.594986, 41.183259], [-3.594991, 41.183222], [-3.594992, 41.183207], [-3.594994, 41.183177], [-3.594991, 41.183137], [-3.59499, 41.183117], [-3.594977, 41.183057], [-3.594971, 41.183037], [-3.594952, 41.182967], [-3.594911, 41.182812], [-3.594902, 41.182778], [-3.595124, 41.182765], [-3.595172, 41.182762], [-3.595291, 41.18283], [-3.59541, 41.182899], [-3.595444, 41.182915], [-3.59546, 41.18292], [-3.595482, 41.182927], [-3.59552, 41.182926], [-3.595556, 41.182907], [-3.595562, 41.182904], [-3.595711, 41.182812], [-3.595741, 41.182767], [-3.595894, 41.182749], [-3.595902, 41.182755], [-3.595986, 41.182797], [-3.596094, 41.182841]]]}}, {"type": "Feature", "properties": {"ref": "40223A00509003", "nombre": "Camino Railes", "nombre_catastro": "CAMINO RAILES", "tipo": "camino público", "clase": "camino", "municipio": "Santo Tomé del Puerto", "pueblo": "", "area_m2": 9096, "fuente": "Catastro · parcela de dominio público"}, "geometry": {"type": "Polygon", "coordinates": [[[-3.546158, 41.196138], [-3.545535, 41.195677], [-3.545383, 41.195593], [-3.54526, 41.195557], [-3.54507, 41.195526], [-3.544657, 41.195534], [-3.544588, 41.195576], [-3.54456, 41.195556], [-3.544635, 41.195509], [-3.544646, 41.195481], [-3.544763, 41.195473], [-3.545076, 41.195472], [-3.545222, 41.195491], [-3.545285, 41.195506], [-3.545526, 41.195598], [-3.545593, 41.195632], [-3.545888, 41.195847], [-3.546058, 41.195969], [-3.546115, 41.196013], [-3.546218, 41.196093], [-3.546415, 41.196235], [-3.546552, 41.19633], [-3.546737, 41.196453], [-3.546877, 41.196549], [-3.547066, 41.196662], [-3.547236, 41.196762], [-3.547371, 41.196846], [-3.547514, 41.196933], [-3.547672, 41.197023], [-3.547883, 41.19714], [-3.548116, 41.19725], [-3.548324, 41.197323], [-3.548524, 41.197379], [-3.54874, 41.197424], [-3.549087, 41.197461], [-3.549619, 41.197506], [-3.550069, 41.197538], [-3.550467, 41.197575], [-3.550801, 41.197598], [-3.551059, 41.197606], [-3.551398, 41.197639], [-3.551807, 41.197686], [-3.55229, 41.197771], [-3.552752, 41.197827], [-3.55344, 41.197915], [-3.553838, 41.197974], [-3.554167, 41.198036], [-3.554366, 41.198067], [-3.554559, 41.198113], [-3.554691, 41.198147], [-3.554816, 41.198183], [-3.554942, 41.198217], [-3.555065, 41.198237], [-3.555138, 41.19825], [-3.555214, 41.198257], [-3.555317, 41.198262], [-3.555385, 41.198261], [-3.555469, 41.198258], [-3.555517, 41.198254], [-3.555571, 41.198248], [-3.555644, 41.198231], [-3.55568, 41.19822], [-3.55572, 41.198207], [-3.555765, 41.198191], [-3.555839, 41.198167], [-3.555941, 41.198137], [-3.55599, 41.198125], [-3.556025, 41.198117], [-3.55603, 41.198115], [-3.556117, 41.198092], [-3.556213, 41.198075], [-3.556295, 41.198075], [-3.55648, 41.198067], [-3.556793, 41.198098], [-3.557298, 41.198158], [-3.557781, 41.198205], [-3.558518, 41.198277], [-3.559204, 41.198344], [-3.559705, 41.198397], [-3.559682, 41.198419], [-3.559659, 41.19844], [-3.559194, 41.198397], [-3.558509, 41.19833], [-3.557772, 41.198259], [-3.557288, 41.198211], [-3.556783, 41.198152], [-3.556485, 41.198122], [-3.556478, 41.198121], [-3.556409, 41.198124], [-3.556297, 41.198129], [-3.556221, 41.198129], [-3.556137, 41.198144], [-3.556089, 41.198157], [-3.556055, 41.198166], [-3.556048, 41.198168], [-3.555968, 41.198192], [-3.555871, 41.198225], [-3.5558, 41.198248], [-3.555755, 41.198264], [-3.555712, 41.198279], [-3.555672, 41.198291], [-3.55559, 41.19831], [-3.555529, 41.198316], [-3.555476, 41.198321], [-3.555387, 41.198324], [-3.555314, 41.198325], [-3.555207, 41.198319], [-3.555123, 41.198313], [-3.555046, 41.198299], [-3.554919, 41.198277], [-3.554787, 41.198242], [-3.554662, 41.198206], [-3.554533, 41.198173], [-3.554345, 41.198128], [-3.554148, 41.198097], [-3.55382, 41.198035], [-3.553425, 41.197977], [-3.552739, 41.197889], [-3.552274, 41.197833], [-3.551791, 41.197748], [-3.551386, 41.197701], [-3.551142, 41.197678], [-3.551096, 41.197673], [-3.551052, 41.197669], [-3.550795, 41.197661], [-3.550458, 41.197638], [-3.55006, 41.197601], [-3.54961, 41.197569], [-3.549077, 41.197523], [-3.548723, 41.197486], [-3.548498, 41.197439], [-3.548292, 41.197381], [-3.548239, 41.197363], [-3.548081, 41.197307], [-3.547836, 41.197192], [-3.547622, 41.197073], [-3.547462, 41.196983], [-3.547318, 41.196895], [-3.547184, 41.196811], [-3.547015, 41.196711], [-3.546823, 41.196597], [-3.546681, 41.1965], [-3.546496, 41.196376], [-3.546358, 41.196281], [-3.546158, 41.196138]]]}}, {"type": "Feature", "properties": {"ref": "40223A00509002", "nombre": "Camino Rosuero-Riofrio Riaza", "nombre_catastro": "CAMINO ROSUERO-RIOFRIO RIAZA", "tipo": "camino público", "clase": "camino", "municipio": "Santo Tomé del Puerto", "pueblo": "", "area_m2": 3170, "fuente": "Catastro · parcela de dominio público"}, "geometry": {"type": "Polygon", "coordinates": [[[-3.56721, 41.198649], [-3.567193, 41.198682], [-3.56718, 41.198708], [-3.567144, 41.198719], [-3.566919, 41.198793], [-3.566721, 41.198804], [-3.566568, 41.198805], [-3.56647, 41.198805], [-3.565858, 41.198794], [-3.56533, 41.198788], [-3.564708, 41.198767], [-3.563956, 41.198738], [-3.563553, 41.19873], [-3.563024, 41.198719], [-3.562661, 41.198697], [-3.562173, 41.198662], [-3.561562, 41.198609], [-3.561014, 41.198561], [-3.560408, 41.198508], [-3.55981, 41.198454], [-3.559729, 41.198446], [-3.559701, 41.198444], [-3.559659, 41.19844], [-3.559682, 41.198419], [-3.559705, 41.198397], [-3.559817, 41.19841], [-3.560415, 41.198463], [-3.561021, 41.198516], [-3.561569, 41.198565], [-3.562179, 41.198617], [-3.562667, 41.198652], [-3.563027, 41.198674], [-3.563554, 41.198685], [-3.563958, 41.198693], [-3.564711, 41.198722], [-3.565332, 41.198743], [-3.56586, 41.198749], [-3.56647, 41.19876], [-3.566572, 41.19876], [-3.566718, 41.198759], [-3.566904, 41.198749], [-3.56721, 41.198649]]]}}, {"type": "Feature", "properties": {"ref": "40223A01109003", "nombre": "Camino Villarejo-Somosierra", "nombre_catastro": "CAMINO VILLAREJO-SOMOSIERRA", "tipo": "camino público", "clase": "camino", "municipio": "Santo Tomé del Puerto", "pueblo": "", "area_m2": 2755, "fuente": "Catastro · parcela de dominio público"}, "geometry": {"type": "Polygon", "coordinates": [[[-3.58118, 41.182918], [-3.581184, 41.182953], [-3.581183, 41.183041], [-3.581174, 41.183115], [-3.581166, 41.183155], [-3.581156, 41.183186], [-3.581144, 41.183228], [-3.581133, 41.183275], [-3.58112, 41.183336], [-3.58111, 41.18339], [-3.581102, 41.183454], [-3.58109, 41.183538], [-3.58108, 41.183591], [-3.581063, 41.183646], [-3.581046, 41.183689], [-3.581021, 41.183728], [-3.580988, 41.183777], [-3.580963, 41.183815], [-3.580941, 41.183854], [-3.580914, 41.183913], [-3.58089, 41.183969], [-3.580868, 41.184032], [-3.580846, 41.184099], [-3.580829, 41.184164], [-3.58081, 41.184243], [-3.580795, 41.184321], [-3.580774, 41.18442], [-3.580744, 41.184544], [-3.580716, 41.184628], [-3.580678, 41.184737], [-3.580647, 41.184834], [-3.580613, 41.184946], [-3.580585, 41.185024], [-3.580571, 41.185073], [-3.580557, 41.185123], [-3.580549, 41.185153], [-3.580508, 41.185218], [-3.580462, 41.185304], [-3.580434, 41.185363], [-3.580413, 41.185425], [-3.580396, 41.185485], [-3.580387, 41.185543], [-3.580377, 41.185597], [-3.580366, 41.185648], [-3.580355, 41.185701], [-3.580336, 41.185758], [-3.580301, 41.185838], [-3.580258, 41.185941], [-3.58019, 41.186087], [-3.580139, 41.186222], [-3.580083, 41.186374], [-3.580049, 41.186469], [-3.579992, 41.186611], [-3.579955, 41.186708], [-3.579923, 41.186795], [-3.579903, 41.186851], [-3.57989, 41.186922], [-3.579887, 41.186979], [-3.579902, 41.187074], [-3.579918, 41.187118], [-3.579938, 41.187164], [-3.579965, 41.187207], [-3.579991, 41.187246], [-3.580016, 41.187277], [-3.580045, 41.187315], [-3.580072, 41.187359], [-3.580099, 41.187418], [-3.580124, 41.187491], [-3.580147, 41.187555], [-3.580162, 41.187603], [-3.580178, 41.18768], [-3.580188, 41.187781], [-3.580189, 41.187907], [-3.580204, 41.188079], [-3.580221, 41.188199], [-3.580247, 41.188338], [-3.580266, 41.188414], [-3.580283, 41.188474], [-3.580313, 41.188541], [-3.580341, 41.188588], [-3.58038, 41.188639], [-3.580433, 41.188703], [-3.580496, 41.188761], [-3.580551, 41.188809], [-3.580606, 41.188862], [-3.580659, 41.18893], [-3.580698, 41.188998], [-3.58074, 41.189086], [-3.580784, 41.189187], [-3.580801, 41.189253], [-3.580818, 41.189344], [-3.580816, 41.189382], [-3.5808, 41.189446], [-3.580707, 41.189617], [-3.580669, 41.189707], [-3.580636, 41.189784], [-3.580607, 41.189837], [-3.580558, 41.189932], [-3.580544, 41.189974], [-3.580537, 41.190014], [-3.580535, 41.190053], [-3.580538, 41.190098], [-3.580543, 41.190141], [-3.580551, 41.190171], [-3.580565, 41.190195], [-3.58058, 41.190213], [-3.580597, 41.190225], [-3.580617, 41.190239], [-3.580622, 41.190282], [-3.580623, 41.190333], [-3.580624, 41.190347], [-3.580578, 41.190357], [-3.580557, 41.190364], [-3.580543, 41.190373], [-3.580528, 41.190386], [-3.580512, 41.190402], [-3.580489, 41.190442], [-3.580457, 41.190518], [-3.580444, 41.190547], [-3.580422, 41.190611], [-3.580404, 41.190672], [-3.58039, 41.190743], [-3.580375, 41.190816], [-3.580366, 41.19091], [-3.580366, 41.190986], [-3.580366, 41.191049], [-3.580366, 41.191063], [-3.580337, 41.191042], [-3.580307, 41.191021], [-3.58031, 41.190927], [-3.580321, 41.190812], [-3.580333, 41.190736], [-3.580335, 41.190727], [-3.580359, 41.190604], [-3.580378, 41.190542], [-3.580393, 41.190493], [-3.580433, 41.190387], [-3.580436, 41.190382], [-3.580453, 41.190276], [-3.580457, 41.190176], [-3.58046, 41.190118], [-3.580463, 41.190033], [-3.580463, 41.190024], [-3.580479, 41.18995], [-3.580497, 41.189891], [-3.580524, 41.189837], [-3.580564, 41.189759], [-3.580613, 41.18967], [-3.58065, 41.189599], [-3.580691, 41.18951], [-3.580714, 41.189463], [-3.580723, 41.189446], [-3.580745, 41.189382], [-3.58076, 41.18929], [-3.580757, 41.189234], [-3.580752, 41.189197], [-3.580745, 41.189178], [-3.580704, 41.189071], [-3.580682, 41.189024], [-3.580647, 41.188958], [-3.580616, 41.188908], [-3.580576, 41.188865], [-3.580537, 41.188825], [-3.580496, 41.188788], [-3.580457, 41.188751], [-3.580426, 41.188722], [-3.580398, 41.188691], [-3.580369, 41.188663], [-3.580346, 41.188632], [-3.58032, 41.18859], [-3.580288, 41.18854], [-3.580265, 41.188488], [-3.58025, 41.188447], [-3.580228, 41.188356], [-3.580196, 41.188201], [-3.580176, 41.188045], [-3.580168, 41.187909], [-3.580163, 41.187765], [-3.580156, 41.187708], [-3.580148, 41.187666], [-3.580116, 41.187565], [-3.580093, 41.187502], [-3.580077, 41.187449], [-3.580061, 41.187405], [-3.580044, 41.187362], [-3.580018, 41.18732], [-3.579997, 41.187289], [-3.579971, 41.187262], [-3.579955, 41.187238], [-3.579934, 41.187205], [-3.579904, 41.187151], [-3.579883, 41.187091], [-3.579872, 41.187047], [-3.579866, 41.186994], [-3.579868, 41.18693], [-3.579878, 41.186866], [-3.579896, 41.186803], [-3.579933, 41.186704], [-3.579986, 41.186573], [-3.580021, 41.186489], [-3.580048, 41.186408], [-3.580091, 41.186292], [-3.580136, 41.186176], [-3.580175, 41.186072], [-3.580215, 41.18599], [-3.580253, 41.185909], [-3.580271, 41.185856], [-3.580293, 41.185794], [-3.580316, 41.18572], [-3.580333, 41.185654], [-3.580343, 41.185585], [-3.580357, 41.185512], [-3.580377, 41.185451], [-3.580393, 41.185407], [-3.580418, 41.185355], [-3.580451, 41.185291], [-3.58048, 41.18524], [-3.580505, 41.18519], [-3.580525, 41.185155], [-3.580535, 41.185137], [-3.580543, 41.185117], [-3.580549, 41.185082], [-3.580556, 41.185056], [-3.580568, 41.185019], [-3.58058, 41.184978], [-3.580593, 41.184941], [-3.58061, 41.184884], [-3.580625, 41.184842], [-3.580646, 41.184776], [-3.580667, 41.184713], [-3.580689, 41.184652], [-3.580711, 41.184588], [-3.580732, 41.184513], [-3.580748, 41.184442], [-3.58077, 41.18434], [-3.58079, 41.184244], [-3.580807, 41.184166], [-3.580823, 41.184106], [-3.580848, 41.184029], [-3.580872, 41.183958], [-3.580903, 41.183893], [-3.580927, 41.183841], [-3.580947, 41.183802], [-3.580974, 41.183766], [-3.580996, 41.183736], [-3.581018, 41.1837], [-3.58103, 41.183676], [-3.581047, 41.183637], [-3.58106, 41.183583], [-3.581073, 41.183509], [-3.581081, 41.183455], [-3.58109, 41.183376], [-3.581107, 41.183292], [-3.581118, 41.183235], [-3.581133, 41.183179], [-3.581147, 41.183136], [-3.581152, 41.183061], [-3.581151, 41.182969], [-3.581143, 41.182921], [-3.581141, 41.182908], [-3.581139, 41.182894], [-3.581159, 41.182893], [-3.581177, 41.182892], [-3.581178, 41.182905], [-3.58118, 41.182918]]]}}, {"type": "Feature", "properties": {"ref": "40223A01609006", "nombre": "Camino Villarejo-Somosierra", "nombre_catastro": "CAMINO VILLAREJO-SOMOSIERRA", "tipo": "camino público", "clase": "camino", "municipio": "Santo Tomé del Puerto", "pueblo": "", "area_m2": 2706, "fuente": "Catastro · parcela de dominio público"}, "geometry": {"type": "Polygon", "coordinates": [[[-3.581174, 41.182872], [-3.581177, 41.182892], [-3.581159, 41.182893], [-3.581139, 41.182894], [-3.581135, 41.182866], [-3.581128, 41.182748], [-3.581116, 41.182601], [-3.581108, 41.182453], [-3.5811, 41.182337], [-3.581086, 41.182109], [-3.581078, 41.181944], [-3.581078, 41.181901], [-3.58108, 41.181875], [-3.581086, 41.181849], [-3.581101, 41.181803], [-3.581112, 41.181771], [-3.581121, 41.18175], [-3.581126, 41.181733], [-3.58113, 41.181699], [-3.581128, 41.181671], [-3.581122, 41.181637], [-3.581113, 41.181613], [-3.581106, 41.181599], [-3.58109, 41.181578], [-3.581078, 41.181564], [-3.581062, 41.181544], [-3.581053, 41.181531], [-3.581041, 41.181507], [-3.58103, 41.181485], [-3.581026, 41.181468], [-3.581016, 41.181419], [-3.581005, 41.181325], [-3.580997, 41.181267], [-3.580986, 41.1812], [-3.580964, 41.181108], [-3.580942, 41.181026], [-3.580926, 41.180974], [-3.580919, 41.180952], [-3.580902, 41.180918], [-3.580884, 41.180886], [-3.580863, 41.180856], [-3.580833, 41.180824], [-3.580804, 41.180796], [-3.580758, 41.180746], [-3.580727, 41.180712], [-3.580706, 41.180686], [-3.580685, 41.18065], [-3.580674, 41.180623], [-3.580669, 41.18057], [-3.580669, 41.180504], [-3.580661, 41.180421], [-3.580656, 41.180354], [-3.58065, 41.180322], [-3.580638, 41.18027], [-3.58061, 41.180198], [-3.580587, 41.180151], [-3.580577, 41.180128], [-3.58057, 41.180103], [-3.580554, 41.18008], [-3.580528, 41.180028], [-3.580515, 41.180002], [-3.580507, 41.179971], [-3.580501, 41.179926], [-3.580497, 41.179875], [-3.580488, 41.179818], [-3.580478, 41.179757], [-3.58047, 41.179712], [-3.580463, 41.179668], [-3.580459, 41.179641], [-3.580461, 41.17962], [-3.580469, 41.17958], [-3.580478, 41.179552], [-3.580493, 41.179515], [-3.580507, 41.179487], [-3.580516, 41.179469], [-3.580525, 41.179429], [-3.58053, 41.179391], [-3.580533, 41.17935], [-3.580534, 41.179319], [-3.580533, 41.179286], [-3.580521, 41.179228], [-3.580497, 41.179151], [-3.580474, 41.17909], [-3.580453, 41.179025], [-3.580428, 41.178965], [-3.580379, 41.178832], [-3.580312, 41.178656], [-3.580266, 41.178518], [-3.580216, 41.178407], [-3.580168, 41.178306], [-3.580166, 41.178303], [-3.58011, 41.17818], [-3.580103, 41.178166], [-3.58005, 41.178052], [-3.58003, 41.178002], [-3.579981, 41.177879], [-3.579962, 41.177828], [-3.579936, 41.177757], [-3.579896, 41.177647], [-3.579886, 41.177622], [-3.579844, 41.177513], [-3.579823, 41.177443], [-3.579802, 41.177371], [-3.5798, 41.177362], [-3.579783, 41.17727], [-3.57978, 41.177252], [-3.579776, 41.177227], [-3.579758, 41.177119], [-3.579752, 41.176994], [-3.579748, 41.176859], [-3.579747, 41.176789], [-3.579743, 41.176586], [-3.579742, 41.176563], [-3.579742, 41.176403], [-3.579743, 41.176364], [-3.579751, 41.176148], [-3.579863, 41.176061], [-3.579957, 41.176123], [-3.580054, 41.17618], [-3.580146, 41.176231], [-3.580264, 41.176291], [-3.580354, 41.176334], [-3.580436, 41.176365], [-3.580485, 41.176377], [-3.580528, 41.176361], [-3.58062, 41.176454], [-3.580716, 41.176552], [-3.580558, 41.1765], [-3.580454, 41.176465], [-3.580401, 41.176433], [-3.580302, 41.176374], [-3.580212, 41.176318], [-3.580144, 41.176277], [-3.58, 41.176187], [-3.579923, 41.176144], [-3.579894, 41.176128], [-3.579876, 41.176121], [-3.579861, 41.176121], [-3.579845, 41.176125], [-3.579828, 41.176136], [-3.579799, 41.176181], [-3.579798, 41.176241], [-3.579796, 41.176453], [-3.579787, 41.176615], [-3.579786, 41.176828], [-3.579793, 41.176999], [-3.579805, 41.177138], [-3.579821, 41.177237], [-3.579842, 41.177322], [-3.57987, 41.177413], [-3.579919, 41.177555], [-3.579955, 41.17766], [-3.579969, 41.177702], [-3.58002, 41.177831], [-3.580119, 41.178082], [-3.580143, 41.178144], [-3.580175, 41.178224], [-3.580216, 41.178324], [-3.580254, 41.17841], [-3.580324, 41.178549], [-3.58036, 41.178659], [-3.580373, 41.178699], [-3.580398, 41.178772], [-3.580459, 41.17896], [-3.580485, 41.179036], [-3.580511, 41.179116], [-3.580531, 41.179192], [-3.580553, 41.179266], [-3.580568, 41.179335], [-3.580568, 41.17938], [-3.580563, 41.179425], [-3.580548, 41.17948], [-3.580532, 41.179531], [-3.580513, 41.179571], [-3.580505, 41.179591], [-3.580501, 41.17962], [-3.580496, 41.179658], [-3.580494, 41.179699], [-3.580496, 41.179743], [-3.580501, 41.179785], [-3.580519, 41.179835], [-3.580537, 41.179893], [-3.580537, 41.179953], [-3.580535, 41.179986], [-3.580537, 41.180005], [-3.580547, 41.180027], [-3.580588, 41.1801], [-3.580617, 41.180147], [-3.580628, 41.180173], [-3.58064, 41.180198], [-3.58065, 41.180233], [-3.580662, 41.180283], [-3.580673, 41.18033], [-3.580685, 41.180406], [-3.580693, 41.180479], [-3.580703, 41.180566], [-3.580708, 41.180599], [-3.580715, 41.18063], [-3.580731, 41.180668], [-3.580745, 41.180697], [-3.58076, 41.180724], [-3.580797, 41.180761], [-3.58083, 41.180792], [-3.58085, 41.180814], [-3.580869, 41.180837], [-3.580888, 41.180858], [-3.580913, 41.180891], [-3.580927, 41.180918], [-3.58094, 41.180945], [-3.580952, 41.180987], [-3.580969, 41.181043], [-3.580984, 41.181101], [-3.580999, 41.181165], [-3.581014, 41.181239], [-3.581024, 41.181316], [-3.581032, 41.18139], [-3.581043, 41.181439], [-3.581055, 41.181482], [-3.581066, 41.181506], [-3.581082, 41.181535], [-3.581118, 41.181581], [-3.581133, 41.18161], [-3.581144, 41.181645], [-3.581147, 41.181678], [-3.581142, 41.181715], [-3.581133, 41.181757], [-3.58112, 41.181793], [-3.58111, 41.181817], [-3.581104, 41.181838], [-3.5811, 41.181858], [-3.581101, 41.181986], [-3.581104, 41.182081], [-3.581111, 41.182196], [-3.58112, 41.182331], [-3.581137, 41.18255], [-3.581153, 41.182749], [-3.58116, 41.182816], [-3.581174, 41.182872]]]}}]}